ISO-10303-21;
HEADER;
/* Generated by software containing ST-Developer
 * from STEP Tools, Inc. (www.steptools.com) 
 */

FILE_DESCRIPTION(
/* description */ (''),
/* implementation_level */ '2;1');

FILE_NAME(
/* name */ 'Forerunner170ChargingStation.step',
/* time_stamp */ '2026-09-20T16:19:36+02:00',
/* author */ (''),
/* organization */ (''),
/* preprocessor_version */ 'ST-DEVELOPER v20.2',
/* originating_system */ 'Autodesk Translation Framework v15.15.0.0',
/* authorisation */ '');

FILE_SCHEMA (('AUTOMOTIVE_DESIGN { 1 0 10303 214 3 1 1 }'));
ENDSEC;

DATA;
#10=MECHANICAL_DESIGN_GEOMETRIC_PRESENTATION_REPRESENTATION('',(#13),#8354);
#11=SHAPE_REPRESENTATION_RELATIONSHIP('SRR','None',#8361,#12);
#12=ADVANCED_BREP_SHAPE_REPRESENTATION('',(#14),#8353);
#13=STYLED_ITEM('',(#8370),#14);
#14=MANIFOLD_SOLID_BREP('Body7',#2593);
#15=CONICAL_SURFACE('',#2734,3.45,0.982793723247328);
#16=CONICAL_SURFACE('',#2735,3.45,0.982793723247329);
#17=TOROIDAL_SURFACE('',#2696,17.4,2.);
#18=TOROIDAL_SURFACE('',#2742,2.,1.);
#19=TOROIDAL_SURFACE('',#2745,8.4,1.);
#20=TOROIDAL_SURFACE('',#2748,2.,1.);
#21=TOROIDAL_SURFACE('',#2762,0.760000000000001,0.24);
#22=TOROIDAL_SURFACE('',#2766,0.760000000000002,0.24);
#23=TOROIDAL_SURFACE('',#2768,9.64,0.24);
#24=TOROIDAL_SURFACE('',#2770,0.760000000000002,0.24);
#25=TOROIDAL_SURFACE('',#2774,0.760000000000001,0.24);
#26=FACE_BOUND('',#489,.T.);
#27=FACE_BOUND('',#530,.T.);
#28=FACE_BOUND('',#532,.T.);
#29=FACE_BOUND('',#533,.T.);
#30=FACE_BOUND('',#534,.T.);
#31=FACE_BOUND('',#535,.T.);
#32=FACE_BOUND('',#536,.T.);
#33=FACE_BOUND('',#537,.T.);
#34=FACE_BOUND('',#538,.T.);
#35=FACE_BOUND('',#562,.T.);
#36=FACE_BOUND('',#568,.T.);
#37=FACE_BOUND('',#575,.T.);
#38=FACE_BOUND('',#579,.T.);
#39=FACE_BOUND('',#580,.T.);
#40=FACE_BOUND('',#581,.T.);
#41=FACE_BOUND('',#583,.T.);
#42=FACE_BOUND('',#584,.T.);
#43=FACE_BOUND('',#585,.T.);
#44=FACE_BOUND('',#621,.T.);
#45=B_SPLINE_SURFACE_WITH_KNOTS('',2,1,((#4051,#4052),(#4053,#4054),(#4055,
#4056)),.UNSPECIFIED.,.F.,.F.,.F.,(3,3),(2,2),(-1.,0.),(0.,0.04),
 .UNSPECIFIED.);
#46=B_SPLINE_SURFACE_WITH_KNOTS('',2,1,((#4270,#4271),(#4272,#4273),(#4274,
#4275)),.UNSPECIFIED.,.F.,.F.,.F.,(3,3),(2,2),(-1.,0.),(0.,0.04),
 .UNSPECIFIED.);
#47=B_SPLINE_SURFACE_WITH_KNOTS('',2,1,((#4394,#4395),(#4396,#4397),(#4398,
#4399)),.UNSPECIFIED.,.F.,.F.,.F.,(3,3),(2,2),(-1.,0.),(0.,0.04),
 .UNSPECIFIED.);
#48=B_SPLINE_SURFACE_WITH_KNOTS('',2,1,((#4528,#4529),(#4530,#4531),(#4532,
#4533)),.UNSPECIFIED.,.F.,.F.,.F.,(3,3),(2,2),(-1.,0.),(0.,0.04),
 .UNSPECIFIED.);
#49=B_SPLINE_SURFACE_WITH_KNOTS('',2,1,((#4678,#4679),(#4680,#4681),(#4682,
#4683)),.UNSPECIFIED.,.F.,.F.,.F.,(3,3),(2,2),(-1.,0.),(0.,0.04),
 .UNSPECIFIED.);
#50=B_SPLINE_SURFACE_WITH_KNOTS('',2,1,((#4874,#4875),(#4876,#4877),(#4878,
#4879)),.UNSPECIFIED.,.F.,.F.,.F.,(3,3),(2,2),(-1.,0.),(0.,0.04),
 .UNSPECIFIED.);
#51=B_SPLINE_SURFACE_WITH_KNOTS('',2,1,((#5089,#5090),(#5091,#5092),(#5093,
#5094)),.UNSPECIFIED.,.F.,.F.,.F.,(3,3),(2,2),(-1.,0.),(0.,0.04),
 .UNSPECIFIED.);
#52=B_SPLINE_SURFACE_WITH_KNOTS('',3,3,((#5676,#5677,#5678,#5679),(#5680,
#5681,#5682,#5683),(#5684,#5685,#5686,#5687),(#5688,#5689,#5690,#5691),
(#5692,#5693,#5694,#5695),(#5696,#5697,#5698,#5699),(#5700,#5701,#5702,
#5703),(#5704,#5705,#5706,#5707),(#5708,#5709,#5710,#5711),(#5712,#5713,
#5714,#5715),(#5716,#5717,#5718,#5719),(#5720,#5721,#5722,#5723),(#5724,
#5725,#5726,#5727),(#5728,#5729,#5730,#5731),(#5732,#5733,#5734,#5735),
(#5736,#5737,#5738,#5739),(#5740,#5741,#5742,#5743),(#5744,#5745,#5746,
#5747),(#5748,#5749,#5750,#5751),(#5752,#5753,#5754,#5755),(#5756,#5757,
#5758,#5759),(#5760,#5761,#5762,#5763),(#5764,#5765,#5766,#5767),(#5768,
#5769,#5770,#5771),(#5772,#5773,#5774,#5775),(#5776,#5777,#5778,#5779),
(#5780,#5781,#5782,#5783),(#5784,#5785,#5786,#5787),(#5788,#5789,#5790,
#5791),(#5792,#5793,#5794,#5795),(#5796,#5797,#5798,#5799),(#5800,#5801,
#5802,#5803),(#5804,#5805,#5806,#5807),(#5808,#5809,#5810,#5811),(#5812,
#5813,#5814,#5815),(#5816,#5817,#5818,#5819),(#5820,#5821,#5822,#5823),
(#5824,#5825,#5826,#5827),(#5828,#5829,#5830,#5831),(#5832,#5833,#5834,
#5835),(#5836,#5837,#5838,#5839),(#5840,#5841,#5842,#5843),(#5844,#5845,
#5846,#5847),(#5848,#5849,#5850,#5851),(#5852,#5853,#5854,#5855),(#5856,
#5857,#5858,#5859),(#5860,#5861,#5862,#5863),(#5864,#5865,#5866,#5867),
(#5868,#5869,#5870,#5871),(#5872,#5873,#5874,#5875),(#5876,#5877,#5878,
#5879),(#5880,#5881,#5882,#5883),(#5884,#5885,#5886,#5887),(#5888,#5889,
#5890,#5891),(#5892,#5893,#5894,#5895),(#5896,#5897,#5898,#5899),(#5900,
#5901,#5902,#5903),(#5904,#5905,#5906,#5907),(#5908,#5909,#5910,#5911),
(#5912,#5913,#5914,#5915),(#5916,#5917,#5918,#5919),(#5920,#5921,#5922,
#5923),(#5924,#5925,#5926,#5927),(#5928,#5929,#5930,#5931),(#5932,#5933,
#5934,#5935),(#5936,#5937,#5938,#5939),(#5940,#5941,#5942,#5943),(#5944,
#5945,#5946,#5947),(#5948,#5949,#5950,#5951),(#5952,#5953,#5954,#5955),
(#5956,#5957,#5958,#5959),(#5960,#5961,#5962,#5963),(#5964,#5965,#5966,
#5967),(#5968,#5969,#5970,#5971),(#5972,#5973,#5974,#5975),(#5976,#5977,
#5978,#5979),(#5980,#5981,#5982,#5983),(#5984,#5985,#5986,#5987),(#5988,
#5989,#5990,#5991),(#5992,#5993,#5994,#5995),(#5996,#5997,#5998,#5999),
(#6000,#6001,#6002,#6003),(#6004,#6005,#6006,#6007),(#6008,#6009,#6010,
#6011),(#6012,#6013,#6014,#6015),(#6016,#6017,#6018,#6019),(#6020,#6021,
#6022,#6023),(#6024,#6025,#6026,#6027),(#6028,#6029,#6030,#6031),(#6032,
#6033,#6034,#6035),(#6036,#6037,#6038,#6039),(#6040,#6041,#6042,#6043),
(#6044,#6045,#6046,#6047),(#6048,#6049,#6050,#6051),(#6052,#6053,#6054,
#6055),(#6056,#6057,#6058,#6059),(#6060,#6061,#6062,#6063),(#6064,#6065,
#6066,#6067),(#6068,#6069,#6070,#6071),(#6072,#6073,#6074,#6075)),
 .UNSPECIFIED.,.T.,.F.,.F.,(4,2,2,2,2,2,2,2,2,2,2,2,2,2,2,2,2,2,2,2,2,2,
2,2,2,2,2,2,2,2,2,2,2,2,2,2,2,2,2,2,2,2,2,2,2,2,2,2,2,4),(4,4),(0.,0.0675239110738445,
0.0843601594360289,0.099508764521891,0.115171803215108,0.303357778036764,
0.490748276166773,0.501426106030848,0.508456406121227,0.515497522518213,
0.526149761285467,0.795594951242746,1.06574920633707,1.0935987167592,1.12538970156036,
1.1955669456914,1.21392126564473,1.22747669340362,1.23944490053595,1.43955610116774,
1.63865638414448,1.83835589000329,1.85028518840128,1.86352485617287,1.87912496254904,
1.9495066294428,1.96522727079923,1.9788564396817,1.9932892353014,2.19069025981183,
2.38741469085268,2.39808247746644,2.40509173305204,2.41213832122072,2.42290043191077,
2.61039479098243,2.79846532060949,2.9865357059248,3.01345990101135,3.04683792795775,
3.09993180156463,3.1164464886571,3.13250890274214,3.1490715214853,3.34374301787394,
3.53723812493981,3.73212644655028,3.74636483949017,3.76293585575713,3.78012805646105),
(-0.04,0.),.UNSPECIFIED.);
#53=B_SPLINE_SURFACE_WITH_KNOTS('',3,3,((#6126,#6127,#6128,#6129),(#6130,
#6131,#6132,#6133),(#6134,#6135,#6136,#6137),(#6138,#6139,#6140,#6141),
(#6142,#6143,#6144,#6145),(#6146,#6147,#6148,#6149),(#6150,#6151,#6152,
#6153),(#6154,#6155,#6156,#6157),(#6158,#6159,#6160,#6161),(#6162,#6163,
#6164,#6165),(#6166,#6167,#6168,#6169),(#6170,#6171,#6172,#6173),(#6174,
#6175,#6176,#6177),(#6178,#6179,#6180,#6181),(#6182,#6183,#6184,#6185),
(#6186,#6187,#6188,#6189),(#6190,#6191,#6192,#6193),(#6194,#6195,#6196,
#6197),(#6198,#6199,#6200,#6201),(#6202,#6203,#6204,#6205),(#6206,#6207,
#6208,#6209),(#6210,#6211,#6212,#6213),(#6214,#6215,#6216,#6217),(#6218,
#6219,#6220,#6221),(#6222,#6223,#6224,#6225),(#6226,#6227,#6228,#6229),
(#6230,#6231,#6232,#6233),(#6234,#6235,#6236,#6237),(#6238,#6239,#6240,
#6241),(#6242,#6243,#6244,#6245),(#6246,#6247,#6248,#6249),(#6250,#6251,
#6252,#6253),(#6254,#6255,#6256,#6257),(#6258,#6259,#6260,#6261),(#6262,
#6263,#6264,#6265),(#6266,#6267,#6268,#6269),(#6270,#6271,#6272,#6273),
(#6274,#6275,#6276,#6277),(#6278,#6279,#6280,#6281),(#6282,#6283,#6284,
#6285),(#6286,#6287,#6288,#6289),(#6290,#6291,#6292,#6293),(#6294,#6295,
#6296,#6297),(#6298,#6299,#6300,#6301),(#6302,#6303,#6304,#6305),(#6306,
#6307,#6308,#6309),(#6310,#6311,#6312,#6313)),.UNSPECIFIED.,.T.,.F.,.F.,
(4,2,2,2,2,2,2,2,2,2,2,2,2,2,2,2,2,2,2,1,1,1,2,2,4),(4,4),(0.,0.0215953303981149,
0.0433126909898857,0.148470764741447,0.253185256667335,0.358297799465025,
0.463410507832799,0.485158895235794,0.507156046632501,0.529237354017704,
0.551160467950568,0.657008551337854,0.762778053279968,0.868341684025534,
0.974226257653481,0.995901388360873,1.01735967998652,1.03904953321039,1.06080468547254,
1.16656028259379,1.27250730443342,1.37845408785879,1.4844013481213,1.50667390299804,
1.52894437336558),(-0.04,0.),.UNSPECIFIED.);
#54=B_SPLINE_SURFACE_WITH_KNOTS('',3,3,((#6371,#6372,#6373,#6374),(#6375,
#6376,#6377,#6378),(#6379,#6380,#6381,#6382),(#6383,#6384,#6385,#6386),
(#6387,#6388,#6389,#6390),(#6391,#6392,#6393,#6394),(#6395,#6396,#6397,
#6398),(#6399,#6400,#6401,#6402),(#6403,#6404,#6405,#6406),(#6407,#6408,
#6409,#6410),(#6411,#6412,#6413,#6414),(#6415,#6416,#6417,#6418),(#6419,
#6420,#6421,#6422),(#6423,#6424,#6425,#6426),(#6427,#6428,#6429,#6430),
(#6431,#6432,#6433,#6434),(#6435,#6436,#6437,#6438),(#6439,#6440,#6441,
#6442),(#6443,#6444,#6445,#6446),(#6447,#6448,#6449,#6450),(#6451,#6452,
#6453,#6454),(#6455,#6456,#6457,#6458),(#6459,#6460,#6461,#6462),(#6463,
#6464,#6465,#6466),(#6467,#6468,#6469,#6470),(#6471,#6472,#6473,#6474),
(#6475,#6476,#6477,#6478),(#6479,#6480,#6481,#6482),(#6483,#6484,#6485,
#6486),(#6487,#6488,#6489,#6490),(#6491,#6492,#6493,#6494),(#6495,#6496,
#6497,#6498),(#6499,#6500,#6501,#6502),(#6503,#6504,#6505,#6506),(#6507,
#6508,#6509,#6510),(#6511,#6512,#6513,#6514),(#6515,#6516,#6517,#6518),
(#6519,#6520,#6521,#6522),(#6523,#6524,#6525,#6526),(#6527,#6528,#6529,
#6530),(#6531,#6532,#6533,#6534),(#6535,#6536,#6537,#6538),(#6539,#6540,
#6541,#6542),(#6543,#6544,#6545,#6546),(#6547,#6548,#6549,#6550),(#6551,
#6552,#6553,#6554),(#6555,#6556,#6557,#6558),(#6559,#6560,#6561,#6562),
(#6563,#6564,#6565,#6566),(#6567,#6568,#6569,#6570),(#6571,#6572,#6573,
#6574),(#6575,#6576,#6577,#6578),(#6579,#6580,#6581,#6582),(#6583,#6584,
#6585,#6586)),.UNSPECIFIED.,.T.,.F.,.F.,(4,2,2,2,2,2,2,2,2,2,2,2,2,2,2,
2,2,2,2,2,2,2,2,2,2,2,4),(4,4),(0.,0.0163743737440729,0.0321772650560065,
0.0511215826251737,0.148810129901412,0.246498558422221,0.344171953739493,
0.441616189961005,0.539258502541202,0.636900819859178,0.651777351071436,
0.66652421149466,0.682837215979446,0.760033889381057,0.776349347719243,
0.791399129017037,0.807172983480216,0.904749632661041,1.00232639968409,
1.09972961095533,1.19735221820667,1.2949747071716,1.39259725551425,1.40903206802326,
1.4242543892979,1.44001639493341,1.51995877059329),(-0.04,0.),
 .UNSPECIFIED.);
#55=B_SPLINE_SURFACE_WITH_KNOTS('',3,3,((#6720,#6721,#6722,#6723),(#6724,
#6725,#6726,#6727),(#6728,#6729,#6730,#6731),(#6732,#6733,#6734,#6735),
(#6736,#6737,#6738,#6739),(#6740,#6741,#6742,#6743),(#6744,#6745,#6746,
#6747),(#6748,#6749,#6750,#6751),(#6752,#6753,#6754,#6755),(#6756,#6757,
#6758,#6759),(#6760,#6761,#6762,#6763),(#6764,#6765,#6766,#6767),(#6768,
#6769,#6770,#6771),(#6772,#6773,#6774,#6775),(#6776,#6777,#6778,#6779),
(#6780,#6781,#6782,#6783),(#6784,#6785,#6786,#6787),(#6788,#6789,#6790,
#6791),(#6792,#6793,#6794,#6795),(#6796,#6797,#6798,#6799),(#6800,#6801,
#6802,#6803),(#6804,#6805,#6806,#6807),(#6808,#6809,#6810,#6811),(#6812,
#6813,#6814,#6815),(#6816,#6817,#6818,#6819),(#6820,#6821,#6822,#6823),
(#6824,#6825,#6826,#6827),(#6828,#6829,#6830,#6831),(#6832,#6833,#6834,
#6835),(#6836,#6837,#6838,#6839),(#6840,#6841,#6842,#6843),(#6844,#6845,
#6846,#6847),(#6848,#6849,#6850,#6851),(#6852,#6853,#6854,#6855),(#6856,
#6857,#6858,#6859),(#6860,#6861,#6862,#6863),(#6864,#6865,#6866,#6867),
(#6868,#6869,#6870,#6871),(#6872,#6873,#6874,#6875),(#6876,#6877,#6878,
#6879),(#6880,#6881,#6882,#6883),(#6884,#6885,#6886,#6887),(#6888,#6889,
#6890,#6891),(#6892,#6893,#6894,#6895),(#6896,#6897,#6898,#6899),(#6900,
#6901,#6902,#6903),(#6904,#6905,#6906,#6907),(#6908,#6909,#6910,#6911),
(#6912,#6913,#6914,#6915),(#6916,#6917,#6918,#6919),(#6920,#6921,#6922,
#6923),(#6924,#6925,#6926,#6927),(#6928,#6929,#6930,#6931),(#6932,#6933,
#6934,#6935),(#6936,#6937,#6938,#6939),(#6940,#6941,#6942,#6943),(#6944,
#6945,#6946,#6947),(#6948,#6949,#6950,#6951),(#6952,#6953,#6954,#6955),
(#6956,#6957,#6958,#6959),(#6960,#6961,#6962,#6963),(#6964,#6965,#6966,
#6967),(#6968,#6969,#6970,#6971),(#6972,#6973,#6974,#6975),(#6976,#6977,
#6978,#6979),(#6980,#6981,#6982,#6983),(#6984,#6985,#6986,#6987),(#6988,
#6989,#6990,#6991),(#6992,#6993,#6994,#6995),(#6996,#6997,#6998,#6999),
(#7000,#7001,#7002,#7003),(#7004,#7005,#7006,#7007),(#7008,#7009,#7010,
#7011),(#7012,#7013,#7014,#7015),(#7016,#7017,#7018,#7019),(#7020,#7021,
#7022,#7023),(#7024,#7025,#7026,#7027),(#7028,#7029,#7030,#7031),(#7032,
#7033,#7034,#7035),(#7036,#7037,#7038,#7039),(#7040,#7041,#7042,#7043),
(#7044,#7045,#7046,#7047),(#7048,#7049,#7050,#7051),(#7052,#7053,#7054,
#7055),(#7056,#7057,#7058,#7059),(#7060,#7061,#7062,#7063),(#7064,#7065,
#7066,#7067),(#7068,#7069,#7070,#7071),(#7072,#7073,#7074,#7075),(#7076,
#7077,#7078,#7079),(#7080,#7081,#7082,#7083),(#7084,#7085,#7086,#7087),
(#7088,#7089,#7090,#7091),(#7092,#7093,#7094,#7095),(#7096,#7097,#7098,
#7099),(#7100,#7101,#7102,#7103),(#7104,#7105,#7106,#7107),(#7108,#7109,
#7110,#7111),(#7112,#7113,#7114,#7115),(#7116,#7117,#7118,#7119),(#7120,
#7121,#7122,#7123),(#7124,#7125,#7126,#7127),(#7128,#7129,#7130,#7131),
(#7132,#7133,#7134,#7135),(#7136,#7137,#7138,#7139),(#7140,#7141,#7142,
#7143),(#7144,#7145,#7146,#7147),(#7148,#7149,#7150,#7151),(#7152,#7153,
#7154,#7155),(#7156,#7157,#7158,#7159),(#7160,#7161,#7162,#7163),(#7164,
#7165,#7166,#7167),(#7168,#7169,#7170,#7171),(#7172,#7173,#7174,#7175),
(#7176,#7177,#7178,#7179),(#7180,#7181,#7182,#7183),(#7184,#7185,#7186,
#7187),(#7188,#7189,#7190,#7191),(#7192,#7193,#7194,#7195),(#7196,#7197,
#7198,#7199),(#7200,#7201,#7202,#7203),(#7204,#7205,#7206,#7207),(#7208,
#7209,#7210,#7211),(#7212,#7213,#7214,#7215),(#7216,#7217,#7218,#7219),
(#7220,#7221,#7222,#7223),(#7224,#7225,#7226,#7227),(#7228,#7229,#7230,
#7231),(#7232,#7233,#7234,#7235),(#7236,#7237,#7238,#7239)),
 .UNSPECIFIED.,.T.,.F.,.F.,(4,2,2,2,2,2,2,2,2,2,2,2,2,2,2,2,2,2,2,2,2,2,
2,2,2,2,2,2,2,2,2,2,2,2,2,2,2,2,2,2,2,2,2,2,2,2,2,2,2,2,2,2,2,2,2,2,2,2,
2,2,2,2,2,2,4),(4,4),(0.,0.19342933142078,0.386422456073339,0.397658479489989,
0.406403184312835,0.415182416024176,0.426328944461587,0.617477510443487,
0.808945471794287,0.835671423411083,0.865260780829076,0.964806176548041,
0.981373723014977,0.997506992129233,1.01408273883639,1.20905656872168,1.40331244337103,
1.59827000037316,1.61408919013536,1.62896848992162,1.64657693304245,1.70841923132919,
1.72437065456859,1.73874098105567,1.75387028568754,1.78813364588038,1.86767484757205,
1.96952426947458,2.070370478011,2.14793742260176,2.17889794686078,2.20919433265226,
2.29970478373722,2.4500871178432,2.66104059555159,2.67292667434517,2.68364819572817,
2.69436977202551,2.70625577802866,2.91730687153917,3.06777850647312,3.15833082351511,
3.18857815480369,3.21914777545594,3.2958252490491,3.39572317420441,3.49701542609262,
3.57676051604235,3.61245117518589,3.62780287614091,3.64239138860048,3.65850921861307,
3.7293980767855,3.74565771607437,3.76092102289095,3.77988271293691,3.97395649880921,
4.16730804844315,4.36148612071751,4.37805669651427,4.39415988672131,4.41069559024663,
4.5057939589226,4.53646456670524,4.56317348101755),(-0.04,0.),
 .UNSPECIFIED.);
#56=B_SPLINE_SURFACE_WITH_KNOTS('',3,3,((#7343,#7344,#7345,#7346),(#7347,
#7348,#7349,#7350),(#7351,#7352,#7353,#7354),(#7355,#7356,#7357,#7358),
(#7359,#7360,#7361,#7362),(#7363,#7364,#7365,#7366),(#7367,#7368,#7369,
#7370),(#7371,#7372,#7373,#7374),(#7375,#7376,#7377,#7378),(#7379,#7380,
#7381,#7382),(#7383,#7384,#7385,#7386),(#7387,#7388,#7389,#7390),(#7391,
#7392,#7393,#7394),(#7395,#7396,#7397,#7398),(#7399,#7400,#7401,#7402),
(#7403,#7404,#7405,#7406),(#7407,#7408,#7409,#7410),(#7411,#7412,#7413,
#7414),(#7415,#7416,#7417,#7418),(#7419,#7420,#7421,#7422),(#7423,#7424,
#7425,#7426),(#7427,#7428,#7429,#7430),(#7431,#7432,#7433,#7434),(#7435,
#7436,#7437,#7438),(#7439,#7440,#7441,#7442),(#7443,#7444,#7445,#7446),
(#7447,#7448,#7449,#7450),(#7451,#7452,#7453,#7454),(#7455,#7456,#7457,
#7458),(#7459,#7460,#7461,#7462),(#7463,#7464,#7465,#7466),(#7467,#7468,
#7469,#7470),(#7471,#7472,#7473,#7474),(#7475,#7476,#7477,#7478),(#7479,
#7480,#7481,#7482),(#7483,#7484,#7485,#7486),(#7487,#7488,#7489,#7490),
(#7491,#7492,#7493,#7494),(#7495,#7496,#7497,#7498),(#7499,#7500,#7501,
#7502),(#7503,#7504,#7505,#7506),(#7507,#7508,#7509,#7510),(#7511,#7512,
#7513,#7514),(#7515,#7516,#7517,#7518),(#7519,#7520,#7521,#7522),(#7523,
#7524,#7525,#7526),(#7527,#7528,#7529,#7530),(#7531,#7532,#7533,#7534),
(#7535,#7536,#7537,#7538),(#7539,#7540,#7541,#7542),(#7543,#7544,#7545,
#7546),(#7547,#7548,#7549,#7550),(#7551,#7552,#7553,#7554),(#7555,#7556,
#7557,#7558),(#7559,#7560,#7561,#7562),(#7563,#7564,#7565,#7566),(#7567,
#7568,#7569,#7570),(#7571,#7572,#7573,#7574),(#7575,#7576,#7577,#7578),
(#7579,#7580,#7581,#7582),(#7583,#7584,#7585,#7586),(#7587,#7588,#7589,
#7590),(#7591,#7592,#7593,#7594),(#7595,#7596,#7597,#7598),(#7599,#7600,
#7601,#7602),(#7603,#7604,#7605,#7606),(#7607,#7608,#7609,#7610),(#7611,
#7612,#7613,#7614),(#7615,#7616,#7617,#7618),(#7619,#7620,#7621,#7622),
(#7623,#7624,#7625,#7626),(#7627,#7628,#7629,#7630),(#7631,#7632,#7633,
#7634),(#7635,#7636,#7637,#7638),(#7639,#7640,#7641,#7642),(#7643,#7644,
#7645,#7646),(#7647,#7648,#7649,#7650),(#7651,#7652,#7653,#7654),(#7655,
#7656,#7657,#7658),(#7659,#7660,#7661,#7662),(#7663,#7664,#7665,#7666),
(#7667,#7668,#7669,#7670),(#7671,#7672,#7673,#7674),(#7675,#7676,#7677,
#7678),(#7679,#7680,#7681,#7682),(#7683,#7684,#7685,#7686),(#7687,#7688,
#7689,#7690),(#7691,#7692,#7693,#7694),(#7695,#7696,#7697,#7698),(#7699,
#7700,#7701,#7702),(#7703,#7704,#7705,#7706),(#7707,#7708,#7709,#7710),
(#7711,#7712,#7713,#7714),(#7715,#7716,#7717,#7718),(#7719,#7720,#7721,
#7722),(#7723,#7724,#7725,#7726),(#7727,#7728,#7729,#7730),(#7731,#7732,
#7733,#7734),(#7735,#7736,#7737,#7738),(#7739,#7740,#7741,#7742)),
 .UNSPECIFIED.,.T.,.F.,.F.,(4,2,2,2,2,2,2,2,2,2,2,2,2,2,2,2,2,2,2,2,2,2,
2,2,2,2,2,2,2,2,2,2,2,2,2,2,2,2,2,2,2,2,2,2,2,2,2,2,2,4),(4,4),(0.,0.143909037030498,
0.287818074060995,0.446919221312283,0.606020368563571,0.765121515814859,
0.924222663066146,1.00337290832549,1.08252315358483,1.16167339884417,1.20124852147384,
1.24082364410352,1.30165452725753,1.33206996883454,1.36248541041155,1.46901262084614,
1.57553983128072,1.7885942521499,2.01334966274197,2.23810507333404,2.41278723350155,
2.58746939366906,2.88929823443283,3.04021265481471,3.11566986500565,3.15339847010112,
3.19112707519659,3.25974121547726,3.32835535575793,3.3969694960386,3.43127656617893,
3.46558363631927,3.53743525083436,3.60928686534945,3.68113847986454,3.75299009437963,
3.76981444251533,3.78663879065102,3.82028748692241,3.83711183505811,3.8539361831938,
3.8707605313295,3.88758487946519,3.95488227200797,4.02217966455075,4.04019361796975,
4.05820757138875,4.07622152480774,4.09423547822674,4.16629129190272),(-0.0400000000000006,
0.),.UNSPECIFIED.);
#57=B_SPLINE_SURFACE_WITH_KNOTS('',3,3,((#7867,#7868,#7869,#7870,#7871,
#7872,#7873,#7874,#7875,#7876,#7877,#7878,#7879,#7880,#7881),(#7882,#7883,
#7884,#7885,#7886,#7887,#7888,#7889,#7890,#7891,#7892,#7893,#7894,#7895,
#7896),(#7897,#7898,#7899,#7900,#7901,#7902,#7903,#7904,#7905,#7906,#7907,
#7908,#7909,#7910,#7911),(#7912,#7913,#7914,#7915,#7916,#7917,#7918,#7919,
#7920,#7921,#7922,#7923,#7924,#7925,#7926),(#7927,#7928,#7929,#7930,#7931,
#7932,#7933,#7934,#7935,#7936,#7937,#7938,#7939,#7940,#7941),(#7942,#7943,
#7944,#7945,#7946,#7947,#7948,#7949,#7950,#7951,#7952,#7953,#7954,#7955,
#7956),(#7957,#7958,#7959,#7960,#7961,#7962,#7963,#7964,#7965,#7966,#7967,
#7968,#7969,#7970,#7971)),.UNSPECIFIED.,.F.,.F.,.F.,(4,1,1,1,4),(4,1,1,
1,1,1,1,1,1,1,1,1,4),(0.,0.285714285714286,0.571428571428571,0.785714285714286,
1.),(0.0220490570202142,0.201012224429707,0.379975391839199,0.469456975543945,
0.514197767396319,0.558938559248692,0.648420142953438,0.737901726658184,
0.782642518510557,0.82738331036293,0.916864894067677,1.09582806147717,1.27479122888666),
 .UNSPECIFIED.);
#58=B_SPLINE_SURFACE_WITH_KNOTS('',3,3,((#8281,#8282,#8283,#8284,#8285,
#8286),(#8287,#8288,#8289,#8290,#8291,#8292),(#8293,#8294,#8295,#8296,#8297,
#8298),(#8299,#8300,#8301,#8302,#8303,#8304),(#8305,#8306,#8307,#8308,#8309,
#8310)),.UNSPECIFIED.,.F.,.F.,.F.,(4,1,4),(4,2,4),(0.,0.5,1.),(-0.0694863543183239,
0.,0.000444971388484327),.UNSPECIFIED.);
#59=B_SPLINE_SURFACE_WITH_KNOTS('',3,3,((#8312,#8313,#8314,#8315,#8316,
#8317),(#8318,#8319,#8320,#8321,#8322,#8323),(#8324,#8325,#8326,#8327,#8328,
#8329),(#8330,#8331,#8332,#8333,#8334,#8335)),.UNSPECIFIED.,.F.,.F.,.F.,
(4,4),(4,2,4),(0.,1.),(-0.274064280905595,-0.273907970323223,-0.204385169133202),
 .UNSPECIFIED.);
#60=(
BOUNDED_CURVE()
B_SPLINE_CURVE(3,(#3443,#3444,#3445,#3446),.UNSPECIFIED.,.F.,.F.)
B_SPLINE_CURVE_WITH_KNOTS((4,4),(-1.,0.),.UNSPECIFIED.)
CURVE()
GEOMETRIC_REPRESENTATION_ITEM()
RATIONAL_B_SPLINE_CURVE((1.,1.,1.,1.))
REPRESENTATION_ITEM('')
);
#61=(
BOUNDED_CURVE()
B_SPLINE_CURVE(3,(#3495,#3496,#3497,#3498),.UNSPECIFIED.,.F.,.F.)
B_SPLINE_CURVE_WITH_KNOTS((4,4),(-1.,0.),.UNSPECIFIED.)
CURVE()
GEOMETRIC_REPRESENTATION_ITEM()
RATIONAL_B_SPLINE_CURVE((1.,1.,1.,1.))
REPRESENTATION_ITEM('')
);
#62=(
BOUNDED_CURVE()
B_SPLINE_CURVE(3,(#3529,#3530,#3531,#3532),.UNSPECIFIED.,.F.,.F.)
B_SPLINE_CURVE_WITH_KNOTS((4,4),(-1.,0.),.UNSPECIFIED.)
CURVE()
GEOMETRIC_REPRESENTATION_ITEM()
RATIONAL_B_SPLINE_CURVE((1.,1.,1.,1.))
REPRESENTATION_ITEM('')
);
#63=(
BOUNDED_CURVE()
B_SPLINE_CURVE(3,(#3569,#3570,#3571,#3572),.UNSPECIFIED.,.F.,.F.)
B_SPLINE_CURVE_WITH_KNOTS((4,4),(-1.,0.),.UNSPECIFIED.)
CURVE()
GEOMETRIC_REPRESENTATION_ITEM()
RATIONAL_B_SPLINE_CURVE((1.,1.,1.,1.))
REPRESENTATION_ITEM('')
);
#64=(
BOUNDED_CURVE()
B_SPLINE_CURVE(3,(#3633,#3634,#3635,#3636),.UNSPECIFIED.,.F.,.F.)
B_SPLINE_CURVE_WITH_KNOTS((4,4),(-1.,0.),.UNSPECIFIED.)
CURVE()
GEOMETRIC_REPRESENTATION_ITEM()
RATIONAL_B_SPLINE_CURVE((1.,1.,1.,1.))
REPRESENTATION_ITEM('')
);
#65=(
BOUNDED_CURVE()
B_SPLINE_CURVE(3,(#3685,#3686,#3687,#3688),.UNSPECIFIED.,.F.,.F.)
B_SPLINE_CURVE_WITH_KNOTS((4,4),(-1.,0.),.UNSPECIFIED.)
CURVE()
GEOMETRIC_REPRESENTATION_ITEM()
RATIONAL_B_SPLINE_CURVE((1.,1.,1.,1.))
REPRESENTATION_ITEM('')
);
#66=(
BOUNDED_CURVE()
B_SPLINE_CURVE(3,(#3722,#3723,#3724,#3725),.UNSPECIFIED.,.F.,.F.)
B_SPLINE_CURVE_WITH_KNOTS((4,4),(-1.,0.),.UNSPECIFIED.)
CURVE()
GEOMETRIC_REPRESENTATION_ITEM()
RATIONAL_B_SPLINE_CURVE((1.,1.,1.,1.))
REPRESENTATION_ITEM('')
);
#67=(
BOUNDED_CURVE()
B_SPLINE_CURVE(3,(#3783,#3784,#3785,#3786),.UNSPECIFIED.,.F.,.F.)
B_SPLINE_CURVE_WITH_KNOTS((4,4),(-1.,0.),.UNSPECIFIED.)
CURVE()
GEOMETRIC_REPRESENTATION_ITEM()
RATIONAL_B_SPLINE_CURVE((1.,1.,1.,1.))
REPRESENTATION_ITEM('')
);
#68=(
BOUNDED_CURVE()
B_SPLINE_CURVE(3,(#3839,#3840,#3841,#3842),.UNSPECIFIED.,.F.,.F.)
B_SPLINE_CURVE_WITH_KNOTS((4,4),(-1.,0.),.UNSPECIFIED.)
CURVE()
GEOMETRIC_REPRESENTATION_ITEM()
RATIONAL_B_SPLINE_CURVE((1.,1.,1.,1.))
REPRESENTATION_ITEM('')
);
#69=(
BOUNDED_CURVE()
B_SPLINE_CURVE(3,(#3885,#3886,#3887,#3888),.UNSPECIFIED.,.F.,.F.)
B_SPLINE_CURVE_WITH_KNOTS((4,4),(-1.,0.),.UNSPECIFIED.)
CURVE()
GEOMETRIC_REPRESENTATION_ITEM()
RATIONAL_B_SPLINE_CURVE((1.,1.,1.,1.))
REPRESENTATION_ITEM('')
);
#70=(
BOUNDED_CURVE()
B_SPLINE_CURVE(3,(#3933,#3934,#3935,#3936),.UNSPECIFIED.,.F.,.F.)
B_SPLINE_CURVE_WITH_KNOTS((4,4),(-1.,0.),.UNSPECIFIED.)
CURVE()
GEOMETRIC_REPRESENTATION_ITEM()
RATIONAL_B_SPLINE_CURVE((1.,1.,1.,1.))
REPRESENTATION_ITEM('')
);
#71=(
BOUNDED_CURVE()
B_SPLINE_CURVE(3,(#3986,#3987,#3988,#3989),.UNSPECIFIED.,.F.,.F.)
B_SPLINE_CURVE_WITH_KNOTS((4,4),(-1.,0.),.UNSPECIFIED.)
CURVE()
GEOMETRIC_REPRESENTATION_ITEM()
RATIONAL_B_SPLINE_CURVE((1.,1.,1.,1.))
REPRESENTATION_ITEM('')
);
#72=(
BOUNDED_CURVE()
B_SPLINE_CURVE(3,(#4047,#4048,#4049,#4050),.UNSPECIFIED.,.F.,.F.)
B_SPLINE_CURVE_WITH_KNOTS((4,4),(-1.,0.),.UNSPECIFIED.)
CURVE()
GEOMETRIC_REPRESENTATION_ITEM()
RATIONAL_B_SPLINE_CURVE((1.,1.,1.,1.))
REPRESENTATION_ITEM('')
);
#73=(
BOUNDED_CURVE()
B_SPLINE_CURVE(3,(#4161,#4162,#4163,#4164),.UNSPECIFIED.,.F.,.F.)
B_SPLINE_CURVE_WITH_KNOTS((4,4),(-1.,0.),.UNSPECIFIED.)
CURVE()
GEOMETRIC_REPRESENTATION_ITEM()
RATIONAL_B_SPLINE_CURVE((1.,1.,1.,1.))
REPRESENTATION_ITEM('')
);
#74=(
BOUNDED_CURVE()
B_SPLINE_CURVE(3,(#4210,#4211,#4212,#4213),.UNSPECIFIED.,.F.,.F.)
B_SPLINE_CURVE_WITH_KNOTS((4,4),(-1.,0.),.UNSPECIFIED.)
CURVE()
GEOMETRIC_REPRESENTATION_ITEM()
RATIONAL_B_SPLINE_CURVE((1.,1.,1.,1.))
REPRESENTATION_ITEM('')
);
#75=(
BOUNDED_CURVE()
B_SPLINE_CURVE(3,(#4265,#4266,#4267,#4268),.UNSPECIFIED.,.F.,.F.)
B_SPLINE_CURVE_WITH_KNOTS((4,4),(-1.,0.),.UNSPECIFIED.)
CURVE()
GEOMETRIC_REPRESENTATION_ITEM()
RATIONAL_B_SPLINE_CURVE((1.,1.,1.,1.))
REPRESENTATION_ITEM('')
);
#76=(
BOUNDED_CURVE()
B_SPLINE_CURVE(3,(#4324,#4325,#4326,#4327),.UNSPECIFIED.,.F.,.F.)
B_SPLINE_CURVE_WITH_KNOTS((4,4),(-1.,0.),.UNSPECIFIED.)
CURVE()
GEOMETRIC_REPRESENTATION_ITEM()
RATIONAL_B_SPLINE_CURVE((1.,1.,1.,1.))
REPRESENTATION_ITEM('')
);
#77=(
BOUNDED_CURVE()
B_SPLINE_CURVE(3,(#4361,#4362,#4363,#4364),.UNSPECIFIED.,.F.,.F.)
B_SPLINE_CURVE_WITH_KNOTS((4,4),(-1.,0.),.UNSPECIFIED.)
CURVE()
GEOMETRIC_REPRESENTATION_ITEM()
RATIONAL_B_SPLINE_CURVE((1.,1.,1.,1.))
REPRESENTATION_ITEM('')
);
#78=(
BOUNDED_CURVE()
B_SPLINE_CURVE(3,(#4389,#4390,#4391,#4392),.UNSPECIFIED.,.F.,.F.)
B_SPLINE_CURVE_WITH_KNOTS((4,4),(-1.,0.),.UNSPECIFIED.)
CURVE()
GEOMETRIC_REPRESENTATION_ITEM()
RATIONAL_B_SPLINE_CURVE((1.,1.,1.,1.))
REPRESENTATION_ITEM('')
);
#79=(
BOUNDED_CURVE()
B_SPLINE_CURVE(3,(#4445,#4446,#4447,#4448),.UNSPECIFIED.,.F.,.F.)
B_SPLINE_CURVE_WITH_KNOTS((4,4),(-1.,0.),.UNSPECIFIED.)
CURVE()
GEOMETRIC_REPRESENTATION_ITEM()
RATIONAL_B_SPLINE_CURVE((1.,1.,1.,1.))
REPRESENTATION_ITEM('')
);
#80=(
BOUNDED_CURVE()
B_SPLINE_CURVE(3,(#4474,#4475,#4476,#4477),.UNSPECIFIED.,.F.,.F.)
B_SPLINE_CURVE_WITH_KNOTS((4,4),(-1.,0.),.UNSPECIFIED.)
CURVE()
GEOMETRIC_REPRESENTATION_ITEM()
RATIONAL_B_SPLINE_CURVE((1.,1.,1.,1.))
REPRESENTATION_ITEM('')
);
#81=(
BOUNDED_CURVE()
B_SPLINE_CURVE(3,(#4523,#4524,#4525,#4526),.UNSPECIFIED.,.F.,.F.)
B_SPLINE_CURVE_WITH_KNOTS((4,4),(-1.,0.),.UNSPECIFIED.)
CURVE()
GEOMETRIC_REPRESENTATION_ITEM()
RATIONAL_B_SPLINE_CURVE((1.,1.,1.,1.))
REPRESENTATION_ITEM('')
);
#82=(
BOUNDED_CURVE()
B_SPLINE_CURVE(3,(#4599,#4600,#4601,#4602),.UNSPECIFIED.,.F.,.F.)
B_SPLINE_CURVE_WITH_KNOTS((4,4),(-1.,0.),.UNSPECIFIED.)
CURVE()
GEOMETRIC_REPRESENTATION_ITEM()
RATIONAL_B_SPLINE_CURVE((1.,1.,1.,1.))
REPRESENTATION_ITEM('')
);
#83=(
BOUNDED_CURVE()
B_SPLINE_CURVE(3,(#4627,#4628,#4629,#4630),.UNSPECIFIED.,.F.,.F.)
B_SPLINE_CURVE_WITH_KNOTS((4,4),(-1.,0.),.UNSPECIFIED.)
CURVE()
GEOMETRIC_REPRESENTATION_ITEM()
RATIONAL_B_SPLINE_CURVE((1.,1.,1.,1.))
REPRESENTATION_ITEM('')
);
#84=(
BOUNDED_CURVE()
B_SPLINE_CURVE(3,(#4674,#4675,#4676,#4677),.UNSPECIFIED.,.F.,.F.)
B_SPLINE_CURVE_WITH_KNOTS((4,4),(-1.,0.),.UNSPECIFIED.)
CURVE()
GEOMETRIC_REPRESENTATION_ITEM()
RATIONAL_B_SPLINE_CURVE((1.,1.,1.,1.))
REPRESENTATION_ITEM('')
);
#85=(
BOUNDED_CURVE()
B_SPLINE_CURVE(3,(#4721,#4722,#4723,#4724),.UNSPECIFIED.,.F.,.F.)
B_SPLINE_CURVE_WITH_KNOTS((4,4),(-1.,0.),.UNSPECIFIED.)
CURVE()
GEOMETRIC_REPRESENTATION_ITEM()
RATIONAL_B_SPLINE_CURVE((1.,1.,1.,1.))
REPRESENTATION_ITEM('')
);
#86=(
BOUNDED_CURVE()
B_SPLINE_CURVE(3,(#4749,#4750,#4751,#4752),.UNSPECIFIED.,.F.,.F.)
B_SPLINE_CURVE_WITH_KNOTS((4,4),(-1.,0.),.UNSPECIFIED.)
CURVE()
GEOMETRIC_REPRESENTATION_ITEM()
RATIONAL_B_SPLINE_CURVE((1.,1.,1.,1.))
REPRESENTATION_ITEM('')
);
#87=(
BOUNDED_CURVE()
B_SPLINE_CURVE(3,(#4777,#4778,#4779,#4780),.UNSPECIFIED.,.F.,.F.)
B_SPLINE_CURVE_WITH_KNOTS((4,4),(-1.,0.),.UNSPECIFIED.)
CURVE()
GEOMETRIC_REPRESENTATION_ITEM()
RATIONAL_B_SPLINE_CURVE((1.,1.,1.,1.))
REPRESENTATION_ITEM('')
);
#88=(
BOUNDED_CURVE()
B_SPLINE_CURVE(3,(#4802,#4803,#4804,#4805),.UNSPECIFIED.,.F.,.F.)
B_SPLINE_CURVE_WITH_KNOTS((4,4),(-1.,0.),.UNSPECIFIED.)
CURVE()
GEOMETRIC_REPRESENTATION_ITEM()
RATIONAL_B_SPLINE_CURVE((1.,1.,1.,1.))
REPRESENTATION_ITEM('')
);
#89=(
BOUNDED_CURVE()
B_SPLINE_CURVE(3,(#4827,#4828,#4829,#4830),.UNSPECIFIED.,.F.,.F.)
B_SPLINE_CURVE_WITH_KNOTS((4,4),(-1.,0.),.UNSPECIFIED.)
CURVE()
GEOMETRIC_REPRESENTATION_ITEM()
RATIONAL_B_SPLINE_CURVE((1.,1.,1.,1.))
REPRESENTATION_ITEM('')
);
#90=(
BOUNDED_CURVE()
B_SPLINE_CURVE(3,(#4869,#4870,#4871,#4872),.UNSPECIFIED.,.F.,.F.)
B_SPLINE_CURVE_WITH_KNOTS((4,4),(-1.,0.),.UNSPECIFIED.)
CURVE()
GEOMETRIC_REPRESENTATION_ITEM()
RATIONAL_B_SPLINE_CURVE((1.,1.,1.,1.))
REPRESENTATION_ITEM('')
);
#91=(
BOUNDED_CURVE()
B_SPLINE_CURVE(3,(#4938,#4939,#4940,#4941),.UNSPECIFIED.,.F.,.F.)
B_SPLINE_CURVE_WITH_KNOTS((4,4),(-1.,0.),.UNSPECIFIED.)
CURVE()
GEOMETRIC_REPRESENTATION_ITEM()
RATIONAL_B_SPLINE_CURVE((1.,1.,1.,1.))
REPRESENTATION_ITEM('')
);
#92=(
BOUNDED_CURVE()
B_SPLINE_CURVE(3,(#4984,#4985,#4986,#4987),.UNSPECIFIED.,.F.,.F.)
B_SPLINE_CURVE_WITH_KNOTS((4,4),(-1.,0.),.UNSPECIFIED.)
CURVE()
GEOMETRIC_REPRESENTATION_ITEM()
RATIONAL_B_SPLINE_CURVE((1.,1.,1.,1.))
REPRESENTATION_ITEM('')
);
#93=(
BOUNDED_CURVE()
B_SPLINE_CURVE(3,(#5027,#5028,#5029,#5030),.UNSPECIFIED.,.F.,.F.)
B_SPLINE_CURVE_WITH_KNOTS((4,4),(-1.,0.),.UNSPECIFIED.)
CURVE()
GEOMETRIC_REPRESENTATION_ITEM()
RATIONAL_B_SPLINE_CURVE((1.,1.,1.,1.))
REPRESENTATION_ITEM('')
);
#94=(
BOUNDED_CURVE()
B_SPLINE_CURVE(3,(#5085,#5086,#5087,#5088),.UNSPECIFIED.,.F.,.F.)
B_SPLINE_CURVE_WITH_KNOTS((4,4),(-1.,0.),.UNSPECIFIED.)
CURVE()
GEOMETRIC_REPRESENTATION_ITEM()
RATIONAL_B_SPLINE_CURVE((1.,1.,1.,1.))
REPRESENTATION_ITEM('')
);
#95=(
BOUNDED_CURVE()
B_SPLINE_CURVE(2,(#8209,#8210,#8211),.UNSPECIFIED.,.F.,.F.)
B_SPLINE_CURVE_WITH_KNOTS((3,3),(0.0969785643180641,0.120961141782811),
 .UNSPECIFIED.)
CURVE()
GEOMETRIC_REPRESENTATION_ITEM()
RATIONAL_B_SPLINE_CURVE((1.0111676735311,1.0108184855863,1.00961361884551))
REPRESENTATION_ITEM('')
);
#96=(
BOUNDED_CURVE()
B_SPLINE_CURVE(2,(#8221,#8222,#8223),.UNSPECIFIED.,.F.,.F.)
B_SPLINE_CURVE_WITH_KNOTS((3,3),(0.0534222188696082,0.0774048047850184),
 .UNSPECIFIED.)
CURVE()
GEOMETRIC_REPRESENTATION_ITEM()
RATIONAL_B_SPLINE_CURVE((1.00961361840351,1.01081848576281,1.01116767372054))
REPRESENTATION_ITEM('')
);
#97=(
BOUNDED_SURFACE()
B_SPLINE_SURFACE(3,1,((#3411,#3412),(#3413,#3414),(#3415,#3416),(#3417,
#3418)),.UNSPECIFIED.,.F.,.F.,.F.)
B_SPLINE_SURFACE_WITH_KNOTS((4,4),(2,2),(-1.,0.),(0.,0.04),
 .UNSPECIFIED.)
GEOMETRIC_REPRESENTATION_ITEM()
RATIONAL_B_SPLINE_SURFACE(((1.,1.),(1.,1.),(1.,1.),(1.,1.)))
REPRESENTATION_ITEM('')
SURFACE()
);
#98=(
BOUNDED_SURFACE()
B_SPLINE_SURFACE(3,1,((#3448,#3449),(#3450,#3451),(#3452,#3453),(#3454,
#3455)),.UNSPECIFIED.,.F.,.F.,.F.)
B_SPLINE_SURFACE_WITH_KNOTS((4,4),(2,2),(-1.,0.),(0.,0.04),
 .UNSPECIFIED.)
GEOMETRIC_REPRESENTATION_ITEM()
RATIONAL_B_SPLINE_SURFACE(((1.,1.),(1.,1.),(1.,1.),(1.,1.)))
REPRESENTATION_ITEM('')
SURFACE()
);
#99=(
BOUNDED_SURFACE()
B_SPLINE_SURFACE(3,1,((#3500,#3501),(#3502,#3503),(#3504,#3505),(#3506,
#3507)),.UNSPECIFIED.,.F.,.F.,.F.)
B_SPLINE_SURFACE_WITH_KNOTS((4,4),(2,2),(-1.,0.),(0.,0.04),
 .UNSPECIFIED.)
GEOMETRIC_REPRESENTATION_ITEM()
RATIONAL_B_SPLINE_SURFACE(((1.,1.),(1.,1.),(1.,1.),(1.,1.)))
REPRESENTATION_ITEM('')
SURFACE()
);
#100=(
BOUNDED_SURFACE()
B_SPLINE_SURFACE(3,1,((#3540,#3541),(#3542,#3543),(#3544,#3545),(#3546,
#3547)),.UNSPECIFIED.,.F.,.F.,.F.)
B_SPLINE_SURFACE_WITH_KNOTS((4,4),(2,2),(-1.,0.),(0.,0.04),
 .UNSPECIFIED.)
GEOMETRIC_REPRESENTATION_ITEM()
RATIONAL_B_SPLINE_SURFACE(((1.,1.),(1.,1.),(1.,1.),(1.,1.)))
REPRESENTATION_ITEM('')
SURFACE()
);
#101=(
BOUNDED_SURFACE()
B_SPLINE_SURFACE(3,1,((#3583,#3584),(#3585,#3586),(#3587,#3588),(#3589,
#3590)),.UNSPECIFIED.,.F.,.F.,.F.)
B_SPLINE_SURFACE_WITH_KNOTS((4,4),(2,2),(-1.,0.),(0.,0.04),
 .UNSPECIFIED.)
GEOMETRIC_REPRESENTATION_ITEM()
RATIONAL_B_SPLINE_SURFACE(((1.,1.),(1.,1.),(1.,1.),(1.,1.)))
REPRESENTATION_ITEM('')
SURFACE()
);
#102=(
BOUNDED_SURFACE()
B_SPLINE_SURFACE(3,1,((#3638,#3639),(#3640,#3641),(#3642,#3643),(#3644,
#3645)),.UNSPECIFIED.,.F.,.F.,.F.)
B_SPLINE_SURFACE_WITH_KNOTS((4,4),(2,2),(-1.,0.),(0.,0.04),
 .UNSPECIFIED.)
GEOMETRIC_REPRESENTATION_ITEM()
RATIONAL_B_SPLINE_SURFACE(((1.,1.),(1.,1.),(1.,1.),(1.,1.)))
REPRESENTATION_ITEM('')
SURFACE()
);
#103=(
BOUNDED_SURFACE()
B_SPLINE_SURFACE(3,1,((#3690,#3691),(#3692,#3693),(#3694,#3695),(#3696,
#3697)),.UNSPECIFIED.,.F.,.F.,.F.)
B_SPLINE_SURFACE_WITH_KNOTS((4,4),(2,2),(-1.,0.),(0.,0.04),
 .UNSPECIFIED.)
GEOMETRIC_REPRESENTATION_ITEM()
RATIONAL_B_SPLINE_SURFACE(((1.,1.),(1.,1.),(1.,1.),(1.,1.)))
REPRESENTATION_ITEM('')
SURFACE()
);
#104=(
BOUNDED_SURFACE()
B_SPLINE_SURFACE(3,1,((#3739,#3740),(#3741,#3742),(#3743,#3744),(#3745,
#3746)),.UNSPECIFIED.,.F.,.F.,.F.)
B_SPLINE_SURFACE_WITH_KNOTS((4,4),(2,2),(-1.,0.),(0.,0.04),
 .UNSPECIFIED.)
GEOMETRIC_REPRESENTATION_ITEM()
RATIONAL_B_SPLINE_SURFACE(((1.,1.),(1.,1.),(1.,1.),(1.,1.)))
REPRESENTATION_ITEM('')
SURFACE()
);
#105=(
BOUNDED_SURFACE()
B_SPLINE_SURFACE(3,1,((#3797,#3798),(#3799,#3800),(#3801,#3802),(#3803,
#3804)),.UNSPECIFIED.,.F.,.F.,.F.)
B_SPLINE_SURFACE_WITH_KNOTS((4,4),(2,2),(-1.,0.),(0.,0.04),
 .UNSPECIFIED.)
GEOMETRIC_REPRESENTATION_ITEM()
RATIONAL_B_SPLINE_SURFACE(((1.,1.),(1.,1.),(1.,1.),(1.,1.)))
REPRESENTATION_ITEM('')
SURFACE()
);
#106=(
BOUNDED_SURFACE()
B_SPLINE_SURFACE(3,1,((#3843,#3844),(#3845,#3846),(#3847,#3848),(#3849,
#3850)),.UNSPECIFIED.,.F.,.F.,.F.)
B_SPLINE_SURFACE_WITH_KNOTS((4,4),(2,2),(-1.,0.),(0.,0.04),
 .UNSPECIFIED.)
GEOMETRIC_REPRESENTATION_ITEM()
RATIONAL_B_SPLINE_SURFACE(((1.,1.),(1.,1.),(1.,1.),(1.,1.)))
REPRESENTATION_ITEM('')
SURFACE()
);
#107=(
BOUNDED_SURFACE()
B_SPLINE_SURFACE(3,1,((#3889,#3890),(#3891,#3892),(#3893,#3894),(#3895,
#3896)),.UNSPECIFIED.,.F.,.F.,.F.)
B_SPLINE_SURFACE_WITH_KNOTS((4,4),(2,2),(-1.,0.),(0.,0.04),
 .UNSPECIFIED.)
GEOMETRIC_REPRESENTATION_ITEM()
RATIONAL_B_SPLINE_SURFACE(((1.,1.),(1.,1.),(1.,1.),(1.,1.)))
REPRESENTATION_ITEM('')
SURFACE()
);
#108=(
BOUNDED_SURFACE()
B_SPLINE_SURFACE(3,1,((#3944,#3945),(#3946,#3947),(#3948,#3949),(#3950,
#3951)),.UNSPECIFIED.,.F.,.F.,.F.)
B_SPLINE_SURFACE_WITH_KNOTS((4,4),(2,2),(-1.,0.),(0.,0.04),
 .UNSPECIFIED.)
GEOMETRIC_REPRESENTATION_ITEM()
RATIONAL_B_SPLINE_SURFACE(((1.,1.),(1.,1.),(1.,1.),(1.,1.)))
REPRESENTATION_ITEM('')
SURFACE()
);
#109=(
BOUNDED_SURFACE()
B_SPLINE_SURFACE(3,1,((#3999,#4000),(#4001,#4002),(#4003,#4004),(#4005,
#4006)),.UNSPECIFIED.,.F.,.F.,.F.)
B_SPLINE_SURFACE_WITH_KNOTS((4,4),(2,2),(-1.,0.),(0.,0.04),
 .UNSPECIFIED.)
GEOMETRIC_REPRESENTATION_ITEM()
RATIONAL_B_SPLINE_SURFACE(((1.,1.),(1.,1.),(1.,1.),(1.,1.)))
REPRESENTATION_ITEM('')
SURFACE()
);
#110=(
BOUNDED_SURFACE()
B_SPLINE_SURFACE(3,1,((#4123,#4124),(#4125,#4126),(#4127,#4128),(#4129,
#4130)),.UNSPECIFIED.,.F.,.F.,.F.)
B_SPLINE_SURFACE_WITH_KNOTS((4,4),(2,2),(-1.,0.),(0.,0.04),
 .UNSPECIFIED.)
GEOMETRIC_REPRESENTATION_ITEM()
RATIONAL_B_SPLINE_SURFACE(((1.,1.),(1.,1.),(1.,1.),(1.,1.)))
REPRESENTATION_ITEM('')
SURFACE()
);
#111=(
BOUNDED_SURFACE()
B_SPLINE_SURFACE(3,1,((#4172,#4173),(#4174,#4175),(#4176,#4177),(#4178,
#4179)),.UNSPECIFIED.,.F.,.F.,.F.)
B_SPLINE_SURFACE_WITH_KNOTS((4,4),(2,2),(-1.,0.),(0.,0.04),
 .UNSPECIFIED.)
GEOMETRIC_REPRESENTATION_ITEM()
RATIONAL_B_SPLINE_SURFACE(((1.,1.),(1.,1.),(1.,1.),(1.,1.)))
REPRESENTATION_ITEM('')
SURFACE()
);
#112=(
BOUNDED_SURFACE()
B_SPLINE_SURFACE(3,1,((#4221,#4222),(#4223,#4224),(#4225,#4226),(#4227,
#4228)),.UNSPECIFIED.,.F.,.F.,.F.)
B_SPLINE_SURFACE_WITH_KNOTS((4,4),(2,2),(-1.,0.),(0.,0.04),
 .UNSPECIFIED.)
GEOMETRIC_REPRESENTATION_ITEM()
RATIONAL_B_SPLINE_SURFACE(((1.,1.),(1.,1.),(1.,1.),(1.,1.)))
REPRESENTATION_ITEM('')
SURFACE()
);
#113=(
BOUNDED_SURFACE()
B_SPLINE_SURFACE(3,1,((#4298,#4299),(#4300,#4301),(#4302,#4303),(#4304,
#4305)),.UNSPECIFIED.,.F.,.F.,.F.)
B_SPLINE_SURFACE_WITH_KNOTS((4,4),(2,2),(-1.,0.),(0.,0.04),
 .UNSPECIFIED.)
GEOMETRIC_REPRESENTATION_ITEM()
RATIONAL_B_SPLINE_SURFACE(((1.,1.),(1.,1.),(1.,1.),(1.,1.)))
REPRESENTATION_ITEM('')
SURFACE()
);
#114=(
BOUNDED_SURFACE()
B_SPLINE_SURFACE(3,1,((#4335,#4336),(#4337,#4338),(#4339,#4340),(#4341,
#4342)),.UNSPECIFIED.,.F.,.F.,.F.)
B_SPLINE_SURFACE_WITH_KNOTS((4,4),(2,2),(-1.,0.),(0.,0.04),
 .UNSPECIFIED.)
GEOMETRIC_REPRESENTATION_ITEM()
RATIONAL_B_SPLINE_SURFACE(((1.,1.),(1.,1.),(1.,1.),(1.,1.)))
REPRESENTATION_ITEM('')
SURFACE()
);
#115=(
BOUNDED_SURFACE()
B_SPLINE_SURFACE(3,1,((#4366,#4367),(#4368,#4369),(#4370,#4371),(#4372,
#4373)),.UNSPECIFIED.,.F.,.F.,.F.)
B_SPLINE_SURFACE_WITH_KNOTS((4,4),(2,2),(-1.,0.),(0.,0.04),
 .UNSPECIFIED.)
GEOMETRIC_REPRESENTATION_ITEM()
RATIONAL_B_SPLINE_SURFACE(((1.,1.),(1.,1.),(1.,1.),(1.,1.)))
REPRESENTATION_ITEM('')
SURFACE()
);
#116=(
BOUNDED_SURFACE()
B_SPLINE_SURFACE(3,1,((#4422,#4423),(#4424,#4425),(#4426,#4427),(#4428,
#4429)),.UNSPECIFIED.,.F.,.F.,.F.)
B_SPLINE_SURFACE_WITH_KNOTS((4,4),(2,2),(-1.,0.),(0.,0.04),
 .UNSPECIFIED.)
GEOMETRIC_REPRESENTATION_ITEM()
RATIONAL_B_SPLINE_SURFACE(((1.,1.),(1.,1.),(1.,1.),(1.,1.)))
REPRESENTATION_ITEM('')
SURFACE()
);
#117=(
BOUNDED_SURFACE()
B_SPLINE_SURFACE(3,1,((#4456,#4457),(#4458,#4459),(#4460,#4461),(#4462,
#4463)),.UNSPECIFIED.,.F.,.F.,.F.)
B_SPLINE_SURFACE_WITH_KNOTS((4,4),(2,2),(-1.,0.),(0.,0.04),
 .UNSPECIFIED.)
GEOMETRIC_REPRESENTATION_ITEM()
RATIONAL_B_SPLINE_SURFACE(((1.,1.),(1.,1.),(1.,1.),(1.,1.)))
REPRESENTATION_ITEM('')
SURFACE()
);
#118=(
BOUNDED_SURFACE()
B_SPLINE_SURFACE(3,1,((#4479,#4480),(#4481,#4482),(#4483,#4484),(#4485,
#4486)),.UNSPECIFIED.,.F.,.F.,.F.)
B_SPLINE_SURFACE_WITH_KNOTS((4,4),(2,2),(-1.,0.),(0.,0.04),
 .UNSPECIFIED.)
GEOMETRIC_REPRESENTATION_ITEM()
RATIONAL_B_SPLINE_SURFACE(((1.,1.),(1.,1.),(1.,1.),(1.,1.)))
REPRESENTATION_ITEM('')
SURFACE()
);
#119=(
BOUNDED_SURFACE()
B_SPLINE_SURFACE(3,1,((#4564,#4565),(#4566,#4567),(#4568,#4569),(#4570,
#4571)),.UNSPECIFIED.,.F.,.F.,.F.)
B_SPLINE_SURFACE_WITH_KNOTS((4,4),(2,2),(-1.,0.),(0.,0.04),
 .UNSPECIFIED.)
GEOMETRIC_REPRESENTATION_ITEM()
RATIONAL_B_SPLINE_SURFACE(((1.,1.),(1.,1.),(1.,1.),(1.,1.)))
REPRESENTATION_ITEM('')
SURFACE()
);
#120=(
BOUNDED_SURFACE()
B_SPLINE_SURFACE(3,1,((#4604,#4605),(#4606,#4607),(#4608,#4609),(#4610,
#4611)),.UNSPECIFIED.,.F.,.F.,.F.)
B_SPLINE_SURFACE_WITH_KNOTS((4,4),(2,2),(-1.,0.),(0.,0.04),
 .UNSPECIFIED.)
GEOMETRIC_REPRESENTATION_ITEM()
RATIONAL_B_SPLINE_SURFACE(((1.,1.),(1.,1.),(1.,1.),(1.,1.)))
REPRESENTATION_ITEM('')
SURFACE()
);
#121=(
BOUNDED_SURFACE()
B_SPLINE_SURFACE(3,1,((#4632,#4633),(#4634,#4635),(#4636,#4637),(#4638,
#4639)),.UNSPECIFIED.,.F.,.F.,.F.)
B_SPLINE_SURFACE_WITH_KNOTS((4,4),(2,2),(-1.,0.),(0.,0.04),
 .UNSPECIFIED.)
GEOMETRIC_REPRESENTATION_ITEM()
RATIONAL_B_SPLINE_SURFACE(((1.,1.),(1.,1.),(1.,1.),(1.,1.)))
REPRESENTATION_ITEM('')
SURFACE()
);
#122=(
BOUNDED_SURFACE()
B_SPLINE_SURFACE(3,1,((#4697,#4698),(#4699,#4700),(#4701,#4702),(#4703,
#4704)),.UNSPECIFIED.,.F.,.F.,.F.)
B_SPLINE_SURFACE_WITH_KNOTS((4,4),(2,2),(-1.,0.),(0.,0.04),
 .UNSPECIFIED.)
GEOMETRIC_REPRESENTATION_ITEM()
RATIONAL_B_SPLINE_SURFACE(((1.,1.),(1.,1.),(1.,1.),(1.,1.)))
REPRESENTATION_ITEM('')
SURFACE()
);
#123=(
BOUNDED_SURFACE()
B_SPLINE_SURFACE(3,1,((#4725,#4726),(#4727,#4728),(#4729,#4730),(#4731,
#4732)),.UNSPECIFIED.,.F.,.F.,.F.)
B_SPLINE_SURFACE_WITH_KNOTS((4,4),(2,2),(-1.,0.),(0.,0.04),
 .UNSPECIFIED.)
GEOMETRIC_REPRESENTATION_ITEM()
RATIONAL_B_SPLINE_SURFACE(((1.,1.),(1.,1.),(1.,1.),(1.,1.)))
REPRESENTATION_ITEM('')
SURFACE()
);
#124=(
BOUNDED_SURFACE()
B_SPLINE_SURFACE(3,1,((#4753,#4754),(#4755,#4756),(#4757,#4758),(#4759,
#4760)),.UNSPECIFIED.,.F.,.F.,.F.)
B_SPLINE_SURFACE_WITH_KNOTS((4,4),(2,2),(-1.,0.),(0.,0.04),
 .UNSPECIFIED.)
GEOMETRIC_REPRESENTATION_ITEM()
RATIONAL_B_SPLINE_SURFACE(((1.,1.),(1.,1.),(1.,1.),(1.,1.)))
REPRESENTATION_ITEM('')
SURFACE()
);
#125=(
BOUNDED_SURFACE()
B_SPLINE_SURFACE(3,1,((#4781,#4782),(#4783,#4784),(#4785,#4786),(#4787,
#4788)),.UNSPECIFIED.,.F.,.F.,.F.)
B_SPLINE_SURFACE_WITH_KNOTS((4,4),(2,2),(-1.,0.),(0.,0.04),
 .UNSPECIFIED.)
GEOMETRIC_REPRESENTATION_ITEM()
RATIONAL_B_SPLINE_SURFACE(((1.,1.),(1.,1.),(1.,1.),(1.,1.)))
REPRESENTATION_ITEM('')
SURFACE()
);
#126=(
BOUNDED_SURFACE()
B_SPLINE_SURFACE(3,1,((#4806,#4807),(#4808,#4809),(#4810,#4811),(#4812,
#4813)),.UNSPECIFIED.,.F.,.F.,.F.)
B_SPLINE_SURFACE_WITH_KNOTS((4,4),(2,2),(-1.,0.),(0.,0.04),
 .UNSPECIFIED.)
GEOMETRIC_REPRESENTATION_ITEM()
RATIONAL_B_SPLINE_SURFACE(((1.,1.),(1.,1.),(1.,1.),(1.,1.)))
REPRESENTATION_ITEM('')
SURFACE()
);
#127=(
BOUNDED_SURFACE()
B_SPLINE_SURFACE(3,1,((#4831,#4832),(#4833,#4834),(#4835,#4836),(#4837,
#4838)),.UNSPECIFIED.,.F.,.F.,.F.)
B_SPLINE_SURFACE_WITH_KNOTS((4,4),(2,2),(-1.,0.),(0.,0.04),
 .UNSPECIFIED.)
GEOMETRIC_REPRESENTATION_ITEM()
RATIONAL_B_SPLINE_SURFACE(((1.,1.),(1.,1.),(1.,1.),(1.,1.)))
REPRESENTATION_ITEM('')
SURFACE()
);
#128=(
BOUNDED_SURFACE()
B_SPLINE_SURFACE(3,1,((#4893,#4894),(#4895,#4896),(#4897,#4898),(#4899,
#4900)),.UNSPECIFIED.,.F.,.F.,.F.)
B_SPLINE_SURFACE_WITH_KNOTS((4,4),(2,2),(-1.,0.),(0.,0.04),
 .UNSPECIFIED.)
GEOMETRIC_REPRESENTATION_ITEM()
RATIONAL_B_SPLINE_SURFACE(((1.,1.),(1.,1.),(1.,1.),(1.,1.)))
REPRESENTATION_ITEM('')
SURFACE()
);
#129=(
BOUNDED_SURFACE()
B_SPLINE_SURFACE(3,1,((#4948,#4949),(#4950,#4951),(#4952,#4953),(#4954,
#4955)),.UNSPECIFIED.,.F.,.F.,.F.)
B_SPLINE_SURFACE_WITH_KNOTS((4,4),(2,2),(-1.,0.),(0.,0.04),
 .UNSPECIFIED.)
GEOMETRIC_REPRESENTATION_ITEM()
RATIONAL_B_SPLINE_SURFACE(((1.,1.),(1.,1.),(1.,1.),(1.,1.)))
REPRESENTATION_ITEM('')
SURFACE()
);
#130=(
BOUNDED_SURFACE()
B_SPLINE_SURFACE(3,1,((#4991,#4992),(#4993,#4994),(#4995,#4996),(#4997,
#4998)),.UNSPECIFIED.,.F.,.F.,.F.)
B_SPLINE_SURFACE_WITH_KNOTS((4,4),(2,2),(-1.,0.),(0.,0.04),
 .UNSPECIFIED.)
GEOMETRIC_REPRESENTATION_ITEM()
RATIONAL_B_SPLINE_SURFACE(((1.,1.),(1.,1.),(1.,1.),(1.,1.)))
REPRESENTATION_ITEM('')
SURFACE()
);
#131=(
BOUNDED_SURFACE()
B_SPLINE_SURFACE(3,1,((#5037,#5038),(#5039,#5040),(#5041,#5042),(#5043,
#5044)),.UNSPECIFIED.,.F.,.F.,.F.)
B_SPLINE_SURFACE_WITH_KNOTS((4,4),(2,2),(-1.,0.),(0.,0.04),
 .UNSPECIFIED.)
GEOMETRIC_REPRESENTATION_ITEM()
RATIONAL_B_SPLINE_SURFACE(((1.,1.),(1.,1.),(1.,1.),(1.,1.)))
REPRESENTATION_ITEM('')
SURFACE()
);
#132=B_SPLINE_CURVE_WITH_KNOTS('',3,(#3358,#3359,#3360,#3361,#3362,#3363,
#3364,#3365,#3366,#3367),.UNSPECIFIED.,.F.,.F.,(4,2,2,2,4),(0.208449666842345,
0.241465999612676,0.281592975765672,0.319753485761119,0.326744118861555),
 .UNSPECIFIED.);
#133=B_SPLINE_CURVE_WITH_KNOTS('',3,(#3377,#3378,#3379,#3380,#3381,#3382,
#3383,#3384,#3385,#3386,#3387,#3388,#3389,#3390),.UNSPECIFIED.,.F.,.F.,
(4,2,2,2,2,2,4),(4.63078055493987E-9,0.0849093956485562,0.147079681287384,
0.192482519567034,0.235159024858519,0.289655112205996,0.377870632804716),
 .UNSPECIFIED.);
#134=B_SPLINE_CURVE_WITH_KNOTS('',3,(#3405,#3406,#3407,#3408,#3409,#3410),
 .UNSPECIFIED.,.F.,.F.,(4,1,1,4),(0.0242184652742627,0.201012224429707,
0.379975391839199,0.423466000774237),.UNSPECIFIED.);
#135=B_SPLINE_CURVE_WITH_KNOTS('',3,(#3421,#3422,#3423,#3424,#3425,#3426,
#3427,#3428,#3429,#3430,#3431,#3432,#3433,#3434,#3435,#3436,#3437,#3438,
#3439),.UNSPECIFIED.,.F.,.F.,(4,3,3,3,3,3,4),(0.,0.00888115732489397,0.0184132894262792,
0.0218655536230138,0.0315298731281452,0.0383560492281978,0.0573093119198154),
 .UNSPECIFIED.);
#136=B_SPLINE_CURVE_WITH_KNOTS('',3,(#3457,#3458,#3459,#3460,#3461,#3462,
#3463,#3464,#3465,#3466,#3467,#3468,#3469,#3470,#3471,#3472,#3473,#3474,
#3475,#3476,#3477,#3478,#3479,#3480,#3481,#3482,#3483,#3484,#3485,#3486,
#3487,#3488,#3489,#3490,#3491,#3492,#3493),.UNSPECIFIED.,.F.,.F.,(4,3,3,
3,3,3,3,3,3,3,3,3,4),(0.,0.00389098952424644,0.00802246233592325,0.0124613578616091,
0.0176001232817079,0.0241364174313312,0.0270917854274413,0.0334478061847436,
0.0415487707427313,0.047534452710921,0.0529250985055142,0.0578371021424828,
0.0589576417445854),.UNSPECIFIED.);
#137=B_SPLINE_CURVE_WITH_KNOTS('',3,(#3509,#3510,#3511,#3512,#3513,#3514,
#3515,#3516,#3517,#3518,#3519,#3520,#3521,#3522,#3523,#3524,#3525,#3526,
#3527),.UNSPECIFIED.,.F.,.F.,(4,3,3,3,3,3,4),(0.,0.00597544841269409,0.0083878571292527,
0.0140064986387134,0.0165960843881521,0.0283969450238648,0.0353695231800108),
 .UNSPECIFIED.);
#138=B_SPLINE_CURVE_WITH_KNOTS('',3,(#3549,#3550,#3551,#3552,#3553,#3554,
#3555,#3556,#3557,#3558,#3559,#3560,#3561,#3562,#3563,#3564,#3565,#3566,
#3567),.UNSPECIFIED.,.F.,.F.,(4,3,3,3,3,3,4),(0.,0.024728732393412,0.0268221275016665,
0.0336010853704118,0.0390742684941526,0.044539353403581,0.0497708912533038),
 .UNSPECIFIED.);
#139=B_SPLINE_CURVE_WITH_KNOTS('',3,(#3592,#3593,#3594,#3595,#3596,#3597,
#3598,#3599,#3600,#3601,#3602,#3603,#3604,#3605,#3606,#3607,#3608,#3609,
#3610,#3611,#3612,#3613,#3614,#3615,#3616,#3617,#3618,#3619,#3620,#3621,
#3622,#3623,#3624,#3625,#3626,#3627,#3628,#3629,#3630,#3631),
 .UNSPECIFIED.,.F.,.F.,(4,3,3,3,3,3,3,3,3,3,3,3,3,4),(0.,0.00215698680965447,
0.00504023669437254,0.00698791721372585,0.00863445700615983,0.0097445593798044,
0.011062771017067,0.0129230080642299,0.0141604733949079,0.0152462848476106,
0.0161776307419788,0.0170520743164517,0.0178524873346813,0.0185037192057186),
 .UNSPECIFIED.);
#140=B_SPLINE_CURVE_WITH_KNOTS('',3,(#3647,#3648,#3649,#3650,#3651,#3652,
#3653,#3654,#3655,#3656,#3657,#3658,#3659,#3660,#3661,#3662,#3663,#3664,
#3665,#3666,#3667,#3668,#3669,#3670,#3671,#3672,#3673,#3674,#3675,#3676,
#3677,#3678,#3679,#3680,#3681,#3682,#3683),.UNSPECIFIED.,.F.,.F.,(4,3,3,
3,3,3,3,3,3,3,3,3,4),(0.,0.0112497230131796,0.0153838427688135,0.0184303120668211,
0.0230969868485246,0.0235814530486709,0.0284191444649656,0.0325259013186577,
0.0343512756872059,0.0388654952270618,0.0414353202273367,0.0467901935095161,
0.0500193692048415),.UNSPECIFIED.);
#141=B_SPLINE_CURVE_WITH_KNOTS('',3,(#3699,#3700,#3701,#3702,#3703,#3704,
#3705,#3706,#3707,#3708,#3709,#3710,#3711,#3712,#3713,#3714,#3715,#3716,
#3717,#3718,#3719,#3720),.UNSPECIFIED.,.F.,.F.,(4,3,3,3,3,3,3,4),(0.,0.0106767203860645,
0.018106898982623,0.0261668350274936,0.0341145808495719,0.0431439029705218,
0.0517276629930038,0.0556115257206113),.UNSPECIFIED.);
#142=B_SPLINE_CURVE_WITH_KNOTS('',3,(#3748,#3749,#3750,#3751,#3752,#3753,
#3754,#3755,#3756,#3757,#3758,#3759,#3760,#3761,#3762,#3763,#3764,#3765,
#3766,#3767,#3768,#3769,#3770,#3771,#3772,#3773,#3774,#3775,#3776,#3777,
#3778,#3779,#3780,#3781),.UNSPECIFIED.,.F.,.F.,(4,3,3,3,3,3,3,3,3,3,3,4),
(0.,0.00890840261012864,0.0124960497473221,0.0173807185575391,0.0214044557440768,
0.0286258055232279,0.0337499303524578,0.035832938069069,0.0406829947416838,
0.0428546077321736,0.0481582739241452,0.0509893810849357),.UNSPECIFIED.);
#143=B_SPLINE_CURVE_WITH_KNOTS('',3,(#3805,#3806,#3807,#3808,#3809,#3810,
#3811,#3812,#3813,#3814,#3815,#3816,#3817,#3818,#3819,#3820,#3821,#3822,
#3823,#3824,#3825,#3826,#3827,#3828,#3829,#3830,#3831,#3832,#3833,#3834,
#3835,#3836,#3837,#3838),.UNSPECIFIED.,.F.,.F.,(4,3,3,3,3,3,3,3,3,3,3,4),
(0.,0.00808888942282426,0.0117560859209646,0.0168206572966914,0.0207955225711611,
0.0286855223727458,0.0338913814930459,0.0367858367922113,0.0417683861218226,
0.043817080998744,0.0491556532987728,0.0517497834284121),.UNSPECIFIED.);
#144=B_SPLINE_CURVE_WITH_KNOTS('',3,(#3851,#3852,#3853,#3854,#3855,#3856,
#3857,#3858,#3859,#3860,#3861,#3862,#3863,#3864,#3865,#3866,#3867,#3868,
#3869,#3870,#3871,#3872,#3873,#3874,#3875,#3876,#3877,#3878,#3879,#3880,
#3881,#3882,#3883,#3884),.UNSPECIFIED.,.F.,.F.,(4,3,3,3,3,3,3,3,3,3,3,4),
(0.,0.00812054717622681,0.0116628778358829,0.0167940776740306,0.0207195522730573,
0.028684683938704,0.0339089260363783,0.0369573388376786,0.0419936849648353,
0.0438438964148918,0.0492270823915315,0.0515710229107507),.UNSPECIFIED.);
#145=B_SPLINE_CURVE_WITH_KNOTS('',3,(#3899,#3900,#3901,#3902,#3903,#3904,
#3905,#3906,#3907,#3908,#3909,#3910,#3911,#3912,#3913,#3914,#3915,#3916,
#3917,#3918,#3919,#3920,#3921,#3922,#3923,#3924,#3925,#3926,#3927,#3928,
#3929),.UNSPECIFIED.,.F.,.F.,(4,3,3,3,3,3,3,3,3,3,4),(0.,0.00629752419645892,
0.0124440512390106,0.0143571457857737,0.0234289747178936,0.0327899638595165,
0.0354295120158911,0.0428487870327866,0.046116304184616,0.0526364949567622,
0.0563098293217365),.UNSPECIFIED.);
#146=B_SPLINE_CURVE_WITH_KNOTS('',3,(#3953,#3954,#3955,#3956,#3957,#3958,
#3959,#3960,#3961,#3962,#3963,#3964,#3965,#3966,#3967,#3968,#3969,#3970,
#3971,#3972,#3973,#3974,#3975,#3976,#3977,#3978,#3979,#3980,#3981,#3982,
#3983),.UNSPECIFIED.,.F.,.F.,(4,3,3,3,3,3,3,3,3,3,4),(0.,0.00612821068834155,
0.0121052389902575,0.0143795011325741,0.0243423274939157,0.0346823241480653,
0.0359060933190888,0.042684189185399,0.0461542784910211,0.0521989662870792,
0.0559028039019054),.UNSPECIFIED.);
#147=B_SPLINE_CURVE_WITH_KNOTS('',3,(#4008,#4009,#4010,#4011,#4012,#4013,
#4014,#4015,#4016,#4017,#4018,#4019,#4020,#4021,#4022,#4023,#4024,#4025,
#4026,#4027,#4028,#4029,#4030,#4031,#4032,#4033,#4034,#4035,#4036,#4037,
#4038,#4039,#4040,#4041,#4042,#4043,#4044),.UNSPECIFIED.,.F.,.F.,(4,3,3,
3,3,3,3,3,3,3,3,3,4),(0.,0.00385649096544029,0.00771298193088058,0.0122068702201758,
0.0143052470725041,0.0192037590742028,0.0206345194182917,0.0244642008080395,
0.0275010023855756,0.0313430882450992,0.033337726898102,0.037504460111951,
0.0399753901863948),.UNSPECIFIED.);
#148=B_SPLINE_CURVE_WITH_KNOTS('',3,(#4058,#4059,#4060,#4061,#4062,#4063,
#4064,#4065,#4066,#4067,#4068,#4069,#4070,#4071),.UNSPECIFIED.,.F.,.F.,
(4,2,2,2,2,2,4),(0.347750778623511,0.358406878693151,0.413847420659776,
0.535072067553782,0.653917004833064,0.664371678308107,0.667647450993142),
 .UNSPECIFIED.);
#149=B_SPLINE_CURVE_WITH_KNOTS('',3,(#4072,#4073,#4074,#4075,#4076,#4077,
#4078,#4079,#4080,#4081,#4082,#4083,#4084,#4085,#4086,#4087,#4088,#4089,
#4090,#4091,#4092,#4093,#4094,#4095,#4096,#4097,#4098,#4099,#4100,#4101,
#4102,#4103,#4104,#4105,#4106,#4107,#4108),.UNSPECIFIED.,.F.,.F.,(4,3,3,
3,3,3,3,3,3,3,3,3,4),(0.,0.0436506306760199,0.0861618741410186,0.128073488367778,
0.169170438329859,0.17460252270408,0.209939601642874,0.244477245243178,
0.265522907224453,0.296238804156455,0.315273058344937,0.343209359403482,
0.347750778623511),.UNSPECIFIED.);
#150=B_SPLINE_CURVE_WITH_KNOTS('',2,(#4109,#4110,#4111),.UNSPECIFIED.,.F.,
 .F.,(3,3),(-1.,0.),.UNSPECIFIED.);
#151=B_SPLINE_CURVE_WITH_KNOTS('',3,(#4132,#4133,#4134,#4135,#4136,#4137,
#4138,#4139,#4140,#4141,#4142,#4143,#4144,#4145,#4146,#4147,#4148,#4149,
#4150,#4151,#4152,#4153,#4154,#4155,#4156,#4157,#4158,#4159),
 .UNSPECIFIED.,.F.,.F.,(4,3,3,3,3,3,3,3,3,4),(0.,0.00649556998310358,0.0120608854649488,
0.0211070579001918,0.0242243474323286,0.033165724877121,0.0368901134927042,
0.0434603258611028,0.0497310135014853,0.0502204768111999),.UNSPECIFIED.);
#152=B_SPLINE_CURVE_WITH_KNOTS('',3,(#4181,#4182,#4183,#4184,#4185,#4186,
#4187,#4188,#4189,#4190,#4191,#4192,#4193,#4194,#4195,#4196,#4197,#4198,
#4199,#4200,#4201,#4202,#4203,#4204,#4205,#4206,#4207,#4208),
 .UNSPECIFIED.,.F.,.F.,(4,3,3,3,3,3,3,3,3,4),(0.,0.00646831051210956,0.0121669661236244,
0.0208487509380748,0.0243971376546894,0.0335905983071516,0.0370344746218993,
0.043468873180259,0.0497006648448262,0.0500917379362916),.UNSPECIFIED.);
#153=B_SPLINE_CURVE_WITH_KNOTS('',3,(#4230,#4231,#4232,#4233,#4234,#4235,
#4236,#4237,#4238,#4239,#4240,#4241,#4242,#4243,#4244,#4245,#4246,#4247,
#4248,#4249,#4250,#4251,#4252,#4253,#4254,#4255,#4256,#4257,#4258,#4259,
#4260,#4261,#4262,#4263),.UNSPECIFIED.,.F.,.F.,(4,3,3,3,3,3,3,3,3,3,3,4),
(0.,0.00473094497623909,0.00967938788228901,0.0150296894141044,0.0206581429405772,
0.0268144135938643,0.0295454728877957,0.0347836069627623,0.0401064091640586,
0.0457518357007846,0.0518146288636515,0.0577055810910203),.UNSPECIFIED.);
#154=B_SPLINE_CURVE_WITH_KNOTS('',3,(#4277,#4278,#4279,#4280,#4281,#4282,
#4283),.UNSPECIFIED.,.F.,.F.,(4,3,4),(0.,0.0214300082162699,0.042092049013448),
 .UNSPECIFIED.);
#155=B_SPLINE_CURVE_WITH_KNOTS('',2,(#4285,#4286,#4287),.UNSPECIFIED.,.F.,
 .F.,(3,3),(-1.,0.),.UNSPECIFIED.);
#156=B_SPLINE_CURVE_WITH_KNOTS('',3,(#4307,#4308,#4309,#4310,#4311,#4312,
#4313,#4314,#4315,#4316,#4317,#4318,#4319,#4320,#4321,#4322),
 .UNSPECIFIED.,.F.,.F.,(4,3,3,3,3,4),(0.,0.00914738918996001,0.0159167152565369,
0.0278233111656328,0.034265824641198,0.0526727208361248),.UNSPECIFIED.);
#157=B_SPLINE_CURVE_WITH_KNOTS('',3,(#4345,#4346,#4347,#4348,#4349,#4350,
#4351,#4352,#4353,#4354,#4355,#4356,#4357),.UNSPECIFIED.,.F.,.F.,(4,3,3,
3,4),(0.,0.0321851692646943,0.0463611615665307,0.0792849803746819,0.089747777667382),
 .UNSPECIFIED.);
#158=B_SPLINE_CURVE_WITH_KNOTS('',3,(#4375,#4376,#4377,#4378,#4379,#4380,
#4381,#4382,#4383,#4384,#4385,#4386,#4387),.UNSPECIFIED.,.F.,.F.,(4,3,3,
3,4),(0.,0.0253622996635852,0.0393660220481715,0.0683366230139357,0.0810485863513083),
 .UNSPECIFIED.);
#159=B_SPLINE_CURVE_WITH_KNOTS('',3,(#4401,#4402,#4403,#4404,#4405,#4406,
#4407,#4408,#4409,#4410,#4411,#4412,#4413,#4414,#4415,#4416),
 .UNSPECIFIED.,.F.,.F.,(4,3,3,3,3,4),(0.,0.000187741529063857,0.000311400726321268,
0.000423909792617592,0.000525939277508069,0.000643575814233361),
 .UNSPECIFIED.);
#160=B_SPLINE_CURVE_WITH_KNOTS('',2,(#4418,#4419,#4420),.UNSPECIFIED.,.F.,
 .F.,(3,3),(-1.,0.),.UNSPECIFIED.);
#161=B_SPLINE_CURVE_WITH_KNOTS('',3,(#4431,#4432,#4433,#4434,#4435,#4436,
#4437,#4438,#4439,#4440,#4441,#4442,#4443),.UNSPECIFIED.,.F.,.F.,(4,3,3,
3,4),(0.,0.0286886799554686,0.0410732234093536,0.0695464488702637,0.0924029481816731),
 .UNSPECIFIED.);
#162=B_SPLINE_CURVE_WITH_KNOTS('',3,(#4465,#4466,#4467,#4468,#4469,#4470,
#4471,#4472),.UNSPECIFIED.,.F.,.F.,(4,2,2,4),(0.,0.06881781559133,0.103574902414967,
0.137756980920254),.UNSPECIFIED.);
#163=B_SPLINE_CURVE_WITH_KNOTS('',3,(#4488,#4489,#4490,#4491,#4492,#4493,
#4494,#4495,#4496,#4497,#4498,#4499,#4500,#4501,#4502,#4503,#4504,#4505,
#4506,#4507,#4508,#4509,#4510,#4511,#4512,#4513,#4514,#4515,#4516,#4517,
#4518,#4519,#4520,#4521),.UNSPECIFIED.,.F.,.F.,(4,3,3,3,3,3,3,3,3,3,3,4),
(0.,0.00577949216815954,0.011263448926341,0.0115589843363191,0.0191073611672251,
0.0218941213660726,0.0286841073183189,0.0328832992677481,0.0389282791297923,
0.0404170582234802,0.0464781390672237,0.0483413222756483),.UNSPECIFIED.);
#164=B_SPLINE_CURVE_WITH_KNOTS('',3,(#4535,#4536,#4537,#4538,#4539,#4540,
#4541),.UNSPECIFIED.,.F.,.F.,(4,3,4),(0.,0.0222819635981665,0.0368998707724329),
 .UNSPECIFIED.);
#165=B_SPLINE_CURVE_WITH_KNOTS('',2,(#4543,#4544,#4545),.UNSPECIFIED.,.F.,
 .F.,(3,3),(-1.,0.),.UNSPECIFIED.);
#166=B_SPLINE_CURVE_WITH_KNOTS('',3,(#4548,#4549,#4550,#4551,#4552,#4553,
#4554,#4555,#4556,#4557),.UNSPECIFIED.,.F.,.F.,(4,3,3,4),(0.0368998707724329,
0.0483136841370334,0.0773659870588054,0.109706119494165),.UNSPECIFIED.);
#167=B_SPLINE_CURVE_WITH_KNOTS('',3,(#4573,#4574,#4575,#4576,#4577,#4578,
#4579,#4580,#4581,#4582,#4583,#4584,#4585,#4586,#4587,#4588,#4589,#4590,
#4591,#4592,#4593,#4594,#4595,#4596,#4597),.UNSPECIFIED.,.F.,.F.,(4,3,3,
3,3,3,3,3,4),(0.,0.0103430583928935,0.015204550669622,0.0225669730174504,
0.0282269784526676,0.0364486660667162,0.0399448436140503,0.0461260065013448,
0.0523071693886393),.UNSPECIFIED.);
#168=B_SPLINE_CURVE_WITH_KNOTS('',3,(#4613,#4614,#4615,#4616,#4617,#4618,
#4619,#4620,#4621,#4622,#4623,#4624,#4625),.UNSPECIFIED.,.F.,.F.,(4,3,3,
3,4),(0.,0.0161808279664784,0.0275637652334182,0.0414740248244653,0.0504481822352005),
 .UNSPECIFIED.);
#169=B_SPLINE_CURVE_WITH_KNOTS('',3,(#4641,#4642,#4643,#4644,#4645,#4646,
#4647,#4648,#4649,#4650,#4651,#4652,#4653,#4654,#4655,#4656,#4657,#4658,
#4659,#4660,#4661,#4662,#4663,#4664,#4665,#4666,#4667,#4668,#4669,#4670,
#4671),.UNSPECIFIED.,.F.,.F.,(4,3,3,3,3,3,3,3,3,3,4),(0.,0.00519324643643884,
0.0110249342351191,0.0177917181068146,0.0254145452220086,0.0287757223007321,
0.0322777582335304,0.0363389552807927,0.0408748715689834,0.0442955138690227,
0.045410787857174),.UNSPECIFIED.);
#170=B_SPLINE_CURVE_WITH_KNOTS('',3,(#4685,#4686,#4687,#4688,#4689,#4690,
#4691),.UNSPECIFIED.,.F.,.F.,(4,3,4),(0.,0.0204979489599348,0.0421215229996187),
 .UNSPECIFIED.);
#171=B_SPLINE_CURVE_WITH_KNOTS('',2,(#4694,#4695,#4696),.UNSPECIFIED.,.F.,
 .F.,(3,3),(-1.,0.),.UNSPECIFIED.);
#172=B_SPLINE_CURVE_WITH_KNOTS('',3,(#4706,#4707,#4708,#4709,#4710,#4711,
#4712,#4713,#4714,#4715,#4716,#4717,#4718),.UNSPECIFIED.,.F.,.F.,(4,3,3,
3,4),(0.,0.0148076866418572,0.0230193866135583,0.038374251014695,0.0507246720259032),
 .UNSPECIFIED.);
#173=B_SPLINE_CURVE_WITH_KNOTS('',3,(#4734,#4735,#4736,#4737,#4738,#4739,
#4740,#4741,#4742,#4743,#4744,#4745,#4746),.UNSPECIFIED.,.F.,.F.,(4,3,3,
3,4),(0.,0.0169246305081247,0.0184985130076319,0.0321743493743914,0.0387127712239244),
 .UNSPECIFIED.);
#174=B_SPLINE_CURVE_WITH_KNOTS('',3,(#4762,#4763,#4764,#4765,#4766,#4767,
#4768,#4769,#4770,#4771,#4772,#4773,#4774),.UNSPECIFIED.,.F.,.F.,(4,3,3,
3,4),(0.,0.0131475167403576,0.0193351647764246,0.0364100086256091,0.0378416564914531),
 .UNSPECIFIED.);
#175=B_SPLINE_CURVE_WITH_KNOTS('',3,(#4790,#4791,#4792,#4793,#4794,#4795,
#4796,#4797,#4798,#4799),.UNSPECIFIED.,.F.,.F.,(4,3,3,4),(0.,0.0185089060993387,
0.0349633133810942,0.0377311888357773),.UNSPECIFIED.);
#176=B_SPLINE_CURVE_WITH_KNOTS('',3,(#4814,#4815,#4816,#4817,#4818,#4819,
#4820,#4821,#4822,#4823,#4824,#4825,#4826),.UNSPECIFIED.,.F.,.F.,(4,3,3,
3,4),(0.,0.013543306121109,0.0200329079826336,0.0367727528905382,0.0385929438259514),
 .UNSPECIFIED.);
#177=B_SPLINE_CURVE_WITH_KNOTS('',3,(#4840,#4841,#4842,#4843,#4844,#4845,
#4846,#4847,#4848,#4849,#4850,#4851,#4852,#4853,#4854,#4855,#4856,#4857,
#4858,#4859,#4860,#4861,#4862,#4863,#4864,#4865,#4866,#4867),
 .UNSPECIFIED.,.F.,.F.,(4,3,3,3,3,3,3,3,3,4),(0.,0.00814633487018275,0.0119776857830331,
0.0176767562171135,0.0220318732605217,0.0312454091143441,0.0367722410367932,
0.0409805237556497,0.0464318957876031,0.0518832678195565),.UNSPECIFIED.);
#178=B_SPLINE_CURVE_WITH_KNOTS('',3,(#4881,#4882,#4883,#4884,#4885,#4886,
#4887),.UNSPECIFIED.,.F.,.F.,(4,3,4),(0.,0.0404075622331578,0.0756167116422782),
 .UNSPECIFIED.);
#179=B_SPLINE_CURVE_WITH_KNOTS('',2,(#4890,#4891,#4892),.UNSPECIFIED.,.F.,
 .F.,(3,3),(-1.,0.),.UNSPECIFIED.);
#180=B_SPLINE_CURVE_WITH_KNOTS('',3,(#4902,#4903,#4904,#4905,#4906,#4907,
#4908,#4909,#4910,#4911,#4912,#4913,#4914,#4915,#4916,#4917,#4918,#4919,
#4920,#4921,#4922,#4923,#4924,#4925,#4926,#4927,#4928,#4929,#4930,#4931,
#4932,#4933,#4934,#4935),.UNSPECIFIED.,.F.,.F.,(4,3,3,3,3,3,3,3,3,3,3,4),
(0.,0.00621846813789543,0.0119770051029629,0.0176055175590111,0.0233517475628165,
0.029097977566622,0.0352047123454277,0.0411634023809576,0.0466555020805788,
0.0519762389561286,0.0570724525818663,0.059039472487547),.UNSPECIFIED.);
#181=B_SPLINE_CURVE_WITH_KNOTS('',3,(#4957,#4958,#4959,#4960,#4961,#4962,
#4963,#4964,#4965,#4966,#4967,#4968,#4969,#4970,#4971,#4972,#4973,#4974,
#4975,#4976,#4977,#4978,#4979,#4980,#4981),.UNSPECIFIED.,.F.,.F.,(4,3,3,
3,3,3,3,3,4),(0.,0.00653499942796314,0.0124654338104444,0.0207976364010008,
0.0249816105989741,0.0352237428967164,0.0377592653917858,0.0440043999398008,
0.0504370033938566),.UNSPECIFIED.);
#182=B_SPLINE_CURVE_WITH_KNOTS('',3,(#5000,#5001,#5002,#5003,#5004,#5005,
#5006,#5007,#5008,#5009,#5010,#5011,#5012,#5013,#5014,#5015,#5016,#5017,
#5018,#5019,#5020,#5021,#5022,#5023,#5024),.UNSPECIFIED.,.F.,.F.,(4,3,3,
3,3,3,3,3,4),(0.,0.0133088579361544,0.0197708645185357,0.026922899847854,
0.0342539132911084,0.0371199176789252,0.0439534155711577,0.0511179588270766,
0.0577796663191371),.UNSPECIFIED.);
#183=B_SPLINE_CURVE_WITH_KNOTS('',3,(#5046,#5047,#5048,#5049,#5050,#5051,
#5052,#5053,#5054,#5055,#5056,#5057,#5058,#5059,#5060,#5061,#5062,#5063,
#5064,#5065,#5066,#5067,#5068,#5069,#5070,#5071,#5072,#5073,#5074,#5075,
#5076,#5077,#5078,#5079,#5080,#5081,#5082),.UNSPECIFIED.,.F.,.F.,(4,3,3,
3,3,3,3,3,3,3,3,3,4),(0.,0.0032160784395238,0.00531382398605234,0.00934152059963465,
0.0120380384406038,0.0171288547566984,0.0183535804651358,0.022053771902171,
0.0240143038912727,0.0273072045081901,0.0295502621345679,0.0331102843897293,
0.0361590327974528),.UNSPECIFIED.);
#184=B_SPLINE_CURVE_WITH_KNOTS('',3,(#5095,#5096,#5097,#5098,#5099,#5100,
#5101,#5102),.UNSPECIFIED.,.F.,.F.,(4,2,2,4),(0.,0.103481113796644,0.298566716346886,
0.301009034463677),.UNSPECIFIED.);
#185=B_SPLINE_CURVE_WITH_KNOTS('',2,(#5103,#5104,#5105),.UNSPECIFIED.,.F.,
 .F.,(3,3),(-1.,0.),.UNSPECIFIED.);
#186=B_SPLINE_CURVE_WITH_KNOTS('',3,(#5123,#5124,#5125,#5126,#5127,#5128,
#5129,#5130,#5131,#5132,#5133,#5134,#5135,#5136,#5137),.UNSPECIFIED.,.F.,
 .F.,(4,1,1,1,1,1,1,1,1,1,1,1,4),(-1.27479122888666,-1.09582806147717,-0.916864894067677,
-0.82738331036293,-0.782642518510557,-0.737901726658184,-0.648420142953438,
-0.558938559248692,-0.514197767396319,-0.469456975543945,-0.379975391839199,
-0.201012224429707,-0.0220490570202142),.UNSPECIFIED.);
#187=B_SPLINE_CURVE_WITH_KNOTS('',3,(#5139,#5140,#5141,#5142,#5143,#5144,
#5145,#5146,#5147,#5148,#5149,#5150,#5151,#5152,#5153,#5154,#5155,#5156,
#5157,#5158,#5159,#5160,#5161,#5162,#5163,#5164,#5165,#5166,#5167,#5168,
#5169,#5170,#5171,#5172,#5173,#5174,#5175,#5176,#5177,#5178,#5179,#5180,
#5181,#5182,#5183,#5184,#5185,#5186,#5187,#5188,#5189,#5190,#5191,#5192,
#5193,#5194,#5195,#5196,#5197,#5198,#5199,#5200,#5201,#5202,#5203,#5204,
#5205,#5206,#5207,#5208,#5209,#5210,#5211,#5212,#5213,#5214,#5215,#5216,
#5217,#5218,#5219,#5220,#5221,#5222,#5223,#5224,#5225,#5226,#5227,#5228,
#5229,#5230,#5231,#5232,#5233,#5234,#5235,#5236,#5237,#5238),
 .UNSPECIFIED.,.T.,.F.,(4,2,2,2,2,2,2,2,2,2,2,2,2,2,2,2,2,2,2,2,2,2,2,2,
2,2,2,2,2,2,2,2,2,2,2,2,2,2,2,2,2,2,2,2,2,2,2,2,2,4),(-4.16629129190272,
-4.09423547822674,-4.07622152480774,-4.05820757138875,-4.04019361796975,
-4.02217966455075,-3.95488227200797,-3.88758487946519,-3.8707605313295,
-3.8539361831938,-3.83711183505811,-3.82028748692241,-3.78663879065102,
-3.76981444251533,-3.75299009437963,-3.68113847986454,-3.60928686534945,
-3.53743525083436,-3.46558363631927,-3.43127656617893,-3.3969694960386,
-3.32835535575793,-3.25974121547726,-3.19112707519659,-3.15339847010112,
-3.11566986500565,-3.04021265481471,-2.88929823443283,-2.58746939366906,
-2.41278723350155,-2.23810507333404,-2.01334966274197,-1.7885942521499,
-1.57553983128072,-1.46901262084614,-1.36248541041155,-1.33206996883454,
-1.30165452725753,-1.24082364410352,-1.20124852147384,-1.16167339884417,
-1.08252315358483,-1.00337290832549,-0.924222663066146,-0.765121515814859,
-0.606020368563571,-0.446919221312283,-0.287818074060995,-0.143909037030498,
0.),.UNSPECIFIED.);
#188=B_SPLINE_CURVE_WITH_KNOTS('',3,(#5240,#5241,#5242,#5243,#5244,#5245,
#5246,#5247,#5248,#5249,#5250,#5251,#5252,#5253,#5254,#5255,#5256,#5257,
#5258,#5259,#5260,#5261,#5262,#5263,#5264,#5265,#5266,#5267,#5268,#5269,
#5270,#5271,#5272,#5273,#5274,#5275,#5276,#5277,#5278,#5279,#5280,#5281,
#5282,#5283,#5284,#5285,#5286,#5287,#5288,#5289,#5290,#5291,#5292,#5293,
#5294,#5295,#5296,#5297,#5298,#5299,#5300,#5301,#5302,#5303,#5304,#5305,
#5306,#5307,#5308,#5309,#5310,#5311,#5312,#5313,#5314,#5315,#5316,#5317,
#5318,#5319,#5320,#5321,#5322,#5323,#5324,#5325,#5326,#5327,#5328,#5329,
#5330,#5331,#5332,#5333,#5334,#5335,#5336,#5337,#5338,#5339,#5340,#5341,
#5342,#5343,#5344,#5345,#5346,#5347,#5348,#5349,#5350,#5351,#5352,#5353,
#5354,#5355,#5356,#5357,#5358,#5359,#5360,#5361,#5362,#5363,#5364,#5365,
#5366,#5367,#5368,#5369),.UNSPECIFIED.,.T.,.F.,(4,2,2,2,2,2,2,2,2,2,2,2,
2,2,2,2,2,2,2,2,2,2,2,2,2,2,2,2,2,2,2,2,2,2,2,2,2,2,2,2,2,2,2,2,2,2,2,2,
2,2,2,2,2,2,2,2,2,2,2,2,2,2,2,2,4),(-4.56317348101755,-4.53646456670524,
-4.5057939589226,-4.41069559024663,-4.39415988672131,-4.37805669651427,
-4.36148612071751,-4.16730804844315,-3.97395649880921,-3.77988271293691,
-3.76092102289095,-3.74565771607437,-3.7293980767855,-3.65850921861307,
-3.64239138860048,-3.62780287614091,-3.61245117518589,-3.57676051604235,
-3.49701542609262,-3.39572317420441,-3.2958252490491,-3.21914777545594,
-3.18857815480369,-3.15833082351511,-3.06777850647312,-2.91730687153917,
-2.70625577802866,-2.69436977202551,-2.68364819572817,-2.67292667434517,
-2.66104059555159,-2.4500871178432,-2.29970478373722,-2.20919433265226,
-2.17889794686078,-2.14793742260176,-2.070370478011,-1.96952426947458,-1.86767484757205,
-1.78813364588038,-1.75387028568754,-1.73874098105567,-1.72437065456859,
-1.70841923132919,-1.64657693304245,-1.62896848992162,-1.61408919013536,
-1.59827000037316,-1.40331244337103,-1.20905656872168,-1.01408273883639,
-0.997506992129233,-0.981373723014977,-0.964806176548041,-0.865260780829076,
-0.835671423411083,-0.808945471794287,-0.617477510443487,-0.426328944461587,
-0.415182416024176,-0.406403184312835,-0.397658479489989,-0.386422456073339,
-0.19342933142078,0.),.UNSPECIFIED.);
#189=B_SPLINE_CURVE_WITH_KNOTS('',3,(#5371,#5372,#5373,#5374,#5375,#5376,
#5377,#5378,#5379,#5380,#5381,#5382,#5383,#5384,#5385,#5386,#5387,#5388,
#5389,#5390,#5391,#5392,#5393,#5394,#5395,#5396,#5397,#5398,#5399,#5400,
#5401,#5402,#5403,#5404,#5405,#5406,#5407,#5408,#5409,#5410,#5411,#5412,
#5413,#5414,#5415,#5416,#5417,#5418,#5419,#5420,#5421,#5422,#5423,#5424),
 .UNSPECIFIED.,.T.,.F.,(4,2,2,2,2,2,2,2,2,2,2,2,2,2,2,2,2,2,2,2,2,2,2,2,
2,2,4),(-1.51995877059329,-1.44001639493341,-1.4242543892979,-1.40903206802326,
-1.39259725551425,-1.2949747071716,-1.19735221820667,-1.09972961095533,
-1.00232639968409,-0.904749632661041,-0.807172983480216,-0.791399129017037,
-0.776349347719243,-0.760033889381057,-0.682837215979446,-0.66652421149466,
-0.651777351071436,-0.636900819859178,-0.539258502541202,-0.441616189961005,
-0.344171953739493,-0.246498558422221,-0.148810129901412,-0.0511215826251737,
-0.0321772650560065,-0.0163743737440729,0.),.UNSPECIFIED.);
#190=B_SPLINE_CURVE_WITH_KNOTS('',3,(#5426,#5427,#5428,#5429,#5430,#5431,
#5432,#5433,#5434,#5435,#5436,#5437,#5438,#5439,#5440,#5441,#5442,#5443,
#5444,#5445,#5446,#5447,#5448,#5449,#5450,#5451,#5452,#5453,#5454,#5455,
#5456,#5457,#5458,#5459,#5460,#5461,#5462,#5463,#5464,#5465,#5466,#5467,
#5468,#5469,#5470,#5471,#5472),.UNSPECIFIED.,.T.,.F.,(4,2,2,1,1,1,2,2,2,
2,2,2,2,2,2,2,2,2,2,2,2,2,2,2,4),(-1.52894437336558,-1.50667390299804,-1.4844013481213,
-1.37845408785879,-1.27250730443342,-1.16656028259379,-1.06080468547254,
-1.03904953321039,-1.01735967998652,-0.995901388360873,-0.974226257653481,
-0.868341684025534,-0.762778053279968,-0.657008551337854,-0.551160467950568,
-0.529237354017704,-0.507156046632501,-0.485158895235794,-0.463410507832799,
-0.358297799465025,-0.253185256667335,-0.148470764741447,-0.0433126909898857,
-0.0215953303981149,0.),.UNSPECIFIED.);
#191=B_SPLINE_CURVE_WITH_KNOTS('',3,(#5474,#5475,#5476,#5477,#5478,#5479,
#5480,#5481,#5482,#5483,#5484,#5485,#5486,#5487,#5488,#5489,#5490,#5491,
#5492,#5493,#5494,#5495,#5496,#5497,#5498,#5499,#5500,#5501,#5502,#5503,
#5504,#5505,#5506,#5507,#5508,#5509,#5510,#5511,#5512,#5513,#5514,#5515,
#5516,#5517,#5518,#5519,#5520,#5521,#5522,#5523,#5524,#5525,#5526,#5527,
#5528,#5529,#5530,#5531,#5532,#5533,#5534,#5535,#5536,#5537,#5538,#5539,
#5540,#5541,#5542,#5543,#5544,#5545,#5546,#5547,#5548,#5549,#5550,#5551,
#5552,#5553,#5554,#5555,#5556,#5557,#5558,#5559,#5560,#5561,#5562,#5563,
#5564,#5565,#5566,#5567,#5568,#5569,#5570,#5571,#5572,#5573),
 .UNSPECIFIED.,.T.,.F.,(4,2,2,2,2,2,2,2,2,2,2,2,2,2,2,2,2,2,2,2,2,2,2,2,
2,2,2,2,2,2,2,2,2,2,2,2,2,2,2,2,2,2,2,2,2,2,2,2,2,4),(-3.78012805646105,
-3.76293585575713,-3.74636483949017,-3.73212644655028,-3.53723812493981,
-3.34374301787394,-3.1490715214853,-3.13250890274214,-3.1164464886571,-3.09993180156463,
-3.04683792795775,-3.01345990101135,-2.9865357059248,-2.79846532060949,
-2.61039479098243,-2.42290043191077,-2.41213832122072,-2.40509173305204,
-2.39808247746644,-2.38741469085268,-2.19069025981183,-1.9932892353014,
-1.9788564396817,-1.96522727079923,-1.9495066294428,-1.87912496254904,-1.86352485617287,
-1.85028518840128,-1.83835589000329,-1.63865638414448,-1.43955610116774,
-1.23944490053595,-1.22747669340362,-1.21392126564473,-1.1955669456914,
-1.12538970156036,-1.0935987167592,-1.06574920633707,-0.795594951242746,
-0.526149761285467,-0.515497522518213,-0.508456406121227,-0.501426106030848,
-0.490748276166773,-0.303357778036764,-0.115171803215108,-0.099508764521891,
-0.0843601594360289,-0.0675239110738445,0.),.UNSPECIFIED.);
#192=B_SPLINE_CURVE_WITH_KNOTS('',3,(#5576,#5577,#5578,#5579,#5580,#5581,
#5582,#5583,#5584,#5585,#5586,#5587,#5588,#5589,#5590,#5591,#5592,#5593,
#5594,#5595,#5596,#5597,#5598,#5599,#5600,#5601,#5602,#5603,#5604,#5605,
#5606,#5607,#5608,#5609,#5610,#5611,#5612,#5613,#5614,#5615,#5616,#5617,
#5618,#5619,#5620,#5621,#5622,#5623,#5624,#5625,#5626,#5627,#5628,#5629,
#5630,#5631,#5632,#5633,#5634,#5635,#5636,#5637,#5638,#5639,#5640,#5641,
#5642,#5643,#5644,#5645,#5646,#5647,#5648,#5649,#5650,#5651,#5652,#5653,
#5654,#5655,#5656,#5657,#5658,#5659,#5660,#5661,#5662,#5663,#5664,#5665,
#5666,#5667,#5668,#5669,#5670,#5671,#5672,#5673,#5674,#5675),
 .UNSPECIFIED.,.T.,.F.,(4,2,2,2,2,2,2,2,2,2,2,2,2,2,2,2,2,2,2,2,2,2,2,2,
2,2,2,2,2,2,2,2,2,2,2,2,2,2,2,2,2,2,2,2,2,2,2,2,2,4),(0.,0.0675239110738445,
0.0843601594360289,0.099508764521891,0.115171803215108,0.303357778036764,
0.490748276166773,0.501426106030848,0.508456406121227,0.515497522518213,
0.526149761285467,0.795594951242746,1.06574920633707,1.0935987167592,1.12538970156036,
1.1955669456914,1.21392126564473,1.22747669340362,1.23944490053595,1.43955610116774,
1.63865638414448,1.83835589000329,1.85028518840128,1.86352485617287,1.87912496254904,
1.9495066294428,1.96522727079923,1.9788564396817,1.9932892353014,2.19069025981183,
2.38741469085268,2.39808247746644,2.40509173305204,2.41213832122072,2.42290043191077,
2.61039479098243,2.79846532060949,2.9865357059248,3.01345990101135,3.04683792795775,
3.09993180156463,3.1164464886571,3.13250890274214,3.1490715214853,3.34374301787394,
3.53723812493981,3.73212644655028,3.74636483949017,3.76293585575713,3.78012805646105),
 .UNSPECIFIED.);
#193=B_SPLINE_CURVE_WITH_KNOTS('',3,(#6079,#6080,#6081,#6082,#6083,#6084,
#6085,#6086,#6087,#6088,#6089,#6090,#6091,#6092,#6093,#6094,#6095,#6096,
#6097,#6098,#6099,#6100,#6101,#6102,#6103,#6104,#6105,#6106,#6107,#6108,
#6109,#6110,#6111,#6112,#6113,#6114,#6115,#6116,#6117,#6118,#6119,#6120,
#6121,#6122,#6123,#6124,#6125),.UNSPECIFIED.,.T.,.F.,(4,2,2,2,2,2,2,2,2,
2,2,2,2,2,2,2,2,2,2,1,1,1,2,2,4),(0.,0.0215953303981149,0.0433126909898857,
0.148470764741447,0.253185256667335,0.358297799465025,0.463410507832799,
0.485158895235794,0.507156046632501,0.529237354017704,0.551160467950568,
0.657008551337854,0.762778053279968,0.868341684025534,0.974226257653481,
0.995901388360873,1.01735967998652,1.03904953321039,1.06080468547254,1.16656028259379,
1.27250730443342,1.37845408785879,1.4844013481213,1.50667390299804,1.52894437336558),
 .UNSPECIFIED.);
#194=B_SPLINE_CURVE_WITH_KNOTS('',3,(#6317,#6318,#6319,#6320,#6321,#6322,
#6323,#6324,#6325,#6326,#6327,#6328,#6329,#6330,#6331,#6332,#6333,#6334,
#6335,#6336,#6337,#6338,#6339,#6340,#6341,#6342,#6343,#6344,#6345,#6346,
#6347,#6348,#6349,#6350,#6351,#6352,#6353,#6354,#6355,#6356,#6357,#6358,
#6359,#6360,#6361,#6362,#6363,#6364,#6365,#6366,#6367,#6368,#6369,#6370),
 .UNSPECIFIED.,.T.,.F.,(4,2,2,2,2,2,2,2,2,2,2,2,2,2,2,2,2,2,2,2,2,2,2,2,
2,2,4),(0.,0.0163743737440729,0.0321772650560065,0.0511215826251737,0.148810129901412,
0.246498558422221,0.344171953739493,0.441616189961005,0.539258502541202,
0.636900819859178,0.651777351071436,0.66652421149466,0.682837215979446,
0.760033889381057,0.776349347719243,0.791399129017037,0.807172983480216,
0.904749632661041,1.00232639968409,1.09972961095533,1.19735221820667,1.2949747071716,
1.39259725551425,1.40903206802326,1.4242543892979,1.44001639493341,1.51995877059329),
 .UNSPECIFIED.);
#195=B_SPLINE_CURVE_WITH_KNOTS('',3,(#6590,#6591,#6592,#6593,#6594,#6595,
#6596,#6597,#6598,#6599,#6600,#6601,#6602,#6603,#6604,#6605,#6606,#6607,
#6608,#6609,#6610,#6611,#6612,#6613,#6614,#6615,#6616,#6617,#6618,#6619,
#6620,#6621,#6622,#6623,#6624,#6625,#6626,#6627,#6628,#6629,#6630,#6631,
#6632,#6633,#6634,#6635,#6636,#6637,#6638,#6639,#6640,#6641,#6642,#6643,
#6644,#6645,#6646,#6647,#6648,#6649,#6650,#6651,#6652,#6653,#6654,#6655,
#6656,#6657,#6658,#6659,#6660,#6661,#6662,#6663,#6664,#6665,#6666,#6667,
#6668,#6669,#6670,#6671,#6672,#6673,#6674,#6675,#6676,#6677,#6678,#6679,
#6680,#6681,#6682,#6683,#6684,#6685,#6686,#6687,#6688,#6689,#6690,#6691,
#6692,#6693,#6694,#6695,#6696,#6697,#6698,#6699,#6700,#6701,#6702,#6703,
#6704,#6705,#6706,#6707,#6708,#6709,#6710,#6711,#6712,#6713,#6714,#6715,
#6716,#6717,#6718,#6719),.UNSPECIFIED.,.T.,.F.,(4,2,2,2,2,2,2,2,2,2,2,2,
2,2,2,2,2,2,2,2,2,2,2,2,2,2,2,2,2,2,2,2,2,2,2,2,2,2,2,2,2,2,2,2,2,2,2,2,
2,2,2,2,2,2,2,2,2,2,2,2,2,2,2,2,4),(0.,0.19342933142078,0.386422456073339,
0.397658479489989,0.406403184312835,0.415182416024176,0.426328944461587,
0.617477510443487,0.808945471794287,0.835671423411083,0.865260780829076,
0.964806176548041,0.981373723014977,0.997506992129233,1.01408273883639,
1.20905656872168,1.40331244337103,1.59827000037316,1.61408919013536,1.62896848992162,
1.64657693304245,1.70841923132919,1.72437065456859,1.73874098105567,1.75387028568754,
1.78813364588038,1.86767484757205,1.96952426947458,2.070370478011,2.14793742260176,
2.17889794686078,2.20919433265226,2.29970478373722,2.4500871178432,2.66104059555159,
2.67292667434517,2.68364819572817,2.69436977202551,2.70625577802866,2.91730687153917,
3.06777850647312,3.15833082351511,3.18857815480369,3.21914777545594,3.2958252490491,
3.39572317420441,3.49701542609262,3.57676051604235,3.61245117518589,3.62780287614091,
3.64239138860048,3.65850921861307,3.7293980767855,3.74565771607437,3.76092102289095,
3.77988271293691,3.97395649880921,4.16730804844315,4.36148612071751,4.37805669651427,
4.39415988672131,4.41069559024663,4.5057939589226,4.53646456670524,4.56317348101755),
 .UNSPECIFIED.);
#196=B_SPLINE_CURVE_WITH_KNOTS('',3,(#7243,#7244,#7245,#7246,#7247,#7248,
#7249,#7250,#7251,#7252,#7253,#7254,#7255,#7256,#7257,#7258,#7259,#7260,
#7261,#7262,#7263,#7264,#7265,#7266,#7267,#7268,#7269,#7270,#7271,#7272,
#7273,#7274,#7275,#7276,#7277,#7278,#7279,#7280,#7281,#7282,#7283,#7284,
#7285,#7286,#7287,#7288,#7289,#7290,#7291,#7292,#7293,#7294,#7295,#7296,
#7297,#7298,#7299,#7300,#7301,#7302,#7303,#7304,#7305,#7306,#7307,#7308,
#7309,#7310,#7311,#7312,#7313,#7314,#7315,#7316,#7317,#7318,#7319,#7320,
#7321,#7322,#7323,#7324,#7325,#7326,#7327,#7328,#7329,#7330,#7331,#7332,
#7333,#7334,#7335,#7336,#7337,#7338,#7339,#7340,#7341,#7342),
 .UNSPECIFIED.,.T.,.F.,(4,2,2,2,2,2,2,2,2,2,2,2,2,2,2,2,2,2,2,2,2,2,2,2,
2,2,2,2,2,2,2,2,2,2,2,2,2,2,2,2,2,2,2,2,2,2,2,2,2,4),(0.,0.143909037030498,
0.287818074060995,0.446919221312283,0.606020368563571,0.765121515814859,
0.924222663066146,1.00337290832549,1.08252315358483,1.16167339884417,1.20124852147384,
1.24082364410352,1.30165452725753,1.33206996883454,1.36248541041155,1.46901262084614,
1.57553983128072,1.7885942521499,2.01334966274197,2.23810507333404,2.41278723350155,
2.58746939366906,2.88929823443283,3.04021265481471,3.11566986500565,3.15339847010112,
3.19112707519659,3.25974121547726,3.32835535575793,3.3969694960386,3.43127656617893,
3.46558363631927,3.53743525083436,3.60928686534945,3.68113847986454,3.75299009437963,
3.76981444251533,3.78663879065102,3.82028748692241,3.83711183505811,3.8539361831938,
3.8707605313295,3.88758487946519,3.95488227200797,4.02217966455075,4.04019361796975,
4.05820757138875,4.07622152480774,4.09423547822674,4.16629129190272),
 .UNSPECIFIED.);
#197=B_SPLINE_CURVE_WITH_KNOTS('',3,(#7750,#7751,#7752,#7753,#7754,#7755,
#7756,#7757,#7758,#7759,#7760,#7761,#7762,#7763,#7764,#7765,#7766,#7767,
#7768,#7769,#7770,#7771,#7772,#7773,#7774,#7775,#7776,#7777,#7778,#7779,
#7780,#7781,#7782,#7783,#7784,#7785,#7786,#7787,#7788,#7789,#7790,#7791,
#7792,#7793,#7794,#7795,#7796,#7797,#7798),.UNSPECIFIED.,.F.,.F.,(4,3,3,
3,3,3,3,3,3,3,3,3,3,3,3,3,4),(-0.176589515326124,-0.163326690852322,-0.149989923448915,
-0.146911826768684,-0.138829553640775,-0.125469206008058,-0.117204518241349,
-0.103843265939423,-0.100998444983827,-0.08758529477472,-0.0781501619710677,
-0.0643097595745862,-0.0504693571781046,-0.0390845460300794,-0.0257569273057411,
-0.0124684324317593,0.),.UNSPECIFIED.);
#198=B_SPLINE_CURVE_WITH_KNOTS('',3,(#7802,#7803,#7804,#7805,#7806,#7807,
#7808,#7809,#7810,#7811,#7812,#7813,#7814,#7815,#7816,#7817,#7818,#7819,
#7820,#7821,#7822,#7823,#7824,#7825,#7826,#7827,#7828,#7829,#7830,#7831,
#7832,#7833,#7834,#7835,#7836,#7837,#7838,#7839,#7840,#7841,#7842,#7843,
#7844,#7845,#7846,#7847,#7848,#7849,#7850,#7851,#7852,#7853),
 .UNSPECIFIED.,.F.,.F.,(4,3,3,3,3,3,3,3,3,3,3,3,3,3,3,3,3,4),(-0.176590953040972,
-0.163385178405269,-0.150032065949832,-0.146949449440365,-0.133578858011728,
-0.126173053672992,-0.117284207465073,-0.103965608595158,-0.0906200210392902,
-0.0782070031013053,-0.0756819013766523,-0.0623995618485025,-0.0490656920986678,
-0.0391072588438308,-0.0378188351118949,-0.0245146058490409,-0.0111951492031982,
0.),.UNSPECIFIED.);
#199=B_SPLINE_CURVE_WITH_KNOTS('',3,(#7972,#7973,#7974,#7975,#7976,#7977),
 .UNSPECIFIED.,.F.,.F.,(4,1,1,4),(0.873490055032079,0.916864894067677,1.09582806147717,
1.2726226272711),.UNSPECIFIED.);
#200=B_SPLINE_CURVE_WITH_KNOTS('',3,(#8016,#8017,#8018,#8019,#8020,#8021),
 .UNSPECIFIED.,.F.,.F.,(4,2,4),(-0.000444971388484327,0.,0.0694863543183239),
 .UNSPECIFIED.);
#201=B_SPLINE_CURVE_WITH_KNOTS('',3,(#8029,#8030,#8031,#8032,#8033,#8034),
 .UNSPECIFIED.,.F.,.F.,(4,2,4),(0.204385169133202,0.273907970323223,0.274064279920398),
 .UNSPECIFIED.);
#202=B_SPLINE_CURVE_WITH_KNOTS('',3,(#8059,#8060,#8061,#8062,#8063,#8064),
 .UNSPECIFIED.,.F.,.F.,(4,2,4),(0.150109029240254,0.189481868307486,0.191300363226118),
 .UNSPECIFIED.);
#203=B_SPLINE_CURVE_WITH_KNOTS('',3,(#8068,#8069,#8070,#8071,#8072,#8073),
 .UNSPECIFIED.,.F.,.F.,(4,2,4),(0.416279653690832,0.41809813996556,0.457470978721349),
 .UNSPECIFIED.);
#204=B_SPLINE_CURVE_WITH_KNOTS('',3,(#8081,#8082,#8083,#8084,#8085,#8086,
#8087,#8088,#8089,#8090),.UNSPECIFIED.,.F.,.F.,(4,2,2,2,4),(0.326744116554138,
0.356325903820502,0.393734666906271,0.433518783063689,0.445019699969671),
 .UNSPECIFIED.);
#205=B_SPLINE_CURVE_WITH_KNOTS('',3,(#8186,#8187,#8188,#8189,#8190,#8191,
#8192),.UNSPECIFIED.,.F.,.F.,(4,3,4),(-0.0155819922247523,0.,0.0441782151714547),
 .UNSPECIFIED.);
#206=B_SPLINE_CURVE_WITH_KNOTS('',3,(#8194,#8195,#8196,#8197,#8198,#8199,
#8200,#8201),.UNSPECIFIED.,.F.,.F.,(4,2,2,4),(0.528483702647424,0.55900451287617,
0.589525323104916,0.606741876487434),.UNSPECIFIED.);
#207=B_SPLINE_CURVE_WITH_KNOTS('',3,(#8203,#8204,#8205,#8206,#8207,#8208),
 .UNSPECIFIED.,.F.,.F.,(4,2,4),(0.606741876487434,0.627897446339969,0.649819887823137),
 .UNSPECIFIED.);
#208=B_SPLINE_CURVE_WITH_KNOTS('',3,(#8214,#8215,#8216,#8217,#8218,#8219),
 .UNSPECIFIED.,.F.,.F.,(4,2,4),(0.343589839259703,0.387768046220935,0.40335004124507),
 .UNSPECIFIED.);
#209=B_SPLINE_CURVE_WITH_KNOTS('',3,(#8225,#8226,#8227,#8228,#8229,#8230),
 .UNSPECIFIED.,.F.,.F.,(4,2,4),(0.407147520564414,0.429069958954878,0.450225528807414),
 .UNSPECIFIED.);
#210=B_SPLINE_CURVE_WITH_KNOTS('',3,(#8231,#8232,#8233,#8234,#8235,#8236,
#8237,#8238),.UNSPECIFIED.,.F.,.F.,(4,2,2,4),(0.450225528807414,0.467442082189931,
0.497962892418677,0.528483702647424),.UNSPECIFIED.);
#211=CIRCLE('',#2611,1.);
#212=CIRCLE('',#2619,4.2);
#213=CIRCLE('',#2620,4.2);
#214=CIRCLE('',#2641,19.4);
#215=CIRCLE('',#2647,19.4);
#216=CIRCLE('',#2651,19.4);
#217=CIRCLE('',#2655,19.4);
#218=CIRCLE('',#2657,19.4);
#219=CIRCLE('',#2659,19.4);
#220=CIRCLE('',#2666,4.2);
#221=CIRCLE('',#2677,1.);
#222=CIRCLE('',#2686,17.4);
#223=CIRCLE('',#2687,2.76);
#224=CIRCLE('',#2688,2.76);
#225=CIRCLE('',#2689,0.760000000000001);
#226=CIRCLE('',#2690,0.760000000000002);
#227=CIRCLE('',#2691,9.64);
#228=CIRCLE('',#2692,0.760000000000002);
#229=CIRCLE('',#2693,0.760000000000001);
#230=CIRCLE('',#2695,2.);
#231=CIRCLE('',#2697,2.);
#232=CIRCLE('',#2701,1.6);
#233=CIRCLE('',#2705,4.2);
#234=CIRCLE('',#2708,1.6);
#235=CIRCLE('',#2709,1.6);
#236=CIRCLE('',#2711,2.6);
#237=CIRCLE('',#2715,1.6);
#238=CIRCLE('',#2717,2.6);
#239=CIRCLE('',#2718,2.6);
#240=CIRCLE('',#2720,2.6);
#241=CIRCLE('',#2721,2.6);
#242=CIRCLE('',#2737,1.);
#243=CIRCLE('',#2739,2.);
#244=CIRCLE('',#2740,8.4);
#245=CIRCLE('',#2741,2.);
#246=CIRCLE('',#2743,1.);
#247=CIRCLE('',#2744,1.);
#248=CIRCLE('',#2746,9.4);
#249=CIRCLE('',#2747,1.);
#250=CIRCLE('',#2749,1.);
#251=CIRCLE('',#2751,1.);
#252=CIRCLE('',#2754,1.);
#253=CIRCLE('',#2756,9.4);
#254=CIRCLE('',#2758,1.);
#255=CIRCLE('',#2760,0.240000000000001);
#256=CIRCLE('',#2761,0.24);
#257=CIRCLE('',#2763,0.24);
#258=CIRCLE('',#2765,0.24);
#259=CIRCLE('',#2767,0.240000000000003);
#260=CIRCLE('',#2769,0.24);
#261=CIRCLE('',#2771,0.24);
#262=CIRCLE('',#2773,0.24);
#263=PLANE('',#2610);
#264=PLANE('',#2615);
#265=PLANE('',#2621);
#266=PLANE('',#2626);
#267=PLANE('',#2627);
#268=PLANE('',#2629);
#269=PLANE('',#2631);
#270=PLANE('',#2632);
#271=PLANE('',#2633);
#272=PLANE('',#2634);
#273=PLANE('',#2636);
#274=PLANE('',#2637);
#275=PLANE('',#2639);
#276=PLANE('',#2640);
#277=PLANE('',#2642);
#278=PLANE('',#2643);
#279=PLANE('',#2645);
#280=PLANE('',#2646);
#281=PLANE('',#2648);
#282=PLANE('',#2649);
#283=PLANE('',#2650);
#284=PLANE('',#2652);
#285=PLANE('',#2653);
#286=PLANE('',#2665);
#287=PLANE('',#2667);
#288=PLANE('',#2669);
#289=PLANE('',#2673);
#290=PLANE('',#2675);
#291=PLANE('',#2676);
#292=PLANE('',#2683);
#293=PLANE('',#2685);
#294=PLANE('',#2700);
#295=PLANE('',#2702);
#296=PLANE('',#2703);
#297=PLANE('',#2706);
#298=PLANE('',#2710);
#299=PLANE('',#2716);
#300=PLANE('',#2719);
#301=PLANE('',#2722);
#302=PLANE('',#2723);
#303=PLANE('',#2724);
#304=PLANE('',#2725);
#305=PLANE('',#2726);
#306=PLANE('',#2727);
#307=PLANE('',#2728);
#308=PLANE('',#2730);
#309=PLANE('',#2731);
#310=PLANE('',#2733);
#311=PLANE('',#2738);
#312=PLANE('',#2752);
#313=PLANE('',#2759);
#314=PLANE('',#2775);
#315=FACE_OUTER_BOUND('',#459,.T.);
#316=FACE_OUTER_BOUND('',#460,.T.);
#317=FACE_OUTER_BOUND('',#461,.T.);
#318=FACE_OUTER_BOUND('',#462,.T.);
#319=FACE_OUTER_BOUND('',#463,.T.);
#320=FACE_OUTER_BOUND('',#464,.T.);
#321=FACE_OUTER_BOUND('',#465,.T.);
#322=FACE_OUTER_BOUND('',#466,.T.);
#323=FACE_OUTER_BOUND('',#467,.T.);
#324=FACE_OUTER_BOUND('',#468,.T.);
#325=FACE_OUTER_BOUND('',#469,.T.);
#326=FACE_OUTER_BOUND('',#470,.T.);
#327=FACE_OUTER_BOUND('',#471,.T.);
#328=FACE_OUTER_BOUND('',#472,.T.);
#329=FACE_OUTER_BOUND('',#473,.T.);
#330=FACE_OUTER_BOUND('',#474,.T.);
#331=FACE_OUTER_BOUND('',#475,.T.);
#332=FACE_OUTER_BOUND('',#476,.T.);
#333=FACE_OUTER_BOUND('',#477,.T.);
#334=FACE_OUTER_BOUND('',#478,.T.);
#335=FACE_OUTER_BOUND('',#479,.T.);
#336=FACE_OUTER_BOUND('',#480,.T.);
#337=FACE_OUTER_BOUND('',#481,.T.);
#338=FACE_OUTER_BOUND('',#482,.T.);
#339=FACE_OUTER_BOUND('',#483,.T.);
#340=FACE_OUTER_BOUND('',#484,.T.);
#341=FACE_OUTER_BOUND('',#485,.T.);
#342=FACE_OUTER_BOUND('',#486,.T.);
#343=FACE_OUTER_BOUND('',#487,.T.);
#344=FACE_OUTER_BOUND('',#488,.T.);
#345=FACE_OUTER_BOUND('',#490,.T.);
#346=FACE_OUTER_BOUND('',#491,.T.);
#347=FACE_OUTER_BOUND('',#492,.T.);
#348=FACE_OUTER_BOUND('',#493,.T.);
#349=FACE_OUTER_BOUND('',#494,.T.);
#350=FACE_OUTER_BOUND('',#495,.T.);
#351=FACE_OUTER_BOUND('',#496,.T.);
#352=FACE_OUTER_BOUND('',#497,.T.);
#353=FACE_OUTER_BOUND('',#498,.T.);
#354=FACE_OUTER_BOUND('',#499,.T.);
#355=FACE_OUTER_BOUND('',#500,.T.);
#356=FACE_OUTER_BOUND('',#501,.T.);
#357=FACE_OUTER_BOUND('',#502,.T.);
#358=FACE_OUTER_BOUND('',#503,.T.);
#359=FACE_OUTER_BOUND('',#504,.T.);
#360=FACE_OUTER_BOUND('',#505,.T.);
#361=FACE_OUTER_BOUND('',#506,.T.);
#362=FACE_OUTER_BOUND('',#507,.T.);
#363=FACE_OUTER_BOUND('',#508,.T.);
#364=FACE_OUTER_BOUND('',#509,.T.);
#365=FACE_OUTER_BOUND('',#510,.T.);
#366=FACE_OUTER_BOUND('',#511,.T.);
#367=FACE_OUTER_BOUND('',#512,.T.);
#368=FACE_OUTER_BOUND('',#513,.T.);
#369=FACE_OUTER_BOUND('',#514,.T.);
#370=FACE_OUTER_BOUND('',#515,.T.);
#371=FACE_OUTER_BOUND('',#516,.T.);
#372=FACE_OUTER_BOUND('',#517,.T.);
#373=FACE_OUTER_BOUND('',#518,.T.);
#374=FACE_OUTER_BOUND('',#519,.T.);
#375=FACE_OUTER_BOUND('',#520,.T.);
#376=FACE_OUTER_BOUND('',#521,.T.);
#377=FACE_OUTER_BOUND('',#522,.T.);
#378=FACE_OUTER_BOUND('',#523,.T.);
#379=FACE_OUTER_BOUND('',#524,.T.);
#380=FACE_OUTER_BOUND('',#525,.T.);
#381=FACE_OUTER_BOUND('',#526,.T.);
#382=FACE_OUTER_BOUND('',#527,.T.);
#383=FACE_OUTER_BOUND('',#528,.T.);
#384=FACE_OUTER_BOUND('',#529,.T.);
#385=FACE_OUTER_BOUND('',#531,.T.);
#386=FACE_OUTER_BOUND('',#539,.T.);
#387=FACE_OUTER_BOUND('',#540,.T.);
#388=FACE_OUTER_BOUND('',#541,.T.);
#389=FACE_OUTER_BOUND('',#542,.T.);
#390=FACE_OUTER_BOUND('',#543,.T.);
#391=FACE_OUTER_BOUND('',#544,.T.);
#392=FACE_OUTER_BOUND('',#545,.T.);
#393=FACE_OUTER_BOUND('',#546,.T.);
#394=FACE_OUTER_BOUND('',#547,.T.);
#395=FACE_OUTER_BOUND('',#548,.T.);
#396=FACE_OUTER_BOUND('',#549,.T.);
#397=FACE_OUTER_BOUND('',#550,.T.);
#398=FACE_OUTER_BOUND('',#551,.T.);
#399=FACE_OUTER_BOUND('',#552,.T.);
#400=FACE_OUTER_BOUND('',#553,.T.);
#401=FACE_OUTER_BOUND('',#554,.T.);
#402=FACE_OUTER_BOUND('',#555,.T.);
#403=FACE_OUTER_BOUND('',#556,.T.);
#404=FACE_OUTER_BOUND('',#557,.T.);
#405=FACE_OUTER_BOUND('',#558,.T.);
#406=FACE_OUTER_BOUND('',#559,.T.);
#407=FACE_OUTER_BOUND('',#560,.T.);
#408=FACE_OUTER_BOUND('',#561,.T.);
#409=FACE_OUTER_BOUND('',#563,.T.);
#410=FACE_OUTER_BOUND('',#564,.T.);
#411=FACE_OUTER_BOUND('',#565,.T.);
#412=FACE_OUTER_BOUND('',#566,.T.);
#413=FACE_OUTER_BOUND('',#567,.T.);
#414=FACE_OUTER_BOUND('',#569,.T.);
#415=FACE_OUTER_BOUND('',#570,.T.);
#416=FACE_OUTER_BOUND('',#571,.T.);
#417=FACE_OUTER_BOUND('',#572,.T.);
#418=FACE_OUTER_BOUND('',#573,.T.);
#419=FACE_OUTER_BOUND('',#574,.T.);
#420=FACE_OUTER_BOUND('',#576,.T.);
#421=FACE_OUTER_BOUND('',#577,.T.);
#422=FACE_OUTER_BOUND('',#578,.T.);
#423=FACE_OUTER_BOUND('',#582,.T.);
#424=FACE_OUTER_BOUND('',#586,.T.);
#425=FACE_OUTER_BOUND('',#587,.T.);
#426=FACE_OUTER_BOUND('',#588,.T.);
#427=FACE_OUTER_BOUND('',#589,.T.);
#428=FACE_OUTER_BOUND('',#590,.T.);
#429=FACE_OUTER_BOUND('',#591,.T.);
#430=FACE_OUTER_BOUND('',#592,.T.);
#431=FACE_OUTER_BOUND('',#593,.T.);
#432=FACE_OUTER_BOUND('',#594,.T.);
#433=FACE_OUTER_BOUND('',#595,.T.);
#434=FACE_OUTER_BOUND('',#596,.T.);
#435=FACE_OUTER_BOUND('',#597,.T.);
#436=FACE_OUTER_BOUND('',#598,.T.);
#437=FACE_OUTER_BOUND('',#599,.T.);
#438=FACE_OUTER_BOUND('',#600,.T.);
#439=FACE_OUTER_BOUND('',#601,.T.);
#440=FACE_OUTER_BOUND('',#602,.T.);
#441=FACE_OUTER_BOUND('',#603,.T.);
#442=FACE_OUTER_BOUND('',#604,.T.);
#443=FACE_OUTER_BOUND('',#605,.T.);
#444=FACE_OUTER_BOUND('',#606,.T.);
#445=FACE_OUTER_BOUND('',#607,.T.);
#446=FACE_OUTER_BOUND('',#608,.T.);
#447=FACE_OUTER_BOUND('',#609,.T.);
#448=FACE_OUTER_BOUND('',#610,.T.);
#449=FACE_OUTER_BOUND('',#611,.T.);
#450=FACE_OUTER_BOUND('',#612,.T.);
#451=FACE_OUTER_BOUND('',#613,.T.);
#452=FACE_OUTER_BOUND('',#614,.T.);
#453=FACE_OUTER_BOUND('',#615,.T.);
#454=FACE_OUTER_BOUND('',#616,.T.);
#455=FACE_OUTER_BOUND('',#617,.T.);
#456=FACE_OUTER_BOUND('',#618,.T.);
#457=FACE_OUTER_BOUND('',#619,.T.);
#458=FACE_OUTER_BOUND('',#620,.T.);
#459=EDGE_LOOP('',(#1656,#1657,#1658,#1659));
#460=EDGE_LOOP('',(#1660,#1661,#1662,#1663,#1664,#1665,#1666));
#461=EDGE_LOOP('',(#1667,#1668,#1669,#1670));
#462=EDGE_LOOP('',(#1671,#1672,#1673,#1674,#1675,#1676,#1677,#1678));
#463=EDGE_LOOP('',(#1679,#1680,#1681,#1682,#1683,#1684,#1685));
#464=EDGE_LOOP('',(#1686,#1687,#1688,#1689,#1690,#1691,#1692,#1693,#1694,
#1695));
#465=EDGE_LOOP('',(#1696,#1697,#1698,#1699));
#466=EDGE_LOOP('',(#1700,#1701,#1702,#1703));
#467=EDGE_LOOP('',(#1704,#1705,#1706,#1707));
#468=EDGE_LOOP('',(#1708,#1709,#1710,#1711));
#469=EDGE_LOOP('',(#1712,#1713,#1714,#1715));
#470=EDGE_LOOP('',(#1716,#1717,#1718,#1719));
#471=EDGE_LOOP('',(#1720,#1721,#1722,#1723));
#472=EDGE_LOOP('',(#1724,#1725,#1726,#1727));
#473=EDGE_LOOP('',(#1728,#1729,#1730,#1731));
#474=EDGE_LOOP('',(#1732,#1733,#1734,#1735));
#475=EDGE_LOOP('',(#1736,#1737,#1738,#1739));
#476=EDGE_LOOP('',(#1740,#1741,#1742,#1743));
#477=EDGE_LOOP('',(#1744,#1745,#1746,#1747));
#478=EDGE_LOOP('',(#1748,#1749,#1750,#1751));
#479=EDGE_LOOP('',(#1752,#1753,#1754,#1755));
#480=EDGE_LOOP('',(#1756,#1757,#1758,#1759));
#481=EDGE_LOOP('',(#1760,#1761,#1762,#1763));
#482=EDGE_LOOP('',(#1764,#1765,#1766,#1767));
#483=EDGE_LOOP('',(#1768,#1769,#1770,#1771));
#484=EDGE_LOOP('',(#1772,#1773,#1774,#1775));
#485=EDGE_LOOP('',(#1776,#1777,#1778,#1779));
#486=EDGE_LOOP('',(#1780,#1781,#1782,#1783));
#487=EDGE_LOOP('',(#1784,#1785,#1786,#1787,#1788));
#488=EDGE_LOOP('',(#1789,#1790,#1791,#1792,#1793,#1794,#1795,#1796,#1797,
#1798,#1799,#1800,#1801,#1802,#1803,#1804));
#489=EDGE_LOOP('',(#1805,#1806,#1807,#1808,#1809,#1810));
#490=EDGE_LOOP('',(#1811,#1812,#1813,#1814,#1815,#1816));
#491=EDGE_LOOP('',(#1817,#1818,#1819,#1820));
#492=EDGE_LOOP('',(#1821,#1822,#1823,#1824));
#493=EDGE_LOOP('',(#1825,#1826,#1827,#1828));
#494=EDGE_LOOP('',(#1829,#1830,#1831,#1832));
#495=EDGE_LOOP('',(#1833,#1834,#1835,#1836));
#496=EDGE_LOOP('',(#1837,#1838,#1839,#1840));
#497=EDGE_LOOP('',(#1841,#1842,#1843,#1844));
#498=EDGE_LOOP('',(#1845,#1846,#1847,#1848));
#499=EDGE_LOOP('',(#1849,#1850,#1851,#1852));
#500=EDGE_LOOP('',(#1853,#1854,#1855,#1856));
#501=EDGE_LOOP('',(#1857,#1858,#1859,#1860));
#502=EDGE_LOOP('',(#1861,#1862,#1863,#1864));
#503=EDGE_LOOP('',(#1865,#1866,#1867,#1868));
#504=EDGE_LOOP('',(#1869,#1870,#1871,#1872));
#505=EDGE_LOOP('',(#1873,#1874,#1875,#1876));
#506=EDGE_LOOP('',(#1877,#1878,#1879,#1880));
#507=EDGE_LOOP('',(#1881,#1882,#1883,#1884));
#508=EDGE_LOOP('',(#1885,#1886,#1887,#1888,#1889));
#509=EDGE_LOOP('',(#1890,#1891,#1892,#1893));
#510=EDGE_LOOP('',(#1894,#1895,#1896,#1897));
#511=EDGE_LOOP('',(#1898,#1899,#1900,#1901));
#512=EDGE_LOOP('',(#1902,#1903,#1904,#1905));
#513=EDGE_LOOP('',(#1906,#1907,#1908,#1909));
#514=EDGE_LOOP('',(#1910,#1911,#1912,#1913));
#515=EDGE_LOOP('',(#1914,#1915,#1916,#1917));
#516=EDGE_LOOP('',(#1918,#1919,#1920,#1921));
#517=EDGE_LOOP('',(#1922,#1923,#1924,#1925));
#518=EDGE_LOOP('',(#1926,#1927,#1928,#1929));
#519=EDGE_LOOP('',(#1930,#1931,#1932,#1933));
#520=EDGE_LOOP('',(#1934,#1935,#1936,#1937));
#521=EDGE_LOOP('',(#1938,#1939,#1940,#1941));
#522=EDGE_LOOP('',(#1942,#1943,#1944,#1945));
#523=EDGE_LOOP('',(#1946,#1947,#1948,#1949));
#524=EDGE_LOOP('',(#1950,#1951,#1952,#1953));
#525=EDGE_LOOP('',(#1954,#1955,#1956,#1957));
#526=EDGE_LOOP('',(#1958,#1959,#1960,#1961));
#527=EDGE_LOOP('',(#1962,#1963,#1964,#1965));
#528=EDGE_LOOP('',(#1966,#1967,#1968,#1969));
#529=EDGE_LOOP('',(#1970,#1971,#1972,#1973,#1974,#1975,#1976,#1977,#1978,
#1979,#1980,#1981,#1982,#1983,#1984,#1985,#1986,#1987,#1988,#1989,#1990,
#1991,#1992));
#530=EDGE_LOOP('',(#1993,#1994,#1995,#1996,#1997,#1998,#1999,#2000,#2001,
#2002,#2003,#2004,#2005,#2006,#2007));
#531=EDGE_LOOP('',(#2008,#2009,#2010,#2011,#2012,#2013,#2014,#2015));
#532=EDGE_LOOP('',(#2016,#2017,#2018,#2019,#2020,#2021,#2022,#2023,#2024,
#2025,#2026,#2027,#2028,#2029,#2030,#2031,#2032));
#533=EDGE_LOOP('',(#2033));
#534=EDGE_LOOP('',(#2034));
#535=EDGE_LOOP('',(#2035));
#536=EDGE_LOOP('',(#2036));
#537=EDGE_LOOP('',(#2037));
#538=EDGE_LOOP('',(#2038,#2039,#2040,#2041,#2042,#2043,#2044,#2045,#2046,
#2047,#2048,#2049,#2050,#2051,#2052,#2053,#2054,#2055,#2056,#2057,#2058,
#2059,#2060,#2061));
#539=EDGE_LOOP('',(#2062));
#540=EDGE_LOOP('',(#2063,#2064,#2065,#2066));
#541=EDGE_LOOP('',(#2067));
#542=EDGE_LOOP('',(#2068,#2069,#2070,#2071));
#543=EDGE_LOOP('',(#2072));
#544=EDGE_LOOP('',(#2073,#2074,#2075,#2076));
#545=EDGE_LOOP('',(#2077));
#546=EDGE_LOOP('',(#2078,#2079,#2080,#2081));
#547=EDGE_LOOP('',(#2082));
#548=EDGE_LOOP('',(#2083,#2084,#2085,#2086));
#549=EDGE_LOOP('',(#2087,#2088,#2089,#2090,#2091,#2092,#2093,#2094,#2095,
#2096));
#550=EDGE_LOOP('',(#2097,#2098,#2099,#2100,#2101,#2102,#2103,#2104,#2105,
#2106));
#551=EDGE_LOOP('',(#2107,#2108,#2109,#2110,#2111,#2112,#2113));
#552=EDGE_LOOP('',(#2114,#2115,#2116,#2117,#2118,#2119));
#553=EDGE_LOOP('',(#2120,#2121,#2122,#2123,#2124,#2125,#2126,#2127,#2128,
#2129,#2130,#2131,#2132,#2133,#2134));
#554=EDGE_LOOP('',(#2135,#2136,#2137));
#555=EDGE_LOOP('',(#2138,#2139,#2140,#2141));
#556=EDGE_LOOP('',(#2142,#2143,#2144));
#557=EDGE_LOOP('',(#2145,#2146,#2147,#2148,#2149,#2150,#2151));
#558=EDGE_LOOP('',(#2152,#2153,#2154,#2155));
#559=EDGE_LOOP('',(#2156,#2157,#2158,#2159));
#560=EDGE_LOOP('',(#2160,#2161,#2162,#2163,#2164,#2165,#2166));
#561=EDGE_LOOP('',(#2167,#2168,#2169,#2170,#2171,#2172,#2173,#2174));
#562=EDGE_LOOP('',(#2175,#2176,#2177,#2178,#2179,#2180,#2181,#2182,#2183,
#2184,#2185,#2186));
#563=EDGE_LOOP('',(#2187,#2188,#2189,#2190));
#564=EDGE_LOOP('',(#2191,#2192,#2193,#2194));
#565=EDGE_LOOP('',(#2195,#2196,#2197,#2198));
#566=EDGE_LOOP('',(#2199,#2200,#2201,#2202,#2203,#2204));
#567=EDGE_LOOP('',(#2205,#2206,#2207,#2208,#2209,#2210));
#568=EDGE_LOOP('',(#2211));
#569=EDGE_LOOP('',(#2212,#2213,#2214));
#570=EDGE_LOOP('',(#2215,#2216,#2217));
#571=EDGE_LOOP('',(#2218,#2219,#2220,#2221,#2222,#2223,#2224));
#572=EDGE_LOOP('',(#2225,#2226,#2227,#2228,#2229,#2230));
#573=EDGE_LOOP('',(#2231,#2232,#2233,#2234));
#574=EDGE_LOOP('',(#2235));
#575=EDGE_LOOP('',(#2236));
#576=EDGE_LOOP('',(#2237,#2238,#2239,#2240));
#577=EDGE_LOOP('',(#2241,#2242,#2243,#2244));
#578=EDGE_LOOP('',(#2245,#2246,#2247,#2248,#2249));
#579=EDGE_LOOP('',(#2250,#2251,#2252));
#580=EDGE_LOOP('',(#2253,#2254,#2255));
#581=EDGE_LOOP('',(#2256));
#582=EDGE_LOOP('',(#2257,#2258,#2259,#2260,#2261));
#583=EDGE_LOOP('',(#2262,#2263,#2264));
#584=EDGE_LOOP('',(#2265,#2266,#2267));
#585=EDGE_LOOP('',(#2268));
#586=EDGE_LOOP('',(#2269,#2270,#2271,#2272));
#587=EDGE_LOOP('',(#2273,#2274,#2275,#2276));
#588=EDGE_LOOP('',(#2277,#2278,#2279,#2280));
#589=EDGE_LOOP('',(#2281,#2282,#2283,#2284));
#590=EDGE_LOOP('',(#2285,#2286,#2287,#2288));
#591=EDGE_LOOP('',(#2289,#2290,#2291,#2292));
#592=EDGE_LOOP('',(#2293,#2294,#2295,#2296));
#593=EDGE_LOOP('',(#2297,#2298,#2299,#2300));
#594=EDGE_LOOP('',(#2301,#2302,#2303,#2304));
#595=EDGE_LOOP('',(#2305,#2306,#2307,#2308));
#596=EDGE_LOOP('',(#2309,#2310,#2311,#2312));
#597=EDGE_LOOP('',(#2313,#2314,#2315,#2316));
#598=EDGE_LOOP('',(#2317,#2318,#2319,#2320,#2321,#2322,#2323));
#599=EDGE_LOOP('',(#2324,#2325,#2326,#2327,#2328,#2329,#2330));
#600=EDGE_LOOP('',(#2331,#2332,#2333));
#601=EDGE_LOOP('',(#2334,#2335,#2336,#2337));
#602=EDGE_LOOP('',(#2338,#2339,#2340,#2341,#2342));
#603=EDGE_LOOP('',(#2343,#2344,#2345,#2346));
#604=EDGE_LOOP('',(#2347,#2348,#2349,#2350,#2351));
#605=EDGE_LOOP('',(#2352,#2353,#2354));
#606=EDGE_LOOP('',(#2355,#2356,#2357,#2358));
#607=EDGE_LOOP('',(#2359,#2360,#2361,#2362,#2363,#2364));
#608=EDGE_LOOP('',(#2365,#2366,#2367,#2368));
#609=EDGE_LOOP('',(#2369,#2370,#2371,#2372,#2373,#2374));
#610=EDGE_LOOP('',(#2375,#2376,#2377,#2378));
#611=EDGE_LOOP('',(#2379,#2380,#2381));
#612=EDGE_LOOP('',(#2382,#2383,#2384));
#613=EDGE_LOOP('',(#2385,#2386,#2387,#2388));
#614=EDGE_LOOP('',(#2389,#2390,#2391,#2392));
#615=EDGE_LOOP('',(#2393,#2394,#2395,#2396));
#616=EDGE_LOOP('',(#2397,#2398,#2399,#2400));
#617=EDGE_LOOP('',(#2401,#2402,#2403,#2404));
#618=EDGE_LOOP('',(#2405,#2406,#2407,#2408));
#619=EDGE_LOOP('',(#2409,#2410,#2411,#2412));
#620=EDGE_LOOP('',(#2413,#2414,#2415,#2416));
#621=EDGE_LOOP('',(#2417));
#622=LINE('',#3312,#812);
#623=LINE('',#3315,#813);
#624=LINE('',#3318,#814);
#625=LINE('',#3320,#815);
#626=LINE('',#3324,#816);
#627=LINE('',#3326,#817);
#628=LINE('',#3327,#818);
#629=LINE('',#3333,#819);
#630=LINE('',#3336,#820);
#631=LINE('',#3339,#821);
#632=LINE('',#3343,#822);
#633=LINE('',#3346,#823);
#634=LINE('',#3347,#824);
#635=LINE('',#3352,#825);
#636=LINE('',#3356,#826);
#637=LINE('',#3368,#827);
#638=LINE('',#3371,#828);
#639=LINE('',#3373,#829);
#640=LINE('',#3394,#830);
#641=LINE('',#3396,#831);
#642=LINE('',#3398,#832);
#643=LINE('',#3399,#833);
#644=LINE('',#3404,#834);
#645=LINE('',#3441,#835);
#646=LINE('',#3447,#836);
#647=LINE('',#3499,#837);
#648=LINE('',#3533,#838);
#649=LINE('',#3536,#839);
#650=LINE('',#3538,#840);
#651=LINE('',#3539,#841);
#652=LINE('',#3573,#842);
#653=LINE('',#3579,#843);
#654=LINE('',#3581,#844);
#655=LINE('',#3582,#845);
#656=LINE('',#3637,#846);
#657=LINE('',#3689,#847);
#658=LINE('',#3726,#848);
#659=LINE('',#3731,#849);
#660=LINE('',#3732,#850);
#661=LINE('',#3735,#851);
#662=LINE('',#3737,#852);
#663=LINE('',#3738,#853);
#664=LINE('',#3787,#854);
#665=LINE('',#3791,#855);
#666=LINE('',#3793,#856);
#667=LINE('',#3795,#857);
#668=LINE('',#3796,#858);
#669=LINE('',#3931,#859);
#670=LINE('',#3937,#860);
#671=LINE('',#3940,#861);
#672=LINE('',#3942,#862);
#673=LINE('',#3943,#863);
#674=LINE('',#3985,#864);
#675=LINE('',#3992,#865);
#676=LINE('',#3995,#866);
#677=LINE('',#3997,#867);
#678=LINE('',#3998,#868);
#679=LINE('',#4046,#869);
#680=LINE('',#4117,#870);
#681=LINE('',#4119,#871);
#682=LINE('',#4121,#872);
#683=LINE('',#4122,#873);
#684=LINE('',#4165,#874);
#685=LINE('',#4170,#875);
#686=LINE('',#4171,#876);
#687=LINE('',#4214,#877);
#688=LINE('',#4217,#878);
#689=LINE('',#4219,#879);
#690=LINE('',#4220,#880);
#691=LINE('',#4269,#881);
#692=LINE('',#4288,#882);
#693=LINE('',#4294,#883);
#694=LINE('',#4296,#884);
#695=LINE('',#4297,#885);
#696=LINE('',#4328,#886);
#697=LINE('',#4331,#887);
#698=LINE('',#4333,#888);
#699=LINE('',#4334,#889);
#700=LINE('',#4359,#890);
#701=LINE('',#4365,#891);
#702=LINE('',#4393,#892);
#703=LINE('',#4421,#893);
#704=LINE('',#4449,#894);
#705=LINE('',#4454,#895);
#706=LINE('',#4455,#896);
#707=LINE('',#4478,#897);
#708=LINE('',#4527,#898);
#709=LINE('',#4547,#899);
#710=LINE('',#4560,#900);
#711=LINE('',#4562,#901);
#712=LINE('',#4563,#902);
#713=LINE('',#4603,#903);
#714=LINE('',#4631,#904);
#715=LINE('',#4673,#905);
#716=LINE('',#4693,#906);
#717=LINE('',#4720,#907);
#718=LINE('',#4748,#908);
#719=LINE('',#4776,#909);
#720=LINE('',#4801,#910);
#721=LINE('',#4873,#911);
#722=LINE('',#4889,#912);
#723=LINE('',#4937,#913);
#724=LINE('',#4944,#914);
#725=LINE('',#4946,#915);
#726=LINE('',#4947,#916);
#727=LINE('',#4983,#917);
#728=LINE('',#4990,#918);
#729=LINE('',#5026,#919);
#730=LINE('',#5033,#920);
#731=LINE('',#5035,#921);
#732=LINE('',#5036,#922);
#733=LINE('',#5084,#923);
#734=LINE('',#5114,#924);
#735=LINE('',#5118,#925);
#736=LINE('',#6076,#926);
#737=LINE('',#6314,#927);
#738=LINE('',#6587,#928);
#739=LINE('',#7240,#929);
#740=LINE('',#7743,#930);
#741=LINE('',#7746,#931);
#742=LINE('',#7747,#932);
#743=LINE('',#7749,#933);
#744=LINE('',#7800,#934);
#745=LINE('',#7856,#935);
#746=LINE('',#7859,#936);
#747=LINE('',#7863,#937);
#748=LINE('',#7866,#938);
#749=LINE('',#7980,#939);
#750=LINE('',#7985,#940);
#751=LINE('',#7989,#941);
#752=LINE('',#7990,#942);
#753=LINE('',#7993,#943);
#754=LINE('',#8000,#944);
#755=LINE('',#8003,#945);
#756=LINE('',#8006,#946);
#757=LINE('',#8009,#947);
#758=LINE('',#8012,#948);
#759=LINE('',#8013,#949);
#760=LINE('',#8025,#950);
#761=LINE('',#8038,#951);
#762=LINE('',#8046,#952);
#763=LINE('',#8050,#953);
#764=LINE('',#8054,#954);
#765=LINE('',#8056,#955);
#766=LINE('',#8066,#956);
#767=LINE('',#8074,#957);
#768=LINE('',#8092,#958);
#769=LINE('',#8095,#959);
#770=LINE('',#8100,#960);
#771=LINE('',#8107,#961);
#772=LINE('',#8112,#962);
#773=LINE('',#8116,#963);
#774=LINE('',#8118,#964);
#775=LINE('',#8120,#965);
#776=LINE('',#8122,#966);
#777=LINE('',#8123,#967);
#778=LINE('',#8126,#968);
#779=LINE('',#8128,#969);
#780=LINE('',#8132,#970);
#781=LINE('',#8134,#971);
#782=LINE('',#8139,#972);
#783=LINE('',#8141,#973);
#784=LINE('',#8143,#974);
#785=LINE('',#8145,#975);
#786=LINE('',#8146,#976);
#787=LINE('',#8149,#977);
#788=LINE('',#8152,#978);
#789=LINE('',#8155,#979);
#790=LINE('',#8158,#980);
#791=LINE('',#8160,#981);
#792=LINE('',#8161,#982);
#793=LINE('',#8163,#983);
#794=LINE('',#8165,#984);
#795=LINE('',#8167,#985);
#796=LINE('',#8170,#986);
#797=LINE('',#8171,#987);
#798=LINE('',#8173,#988);
#799=LINE('',#8176,#989);
#800=LINE('',#8177,#990);
#801=LINE('',#8179,#991);
#802=LINE('',#8182,#992);
#803=LINE('',#8183,#993);
#804=LINE('',#8242,#994);
#805=LINE('',#8262,#995);
#806=LINE('',#8265,#996);
#807=LINE('',#8266,#997);
#808=LINE('',#8270,#998);
#809=LINE('',#8274,#999);
#810=LINE('',#8278,#1000);
#811=LINE('',#8280,#1001);
#812=VECTOR('',#2782,10.);
#813=VECTOR('',#2785,10.);
#814=VECTOR('',#2788,10.);
#815=VECTOR('',#2789,10.);
#816=VECTOR('',#2792,10.);
#817=VECTOR('',#2793,10.);
#818=VECTOR('',#2794,10.);
#819=VECTOR('',#2799,10.);
#820=VECTOR('',#2802,10.);
#821=VECTOR('',#2805,10.);
#822=VECTOR('',#2808,10.);
#823=VECTOR('',#2811,10.);
#824=VECTOR('',#2812,10.);
#825=VECTOR('',#2817,10.);
#826=VECTOR('',#2820,10.);
#827=VECTOR('',#2821,10.);
#828=VECTOR('',#2824,10.);
#829=VECTOR('',#2825,10.);
#830=VECTOR('',#2830,10.);
#831=VECTOR('',#2831,10.);
#832=VECTOR('',#2832,10.);
#833=VECTOR('',#2833,10.);
#834=VECTOR('',#2838,10.);
#835=VECTOR('',#2839,10.);
#836=VECTOR('',#2840,10.);
#837=VECTOR('',#2841,10.);
#838=VECTOR('',#2842,10.);
#839=VECTOR('',#2845,10.);
#840=VECTOR('',#2846,10.);
#841=VECTOR('',#2847,10.);
#842=VECTOR('',#2848,10.);
#843=VECTOR('',#2853,10.);
#844=VECTOR('',#2854,10.);
#845=VECTOR('',#2855,10.);
#846=VECTOR('',#2856,10.);
#847=VECTOR('',#2857,10.);
#848=VECTOR('',#2858,10.);
#849=VECTOR('',#2863,10.);
#850=VECTOR('',#2864,10.);
#851=VECTOR('',#2867,10.);
#852=VECTOR('',#2868,10.);
#853=VECTOR('',#2869,10.);
#854=VECTOR('',#2870,10.);
#855=VECTOR('',#2873,10.);
#856=VECTOR('',#2874,10.);
#857=VECTOR('',#2875,10.);
#858=VECTOR('',#2876,10.);
#859=VECTOR('',#2877,10.);
#860=VECTOR('',#2878,10.);
#861=VECTOR('',#2881,10.);
#862=VECTOR('',#2882,10.);
#863=VECTOR('',#2883,10.);
#864=VECTOR('',#2884,10.);
#865=VECTOR('',#2889,10.);
#866=VECTOR('',#2892,10.);
#867=VECTOR('',#2893,10.);
#868=VECTOR('',#2894,10.);
#869=VECTOR('',#2895,10.);
#870=VECTOR('',#2902,10.);
#871=VECTOR('',#2903,10.);
#872=VECTOR('',#2904,10.);
#873=VECTOR('',#2905,10.);
#874=VECTOR('',#2906,10.);
#875=VECTOR('',#2911,10.);
#876=VECTOR('',#2912,10.);
#877=VECTOR('',#2913,10.);
#878=VECTOR('',#2916,10.);
#879=VECTOR('',#2917,10.);
#880=VECTOR('',#2918,10.);
#881=VECTOR('',#2919,10.);
#882=VECTOR('',#2920,10.);
#883=VECTOR('',#2925,10.);
#884=VECTOR('',#2926,10.);
#885=VECTOR('',#2927,10.);
#886=VECTOR('',#2928,10.);
#887=VECTOR('',#2931,10.);
#888=VECTOR('',#2932,10.);
#889=VECTOR('',#2933,10.);
#890=VECTOR('',#2934,10.);
#891=VECTOR('',#2935,10.);
#892=VECTOR('',#2936,10.);
#893=VECTOR('',#2937,10.);
#894=VECTOR('',#2938,10.);
#895=VECTOR('',#2943,10.);
#896=VECTOR('',#2944,10.);
#897=VECTOR('',#2945,10.);
#898=VECTOR('',#2946,10.);
#899=VECTOR('',#2947,10.);
#900=VECTOR('',#2950,10.);
#901=VECTOR('',#2951,10.);
#902=VECTOR('',#2952,10.);
#903=VECTOR('',#2953,10.);
#904=VECTOR('',#2954,10.);
#905=VECTOR('',#2955,10.);
#906=VECTOR('',#2956,10.);
#907=VECTOR('',#2957,10.);
#908=VECTOR('',#2958,10.);
#909=VECTOR('',#2959,10.);
#910=VECTOR('',#2960,10.);
#911=VECTOR('',#2961,10.);
#912=VECTOR('',#2962,10.);
#913=VECTOR('',#2963,10.);
#914=VECTOR('',#2966,10.);
#915=VECTOR('',#2967,10.);
#916=VECTOR('',#2968,10.);
#917=VECTOR('',#2969,10.);
#918=VECTOR('',#2974,10.);
#919=VECTOR('',#2975,10.);
#920=VECTOR('',#2978,10.);
#921=VECTOR('',#2979,10.);
#922=VECTOR('',#2980,10.);
#923=VECTOR('',#2981,10.);
#924=VECTOR('',#2990,10.);
#925=VECTOR('',#2993,10.);
#926=VECTOR('',#3000,10.);
#927=VECTOR('',#3003,10.);
#928=VECTOR('',#3006,10.);
#929=VECTOR('',#3009,10.);
#930=VECTOR('',#3012,10.);
#931=VECTOR('',#3015,10.);
#932=VECTOR('',#3016,10.);
#933=VECTOR('',#3019,10.);
#934=VECTOR('',#3022,10.);
#935=VECTOR('',#3025,10.);
#936=VECTOR('',#3028,10.);
#937=VECTOR('',#3031,10.);
#938=VECTOR('',#3034,10.);
#939=VECTOR('',#3039,10.);
#940=VECTOR('',#3046,10.);
#941=VECTOR('',#3049,10.);
#942=VECTOR('',#3050,10.);
#943=VECTOR('',#3053,10.);
#944=VECTOR('',#3062,10.);
#945=VECTOR('',#3065,10.);
#946=VECTOR('',#3068,10.);
#947=VECTOR('',#3071,10.);
#948=VECTOR('',#3074,10.);
#949=VECTOR('',#3075,10.);
#950=VECTOR('',#3078,10.);
#951=VECTOR('',#3083,10.);
#952=VECTOR('',#3090,10.);
#953=VECTOR('',#3097,10.);
#954=VECTOR('',#3104,10.);
#955=VECTOR('',#3107,10.);
#956=VECTOR('',#3110,10.);
#957=VECTOR('',#3111,10.);
#958=VECTOR('',#3120,10.);
#959=VECTOR('',#3125,10.);
#960=VECTOR('',#3130,1.6);
#961=VECTOR('',#3139,2.6);
#962=VECTOR('',#3146,1.6);
#963=VECTOR('',#3149,10.);
#964=VECTOR('',#3150,10.);
#965=VECTOR('',#3151,10.);
#966=VECTOR('',#3152,10.);
#967=VECTOR('',#3153,10.);
#968=VECTOR('',#3154,10.);
#969=VECTOR('',#3155,10.);
#970=VECTOR('',#3158,10.);
#971=VECTOR('',#3159,10.);
#972=VECTOR('',#3164,10.);
#973=VECTOR('',#3165,10.);
#974=VECTOR('',#3166,10.);
#975=VECTOR('',#3167,10.);
#976=VECTOR('',#3168,10.);
#977=VECTOR('',#3169,10.);
#978=VECTOR('',#3172,10.);
#979=VECTOR('',#3173,10.);
#980=VECTOR('',#3176,10.);
#981=VECTOR('',#3179,10.);
#982=VECTOR('',#3180,10.);
#983=VECTOR('',#3183,10.);
#984=VECTOR('',#3186,10.);
#985=VECTOR('',#3189,10.);
#986=VECTOR('',#3194,10.);
#987=VECTOR('',#3195,10.);
#988=VECTOR('',#3198,10.);
#989=VECTOR('',#3203,10.);
#990=VECTOR('',#3204,10.);
#991=VECTOR('',#3207,10.);
#992=VECTOR('',#3212,10.);
#993=VECTOR('',#3213,10.);
#994=VECTOR('',#3222,10.);
#995=VECTOR('',#3251,10.);
#996=VECTOR('',#3254,10.);
#997=VECTOR('',#3255,10.);
#998=VECTOR('',#3260,10.);
#999=VECTOR('',#3265,10.);
#1000=VECTOR('',#3270,10.);
#1001=VECTOR('',#3273,10.);
#1002=ELLIPSE('',#2608,1.15470053837925,1.);
#1003=ELLIPSE('',#2609,2.,1.);
#1004=ELLIPSE('',#2613,1.15470053837925,1.);
#1005=ELLIPSE('',#2614,2.,1.);
#1006=ELLIPSE('',#2616,8.4,4.2);
#1007=ELLIPSE('',#2617,8.4,4.2);
#1008=ELLIPSE('',#2622,3.6,1.8);
#1009=ELLIPSE('',#2623,3.6,1.8);
#1010=ELLIPSE('',#2625,2.07846096908265,1.8);
#1011=ELLIPSE('',#2628,21.3076705704414,19.4);
#1012=ELLIPSE('',#2630,21.4157636999534,19.4);
#1013=ELLIPSE('',#2635,21.5121489628223,19.4);
#1014=ELLIPSE('',#2644,23.8073452135689,19.4);
#1015=ELLIPSE('',#2656,38.8,19.4);
#1016=ELLIPSE('',#2658,38.8,19.4);
#1017=ELLIPSE('',#2668,2.07846096908265,1.8);
#1018=ELLIPSE('',#2670,2.3094010767585,2.);
#1019=ELLIPSE('',#2671,1.15470053837925,1.);
#1020=ELLIPSE('',#2679,1.4142135623731,1.);
#1021=ELLIPSE('',#2681,1.15470053837925,1.);
#1022=ELLIPSE('',#2682,1.41421356237309,1.);
#1023=ELLIPSE('',#2684,2.3094010767585,2.);
#1024=ELLIPSE('',#2713,3.00222139978605,2.6);
#1025=VERTEX_POINT('',#3308);
#1026=VERTEX_POINT('',#3309);
#1027=VERTEX_POINT('',#3311);
#1028=VERTEX_POINT('',#3313);
#1029=VERTEX_POINT('',#3317);
#1030=VERTEX_POINT('',#3319);
#1031=VERTEX_POINT('',#3321);
#1032=VERTEX_POINT('',#3323);
#1033=VERTEX_POINT('',#3325);
#1034=VERTEX_POINT('',#3329);
#1035=VERTEX_POINT('',#3330);
#1036=VERTEX_POINT('',#3332);
#1037=VERTEX_POINT('',#3334);
#1038=VERTEX_POINT('',#3338);
#1039=VERTEX_POINT('',#3340);
#1040=VERTEX_POINT('',#3342);
#1041=VERTEX_POINT('',#3344);
#1042=VERTEX_POINT('',#3349);
#1043=VERTEX_POINT('',#3351);
#1044=VERTEX_POINT('',#3353);
#1045=VERTEX_POINT('',#3355);
#1046=VERTEX_POINT('',#3357);
#1047=VERTEX_POINT('',#3370);
#1048=VERTEX_POINT('',#3372);
#1049=VERTEX_POINT('',#3374);
#1050=VERTEX_POINT('',#3376);
#1051=VERTEX_POINT('',#3391);
#1052=VERTEX_POINT('',#3393);
#1053=VERTEX_POINT('',#3395);
#1054=VERTEX_POINT('',#3397);
#1055=VERTEX_POINT('',#3401);
#1056=VERTEX_POINT('',#3402);
#1057=VERTEX_POINT('',#3419);
#1058=VERTEX_POINT('',#3420);
#1059=VERTEX_POINT('',#3440);
#1060=VERTEX_POINT('',#3442);
#1061=VERTEX_POINT('',#3456);
#1062=VERTEX_POINT('',#3494);
#1063=VERTEX_POINT('',#3508);
#1064=VERTEX_POINT('',#3528);
#1065=VERTEX_POINT('',#3535);
#1066=VERTEX_POINT('',#3537);
#1067=VERTEX_POINT('',#3548);
#1068=VERTEX_POINT('',#3568);
#1069=VERTEX_POINT('',#3575);
#1070=VERTEX_POINT('',#3576);
#1071=VERTEX_POINT('',#3578);
#1072=VERTEX_POINT('',#3580);
#1073=VERTEX_POINT('',#3591);
#1074=VERTEX_POINT('',#3632);
#1075=VERTEX_POINT('',#3646);
#1076=VERTEX_POINT('',#3684);
#1077=VERTEX_POINT('',#3698);
#1078=VERTEX_POINT('',#3721);
#1079=VERTEX_POINT('',#3728);
#1080=VERTEX_POINT('',#3730);
#1081=VERTEX_POINT('',#3734);
#1082=VERTEX_POINT('',#3736);
#1083=VERTEX_POINT('',#3747);
#1084=VERTEX_POINT('',#3782);
#1085=VERTEX_POINT('',#3789);
#1086=VERTEX_POINT('',#3790);
#1087=VERTEX_POINT('',#3792);
#1088=VERTEX_POINT('',#3794);
#1089=VERTEX_POINT('',#3897);
#1090=VERTEX_POINT('',#3898);
#1091=VERTEX_POINT('',#3930);
#1092=VERTEX_POINT('',#3932);
#1093=VERTEX_POINT('',#3939);
#1094=VERTEX_POINT('',#3941);
#1095=VERTEX_POINT('',#3952);
#1096=VERTEX_POINT('',#3984);
#1097=VERTEX_POINT('',#3994);
#1098=VERTEX_POINT('',#3996);
#1099=VERTEX_POINT('',#4007);
#1100=VERTEX_POINT('',#4045);
#1101=VERTEX_POINT('',#4057);
#1102=VERTEX_POINT('',#4115);
#1103=VERTEX_POINT('',#4116);
#1104=VERTEX_POINT('',#4118);
#1105=VERTEX_POINT('',#4120);
#1106=VERTEX_POINT('',#4131);
#1107=VERTEX_POINT('',#4160);
#1108=VERTEX_POINT('',#4167);
#1109=VERTEX_POINT('',#4169);
#1110=VERTEX_POINT('',#4180);
#1111=VERTEX_POINT('',#4209);
#1112=VERTEX_POINT('',#4216);
#1113=VERTEX_POINT('',#4218);
#1114=VERTEX_POINT('',#4229);
#1115=VERTEX_POINT('',#4264);
#1116=VERTEX_POINT('',#4276);
#1117=VERTEX_POINT('',#4284);
#1118=VERTEX_POINT('',#4290);
#1119=VERTEX_POINT('',#4291);
#1120=VERTEX_POINT('',#4293);
#1121=VERTEX_POINT('',#4295);
#1122=VERTEX_POINT('',#4306);
#1123=VERTEX_POINT('',#4323);
#1124=VERTEX_POINT('',#4330);
#1125=VERTEX_POINT('',#4332);
#1126=VERTEX_POINT('',#4343);
#1127=VERTEX_POINT('',#4344);
#1128=VERTEX_POINT('',#4358);
#1129=VERTEX_POINT('',#4360);
#1130=VERTEX_POINT('',#4374);
#1131=VERTEX_POINT('',#4388);
#1132=VERTEX_POINT('',#4400);
#1133=VERTEX_POINT('',#4417);
#1134=VERTEX_POINT('',#4430);
#1135=VERTEX_POINT('',#4444);
#1136=VERTEX_POINT('',#4451);
#1137=VERTEX_POINT('',#4453);
#1138=VERTEX_POINT('',#4464);
#1139=VERTEX_POINT('',#4473);
#1140=VERTEX_POINT('',#4487);
#1141=VERTEX_POINT('',#4522);
#1142=VERTEX_POINT('',#4534);
#1143=VERTEX_POINT('',#4542);
#1144=VERTEX_POINT('',#4546);
#1145=VERTEX_POINT('',#4559);
#1146=VERTEX_POINT('',#4561);
#1147=VERTEX_POINT('',#4572);
#1148=VERTEX_POINT('',#4598);
#1149=VERTEX_POINT('',#4612);
#1150=VERTEX_POINT('',#4626);
#1151=VERTEX_POINT('',#4640);
#1152=VERTEX_POINT('',#4672);
#1153=VERTEX_POINT('',#4684);
#1154=VERTEX_POINT('',#4692);
#1155=VERTEX_POINT('',#4705);
#1156=VERTEX_POINT('',#4719);
#1157=VERTEX_POINT('',#4733);
#1158=VERTEX_POINT('',#4747);
#1159=VERTEX_POINT('',#4761);
#1160=VERTEX_POINT('',#4775);
#1161=VERTEX_POINT('',#4789);
#1162=VERTEX_POINT('',#4800);
#1163=VERTEX_POINT('',#4839);
#1164=VERTEX_POINT('',#4868);
#1165=VERTEX_POINT('',#4880);
#1166=VERTEX_POINT('',#4888);
#1167=VERTEX_POINT('',#4901);
#1168=VERTEX_POINT('',#4936);
#1169=VERTEX_POINT('',#4943);
#1170=VERTEX_POINT('',#4945);
#1171=VERTEX_POINT('',#4956);
#1172=VERTEX_POINT('',#4982);
#1173=VERTEX_POINT('',#4999);
#1174=VERTEX_POINT('',#5025);
#1175=VERTEX_POINT('',#5032);
#1176=VERTEX_POINT('',#5034);
#1177=VERTEX_POINT('',#5045);
#1178=VERTEX_POINT('',#5083);
#1179=VERTEX_POINT('',#5108);
#1180=VERTEX_POINT('',#5109);
#1181=VERTEX_POINT('',#5111);
#1182=VERTEX_POINT('',#5113);
#1183=VERTEX_POINT('',#5115);
#1184=VERTEX_POINT('',#5117);
#1185=VERTEX_POINT('',#5119);
#1186=VERTEX_POINT('',#5121);
#1187=VERTEX_POINT('',#5138);
#1188=VERTEX_POINT('',#5239);
#1189=VERTEX_POINT('',#5370);
#1190=VERTEX_POINT('',#5425);
#1191=VERTEX_POINT('',#5473);
#1192=VERTEX_POINT('',#5575);
#1193=VERTEX_POINT('',#6078);
#1194=VERTEX_POINT('',#6316);
#1195=VERTEX_POINT('',#6589);
#1196=VERTEX_POINT('',#7242);
#1197=VERTEX_POINT('',#7745);
#1198=VERTEX_POINT('',#7801);
#1199=VERTEX_POINT('',#7854);
#1200=VERTEX_POINT('',#7858);
#1201=VERTEX_POINT('',#7860);
#1202=VERTEX_POINT('',#7862);
#1203=VERTEX_POINT('',#7864);
#1204=VERTEX_POINT('',#7984);
#1205=VERTEX_POINT('',#7986);
#1206=VERTEX_POINT('',#7988);
#1207=VERTEX_POINT('',#7992);
#1208=VERTEX_POINT('',#7996);
#1209=VERTEX_POINT('',#7998);
#1210=VERTEX_POINT('',#8002);
#1211=VERTEX_POINT('',#8004);
#1212=VERTEX_POINT('',#8008);
#1213=VERTEX_POINT('',#8010);
#1214=VERTEX_POINT('',#8014);
#1215=VERTEX_POINT('',#8015);
#1216=VERTEX_POINT('',#8022);
#1217=VERTEX_POINT('',#8024);
#1218=VERTEX_POINT('',#8026);
#1219=VERTEX_POINT('',#8028);
#1220=VERTEX_POINT('',#8035);
#1221=VERTEX_POINT('',#8037);
#1222=VERTEX_POINT('',#8039);
#1223=VERTEX_POINT('',#8041);
#1224=VERTEX_POINT('',#8043);
#1225=VERTEX_POINT('',#8045);
#1226=VERTEX_POINT('',#8058);
#1227=VERTEX_POINT('',#8065);
#1228=VERTEX_POINT('',#8067);
#1229=VERTEX_POINT('',#8075);
#1230=VERTEX_POINT('',#8080);
#1231=VERTEX_POINT('',#8091);
#1232=VERTEX_POINT('',#8097);
#1233=VERTEX_POINT('',#8099);
#1234=VERTEX_POINT('',#8103);
#1235=VERTEX_POINT('',#8106);
#1236=VERTEX_POINT('',#8110);
#1237=VERTEX_POINT('',#8114);
#1238=VERTEX_POINT('',#8115);
#1239=VERTEX_POINT('',#8117);
#1240=VERTEX_POINT('',#8119);
#1241=VERTEX_POINT('',#8121);
#1242=VERTEX_POINT('',#8124);
#1243=VERTEX_POINT('',#8125);
#1244=VERTEX_POINT('',#8127);
#1245=VERTEX_POINT('',#8130);
#1246=VERTEX_POINT('',#8131);
#1247=VERTEX_POINT('',#8133);
#1248=VERTEX_POINT('',#8137);
#1249=VERTEX_POINT('',#8138);
#1250=VERTEX_POINT('',#8140);
#1251=VERTEX_POINT('',#8142);
#1252=VERTEX_POINT('',#8144);
#1253=VERTEX_POINT('',#8147);
#1254=VERTEX_POINT('',#8148);
#1255=VERTEX_POINT('',#8150);
#1256=VERTEX_POINT('',#8153);
#1257=VERTEX_POINT('',#8154);
#1258=VERTEX_POINT('',#8156);
#1259=VERTEX_POINT('',#8185);
#1260=VERTEX_POINT('',#8193);
#1261=VERTEX_POINT('',#8202);
#1262=VERTEX_POINT('',#8213);
#1263=VERTEX_POINT('',#8220);
#1264=VERTEX_POINT('',#8224);
#1265=VERTEX_POINT('',#8240);
#1266=VERTEX_POINT('',#8244);
#1267=VERTEX_POINT('',#8246);
#1268=VERTEX_POINT('',#8250);
#1269=VERTEX_POINT('',#8254);
#1270=VERTEX_POINT('',#8260);
#1271=VERTEX_POINT('',#8264);
#1272=VERTEX_POINT('',#8268);
#1273=VERTEX_POINT('',#8272);
#1274=VERTEX_POINT('',#8276);
#1275=EDGE_CURVE('',#1025,#1026,#1002,.F.);
#1276=EDGE_CURVE('',#1025,#1027,#622,.T.);
#1277=EDGE_CURVE('',#1027,#1028,#1003,.T.);
#1278=EDGE_CURVE('',#1028,#1026,#623,.T.);
#1279=EDGE_CURVE('',#1028,#1029,#624,.T.);
#1280=EDGE_CURVE('',#1030,#1029,#625,.T.);
#1281=EDGE_CURVE('',#1031,#1030,#211,.F.);
#1282=EDGE_CURVE('',#1032,#1031,#626,.T.);
#1283=EDGE_CURVE('',#1033,#1032,#627,.T.);
#1284=EDGE_CURVE('',#1033,#1026,#628,.T.);
#1285=EDGE_CURVE('',#1034,#1035,#1004,.T.);
#1286=EDGE_CURVE('',#1035,#1036,#629,.T.);
#1287=EDGE_CURVE('',#1036,#1037,#1005,.T.);
#1288=EDGE_CURVE('',#1037,#1034,#630,.T.);
#1289=EDGE_CURVE('',#1025,#1038,#631,.T.);
#1290=EDGE_CURVE('',#1039,#1038,#1006,.T.);
#1291=EDGE_CURVE('',#1040,#1039,#632,.T.);
#1292=EDGE_CURVE('',#1041,#1040,#1007,.T.);
#1293=EDGE_CURVE('',#1041,#1034,#633,.T.);
#1294=EDGE_CURVE('',#1027,#1037,#634,.T.);
#1295=EDGE_CURVE('',#1038,#1042,#212,.T.);
#1296=EDGE_CURVE('',#1042,#1043,#635,.T.);
#1297=EDGE_CURVE('',#1044,#1043,#213,.T.);
#1298=EDGE_CURVE('',#1044,#1045,#636,.T.);
#1299=EDGE_CURVE('',#1045,#1046,#132,.F.);
#1300=EDGE_CURVE('',#1046,#1039,#637,.T.);
#1301=EDGE_CURVE('',#1042,#1047,#638,.T.);
#1302=EDGE_CURVE('',#1047,#1048,#639,.T.);
#1303=EDGE_CURVE('',#1048,#1049,#1008,.T.);
#1304=EDGE_CURVE('',#1050,#1049,#133,.T.);
#1305=EDGE_CURVE('',#1050,#1051,#1009,.T.);
#1306=EDGE_CURVE('',#1051,#1052,#640,.T.);
#1307=EDGE_CURVE('',#1052,#1053,#641,.T.);
#1308=EDGE_CURVE('',#1053,#1054,#642,.T.);
#1309=EDGE_CURVE('',#1043,#1054,#643,.T.);
#1310=EDGE_CURVE('',#1055,#1056,#1010,.T.);
#1311=EDGE_CURVE('',#1051,#1056,#644,.T.);
#1312=EDGE_CURVE('',#1055,#1050,#134,.T.);
#1313=EDGE_CURVE('',#1057,#1058,#135,.T.);
#1314=EDGE_CURVE('',#1057,#1059,#645,.T.);
#1315=EDGE_CURVE('',#1059,#1060,#60,.T.);
#1316=EDGE_CURVE('',#1058,#1060,#646,.T.);
#1317=EDGE_CURVE('',#1058,#1061,#136,.T.);
#1318=EDGE_CURVE('',#1060,#1062,#61,.T.);
#1319=EDGE_CURVE('',#1061,#1062,#647,.T.);
#1320=EDGE_CURVE('',#1061,#1063,#137,.T.);
#1321=EDGE_CURVE('',#1062,#1064,#62,.T.);
#1322=EDGE_CURVE('',#1063,#1064,#648,.T.);
#1323=EDGE_CURVE('',#1063,#1065,#649,.T.);
#1324=EDGE_CURVE('',#1064,#1066,#650,.T.);
#1325=EDGE_CURVE('',#1065,#1066,#651,.T.);
#1326=EDGE_CURVE('',#1065,#1067,#138,.T.);
#1327=EDGE_CURVE('',#1066,#1068,#63,.T.);
#1328=EDGE_CURVE('',#1067,#1068,#652,.T.);
#1329=EDGE_CURVE('',#1069,#1070,#1011,.T.);
#1330=EDGE_CURVE('',#1069,#1071,#653,.T.);
#1331=EDGE_CURVE('',#1071,#1072,#654,.T.);
#1332=EDGE_CURVE('',#1070,#1072,#655,.T.);
#1333=EDGE_CURVE('',#1067,#1073,#139,.T.);
#1334=EDGE_CURVE('',#1068,#1074,#64,.T.);
#1335=EDGE_CURVE('',#1073,#1074,#656,.T.);
#1336=EDGE_CURVE('',#1070,#1075,#140,.T.);
#1337=EDGE_CURVE('',#1072,#1076,#65,.T.);
#1338=EDGE_CURVE('',#1075,#1076,#657,.T.);
#1339=EDGE_CURVE('',#1073,#1077,#141,.T.);
#1340=EDGE_CURVE('',#1074,#1078,#66,.T.);
#1341=EDGE_CURVE('',#1077,#1078,#658,.T.);
#1342=EDGE_CURVE('',#1075,#1079,#1012,.T.);
#1343=EDGE_CURVE('',#1076,#1080,#659,.T.);
#1344=EDGE_CURVE('',#1079,#1080,#660,.T.);
#1345=EDGE_CURVE('',#1077,#1081,#661,.T.);
#1346=EDGE_CURVE('',#1078,#1082,#662,.T.);
#1347=EDGE_CURVE('',#1081,#1082,#663,.T.);
#1348=EDGE_CURVE('',#1081,#1083,#142,.T.);
#1349=EDGE_CURVE('',#1082,#1084,#67,.T.);
#1350=EDGE_CURVE('',#1083,#1084,#664,.T.);
#1351=EDGE_CURVE('',#1085,#1086,#665,.T.);
#1352=EDGE_CURVE('',#1085,#1087,#666,.T.);
#1353=EDGE_CURVE('',#1087,#1088,#667,.T.);
#1354=EDGE_CURVE('',#1086,#1088,#668,.T.);
#1355=EDGE_CURVE('',#1079,#1085,#143,.T.);
#1356=EDGE_CURVE('',#1080,#1087,#68,.T.);
#1357=EDGE_CURVE('',#1086,#1069,#144,.T.);
#1358=EDGE_CURVE('',#1088,#1071,#69,.T.);
#1359=EDGE_CURVE('',#1089,#1090,#145,.T.);
#1360=EDGE_CURVE('',#1089,#1091,#669,.T.);
#1361=EDGE_CURVE('',#1091,#1092,#70,.T.);
#1362=EDGE_CURVE('',#1090,#1092,#670,.T.);
#1363=EDGE_CURVE('',#1093,#1089,#671,.T.);
#1364=EDGE_CURVE('',#1093,#1094,#672,.T.);
#1365=EDGE_CURVE('',#1094,#1091,#673,.T.);
#1366=EDGE_CURVE('',#1095,#1093,#146,.T.);
#1367=EDGE_CURVE('',#1095,#1096,#674,.T.);
#1368=EDGE_CURVE('',#1096,#1094,#71,.T.);
#1369=EDGE_CURVE('',#1083,#1095,#1013,.T.);
#1370=EDGE_CURVE('',#1084,#1096,#675,.T.);
#1371=EDGE_CURVE('',#1097,#1057,#676,.T.);
#1372=EDGE_CURVE('',#1097,#1098,#677,.T.);
#1373=EDGE_CURVE('',#1098,#1059,#678,.T.);
#1374=EDGE_CURVE('',#1099,#1097,#147,.T.);
#1375=EDGE_CURVE('',#1099,#1100,#679,.T.);
#1376=EDGE_CURVE('',#1100,#1098,#72,.T.);
#1377=EDGE_CURVE('',#1101,#1099,#148,.T.);
#1378=EDGE_CURVE('',#1090,#1101,#149,.T.);
#1379=EDGE_CURVE('',#1092,#1100,#150,.T.);
#1380=EDGE_CURVE('',#1102,#1103,#680,.T.);
#1381=EDGE_CURVE('',#1102,#1104,#681,.T.);
#1382=EDGE_CURVE('',#1104,#1105,#682,.T.);
#1383=EDGE_CURVE('',#1103,#1105,#683,.T.);
#1384=EDGE_CURVE('',#1103,#1106,#151,.T.);
#1385=EDGE_CURVE('',#1105,#1107,#73,.T.);
#1386=EDGE_CURVE('',#1106,#1107,#684,.T.);
#1387=EDGE_CURVE('',#1106,#1108,#214,.T.);
#1388=EDGE_CURVE('',#1107,#1109,#685,.T.);
#1389=EDGE_CURVE('',#1108,#1109,#686,.T.);
#1390=EDGE_CURVE('',#1108,#1110,#152,.T.);
#1391=EDGE_CURVE('',#1109,#1111,#74,.T.);
#1392=EDGE_CURVE('',#1110,#1111,#687,.T.);
#1393=EDGE_CURVE('',#1110,#1112,#688,.T.);
#1394=EDGE_CURVE('',#1111,#1113,#689,.T.);
#1395=EDGE_CURVE('',#1112,#1113,#690,.T.);
#1396=EDGE_CURVE('',#1112,#1114,#153,.T.);
#1397=EDGE_CURVE('',#1113,#1115,#75,.T.);
#1398=EDGE_CURVE('',#1114,#1115,#691,.T.);
#1399=EDGE_CURVE('',#1114,#1116,#154,.T.);
#1400=EDGE_CURVE('',#1115,#1117,#155,.T.);
#1401=EDGE_CURVE('',#1116,#1117,#692,.T.);
#1402=EDGE_CURVE('',#1118,#1119,#1014,.T.);
#1403=EDGE_CURVE('',#1118,#1120,#693,.T.);
#1404=EDGE_CURVE('',#1120,#1121,#694,.T.);
#1405=EDGE_CURVE('',#1119,#1121,#695,.T.);
#1406=EDGE_CURVE('',#1119,#1122,#156,.T.);
#1407=EDGE_CURVE('',#1121,#1123,#76,.T.);
#1408=EDGE_CURVE('',#1122,#1123,#696,.T.);
#1409=EDGE_CURVE('',#1122,#1124,#697,.T.);
#1410=EDGE_CURVE('',#1123,#1125,#698,.T.);
#1411=EDGE_CURVE('',#1124,#1125,#699,.T.);
#1412=EDGE_CURVE('',#1126,#1127,#157,.T.);
#1413=EDGE_CURVE('',#1126,#1128,#700,.T.);
#1414=EDGE_CURVE('',#1128,#1129,#77,.T.);
#1415=EDGE_CURVE('',#1127,#1129,#701,.T.);
#1416=EDGE_CURVE('',#1127,#1130,#158,.T.);
#1417=EDGE_CURVE('',#1129,#1131,#78,.T.);
#1418=EDGE_CURVE('',#1130,#1131,#702,.T.);
#1419=EDGE_CURVE('',#1124,#1132,#159,.T.);
#1420=EDGE_CURVE('',#1125,#1133,#160,.T.);
#1421=EDGE_CURVE('',#1132,#1133,#703,.T.);
#1422=EDGE_CURVE('',#1130,#1134,#161,.T.);
#1423=EDGE_CURVE('',#1131,#1135,#79,.T.);
#1424=EDGE_CURVE('',#1134,#1135,#704,.T.);
#1425=EDGE_CURVE('',#1132,#1136,#215,.T.);
#1426=EDGE_CURVE('',#1133,#1137,#705,.T.);
#1427=EDGE_CURVE('',#1136,#1137,#706,.T.);
#1428=EDGE_CURVE('',#1134,#1138,#162,.T.);
#1429=EDGE_CURVE('',#1135,#1139,#80,.T.);
#1430=EDGE_CURVE('',#1138,#1139,#707,.T.);
#1431=EDGE_CURVE('',#1136,#1140,#163,.T.);
#1432=EDGE_CURVE('',#1137,#1141,#81,.T.);
#1433=EDGE_CURVE('',#1140,#1141,#708,.T.);
#1434=EDGE_CURVE('',#1138,#1142,#164,.T.);
#1435=EDGE_CURVE('',#1139,#1143,#165,.T.);
#1436=EDGE_CURVE('',#1144,#1143,#709,.T.);
#1437=EDGE_CURVE('',#1142,#1144,#166,.T.);
#1438=EDGE_CURVE('',#1140,#1145,#710,.T.);
#1439=EDGE_CURVE('',#1141,#1146,#711,.T.);
#1440=EDGE_CURVE('',#1145,#1146,#712,.T.);
#1441=EDGE_CURVE('',#1145,#1147,#167,.T.);
#1442=EDGE_CURVE('',#1146,#1148,#82,.T.);
#1443=EDGE_CURVE('',#1147,#1148,#713,.T.);
#1444=EDGE_CURVE('',#1116,#1149,#168,.T.);
#1445=EDGE_CURVE('',#1117,#1150,#83,.T.);
#1446=EDGE_CURVE('',#1149,#1150,#714,.T.);
#1447=EDGE_CURVE('',#1151,#1102,#169,.T.);
#1448=EDGE_CURVE('',#1151,#1152,#715,.T.);
#1449=EDGE_CURVE('',#1152,#1104,#84,.T.);
#1450=EDGE_CURVE('',#1153,#1151,#170,.T.);
#1451=EDGE_CURVE('',#1153,#1154,#716,.T.);
#1452=EDGE_CURVE('',#1154,#1152,#171,.T.);
#1453=EDGE_CURVE('',#1155,#1153,#172,.T.);
#1454=EDGE_CURVE('',#1155,#1156,#717,.T.);
#1455=EDGE_CURVE('',#1156,#1154,#85,.T.);
#1456=EDGE_CURVE('',#1157,#1155,#173,.T.);
#1457=EDGE_CURVE('',#1157,#1158,#718,.T.);
#1458=EDGE_CURVE('',#1158,#1156,#86,.T.);
#1459=EDGE_CURVE('',#1159,#1157,#174,.T.);
#1460=EDGE_CURVE('',#1159,#1160,#719,.T.);
#1461=EDGE_CURVE('',#1160,#1158,#87,.T.);
#1462=EDGE_CURVE('',#1161,#1159,#175,.T.);
#1463=EDGE_CURVE('',#1161,#1162,#720,.T.);
#1464=EDGE_CURVE('',#1162,#1160,#88,.T.);
#1465=EDGE_CURVE('',#1149,#1161,#176,.T.);
#1466=EDGE_CURVE('',#1150,#1162,#89,.T.);
#1467=EDGE_CURVE('',#1144,#1163,#177,.T.);
#1468=EDGE_CURVE('',#1143,#1164,#90,.T.);
#1469=EDGE_CURVE('',#1163,#1164,#721,.T.);
#1470=EDGE_CURVE('',#1165,#1126,#178,.T.);
#1471=EDGE_CURVE('',#1165,#1166,#722,.T.);
#1472=EDGE_CURVE('',#1166,#1128,#179,.T.);
#1473=EDGE_CURVE('',#1167,#1165,#180,.T.);
#1474=EDGE_CURVE('',#1167,#1168,#723,.T.);
#1475=EDGE_CURVE('',#1168,#1166,#91,.T.);
#1476=EDGE_CURVE('',#1169,#1167,#724,.T.);
#1477=EDGE_CURVE('',#1169,#1170,#725,.T.);
#1478=EDGE_CURVE('',#1170,#1168,#726,.T.);
#1479=EDGE_CURVE('',#1171,#1169,#181,.T.);
#1480=EDGE_CURVE('',#1171,#1172,#727,.T.);
#1481=EDGE_CURVE('',#1172,#1170,#92,.T.);
#1482=EDGE_CURVE('',#1147,#1171,#216,.T.);
#1483=EDGE_CURVE('',#1148,#1172,#728,.T.);
#1484=EDGE_CURVE('',#1173,#1118,#182,.T.);
#1485=EDGE_CURVE('',#1173,#1174,#729,.T.);
#1486=EDGE_CURVE('',#1174,#1120,#93,.T.);
#1487=EDGE_CURVE('',#1175,#1173,#730,.T.);
#1488=EDGE_CURVE('',#1175,#1176,#731,.T.);
#1489=EDGE_CURVE('',#1176,#1174,#732,.T.);
#1490=EDGE_CURVE('',#1177,#1175,#183,.T.);
#1491=EDGE_CURVE('',#1177,#1178,#733,.T.);
#1492=EDGE_CURVE('',#1178,#1176,#94,.T.);
#1493=EDGE_CURVE('',#1163,#1177,#184,.T.);
#1494=EDGE_CURVE('',#1164,#1178,#185,.T.);
#1495=EDGE_CURVE('',#1179,#1180,#217,.T.);
#1496=EDGE_CURVE('',#1180,#1181,#1015,.T.);
#1497=EDGE_CURVE('',#1181,#1182,#734,.T.);
#1498=EDGE_CURVE('',#1183,#1182,#218,.T.);
#1499=EDGE_CURVE('',#1184,#1183,#735,.T.);
#1500=EDGE_CURVE('',#1184,#1185,#1016,.T.);
#1501=EDGE_CURVE('',#1185,#1186,#219,.T.);
#1502=EDGE_CURVE('',#1179,#1186,#186,.T.);
#1503=EDGE_CURVE('',#1187,#1187,#187,.T.);
#1504=EDGE_CURVE('',#1188,#1188,#188,.T.);
#1505=EDGE_CURVE('',#1189,#1189,#189,.T.);
#1506=EDGE_CURVE('',#1190,#1190,#190,.T.);
#1507=EDGE_CURVE('',#1191,#1191,#191,.T.);
#1508=EDGE_CURVE('',#1192,#1192,#192,.T.);
#1509=EDGE_CURVE('',#1192,#1191,#736,.T.);
#1510=EDGE_CURVE('',#1193,#1193,#193,.T.);
#1511=EDGE_CURVE('',#1193,#1190,#737,.T.);
#1512=EDGE_CURVE('',#1194,#1194,#194,.T.);
#1513=EDGE_CURVE('',#1194,#1189,#738,.T.);
#1514=EDGE_CURVE('',#1195,#1195,#195,.T.);
#1515=EDGE_CURVE('',#1195,#1188,#739,.T.);
#1516=EDGE_CURVE('',#1196,#1196,#196,.T.);
#1517=EDGE_CURVE('',#1196,#1187,#740,.T.);
#1518=EDGE_CURVE('',#1197,#1185,#741,.T.);
#1519=EDGE_CURVE('',#1035,#1197,#742,.T.);
#1520=EDGE_CURVE('',#1053,#1041,#220,.T.);
#1521=EDGE_CURVE('',#1056,#1052,#743,.T.);
#1522=EDGE_CURVE('',#1186,#1055,#197,.T.);
#1523=EDGE_CURVE('',#1180,#1033,#744,.T.);
#1524=EDGE_CURVE('',#1198,#1179,#198,.T.);
#1525=EDGE_CURVE('',#1199,#1198,#1017,.T.);
#1526=EDGE_CURVE('',#1047,#1199,#745,.T.);
#1527=EDGE_CURVE('',#1200,#1184,#746,.T.);
#1528=EDGE_CURVE('',#1201,#1200,#1018,.T.);
#1529=EDGE_CURVE('',#1201,#1202,#747,.T.);
#1530=EDGE_CURVE('',#1203,#1202,#1019,.T.);
#1531=EDGE_CURVE('',#1203,#1197,#748,.T.);
#1532=EDGE_CURVE('',#1049,#1198,#199,.T.);
#1533=EDGE_CURVE('',#1199,#1048,#749,.T.);
#1534=EDGE_CURVE('',#1204,#1203,#750,.T.);
#1535=EDGE_CURVE('',#1205,#1204,#221,.F.);
#1536=EDGE_CURVE('',#1206,#1205,#751,.T.);
#1537=EDGE_CURVE('',#1206,#1036,#752,.T.);
#1538=EDGE_CURVE('',#1202,#1207,#753,.T.);
#1539=EDGE_CURVE('',#1207,#1204,#1020,.F.);
#1540=EDGE_CURVE('',#1208,#1032,#1021,.T.);
#1541=EDGE_CURVE('',#1031,#1209,#1022,.F.);
#1542=EDGE_CURVE('',#1209,#1208,#754,.T.);
#1543=EDGE_CURVE('',#1210,#1208,#755,.T.);
#1544=EDGE_CURVE('',#1211,#1210,#1023,.T.);
#1545=EDGE_CURVE('',#1211,#1181,#756,.T.);
#1546=EDGE_CURVE('',#1212,#1201,#757,.T.);
#1547=EDGE_CURVE('',#1213,#1212,#222,.T.);
#1548=EDGE_CURVE('',#1210,#1213,#758,.T.);
#1549=EDGE_CURVE('',#1207,#1209,#759,.T.);
#1550=EDGE_CURVE('',#1214,#1215,#200,.T.);
#1551=EDGE_CURVE('',#1216,#1214,#223,.T.);
#1552=EDGE_CURVE('',#1217,#1216,#760,.T.);
#1553=EDGE_CURVE('',#1218,#1217,#224,.T.);
#1554=EDGE_CURVE('',#1219,#1218,#201,.T.);
#1555=EDGE_CURVE('',#1220,#1219,#225,.T.);
#1556=EDGE_CURVE('',#1221,#1220,#761,.T.);
#1557=EDGE_CURVE('',#1222,#1221,#226,.T.);
#1558=EDGE_CURVE('',#1223,#1222,#227,.T.);
#1559=EDGE_CURVE('',#1224,#1223,#228,.T.);
#1560=EDGE_CURVE('',#1225,#1224,#762,.T.);
#1561=EDGE_CURVE('',#1215,#1225,#229,.T.);
#1562=EDGE_CURVE('',#1213,#1182,#230,.T.);
#1563=EDGE_CURVE('',#1182,#1211,#763,.T.);
#1564=EDGE_CURVE('',#1212,#1183,#231,.T.);
#1565=EDGE_CURVE('',#1200,#1183,#764,.T.);
#1566=EDGE_CURVE('',#1030,#1205,#765,.T.);
#1567=EDGE_CURVE('',#1226,#1046,#202,.T.);
#1568=EDGE_CURVE('',#1226,#1227,#766,.T.);
#1569=EDGE_CURVE('',#1227,#1228,#203,.F.);
#1570=EDGE_CURVE('',#1228,#1040,#767,.T.);
#1571=EDGE_CURVE('',#1229,#1229,#232,.T.);
#1572=EDGE_CURVE('',#1230,#1228,#204,.T.);
#1573=EDGE_CURVE('',#1230,#1231,#768,.T.);
#1574=EDGE_CURVE('',#1054,#1231,#233,.T.);
#1575=EDGE_CURVE('',#1206,#1029,#769,.T.);
#1576=EDGE_CURVE('',#1232,#1232,#234,.T.);
#1577=EDGE_CURVE('',#1232,#1233,#770,.T.);
#1578=EDGE_CURVE('',#1233,#1233,#235,.T.);
#1579=EDGE_CURVE('',#1234,#1234,#236,.T.);
#1580=EDGE_CURVE('',#1234,#1235,#771,.T.);
#1581=EDGE_CURVE('',#1235,#1235,#1024,.T.);
#1582=EDGE_CURVE('',#1236,#1236,#237,.T.);
#1583=EDGE_CURVE('',#1236,#1229,#772,.T.);
#1584=EDGE_CURVE('',#1237,#1238,#773,.T.);
#1585=EDGE_CURVE('',#1238,#1239,#774,.T.);
#1586=EDGE_CURVE('',#1239,#1240,#775,.T.);
#1587=EDGE_CURVE('',#1240,#1241,#776,.T.);
#1588=EDGE_CURVE('',#1241,#1237,#777,.T.);
#1589=EDGE_CURVE('',#1242,#1243,#778,.T.);
#1590=EDGE_CURVE('',#1243,#1244,#779,.T.);
#1591=EDGE_CURVE('',#1244,#1242,#238,.T.);
#1592=EDGE_CURVE('',#1245,#1246,#780,.T.);
#1593=EDGE_CURVE('',#1246,#1247,#781,.T.);
#1594=EDGE_CURVE('',#1247,#1245,#239,.T.);
#1595=EDGE_CURVE('',#1248,#1249,#782,.T.);
#1596=EDGE_CURVE('',#1250,#1248,#783,.T.);
#1597=EDGE_CURVE('',#1251,#1250,#784,.T.);
#1598=EDGE_CURVE('',#1252,#1251,#785,.T.);
#1599=EDGE_CURVE('',#1249,#1252,#786,.T.);
#1600=EDGE_CURVE('',#1253,#1254,#787,.T.);
#1601=EDGE_CURVE('',#1255,#1253,#240,.T.);
#1602=EDGE_CURVE('',#1254,#1255,#788,.T.);
#1603=EDGE_CURVE('',#1256,#1257,#789,.T.);
#1604=EDGE_CURVE('',#1258,#1256,#241,.T.);
#1605=EDGE_CURVE('',#1257,#1258,#790,.T.);
#1606=EDGE_CURVE('',#1237,#1248,#791,.T.);
#1607=EDGE_CURVE('',#1238,#1249,#792,.T.);
#1608=EDGE_CURVE('',#1239,#1252,#793,.T.);
#1609=EDGE_CURVE('',#1240,#1251,#794,.T.);
#1610=EDGE_CURVE('',#1241,#1250,#795,.T.);
#1611=EDGE_CURVE('',#1242,#1253,#796,.T.);
#1612=EDGE_CURVE('',#1243,#1254,#797,.T.);
#1613=EDGE_CURVE('',#1244,#1255,#798,.T.);
#1614=EDGE_CURVE('',#1245,#1256,#799,.T.);
#1615=EDGE_CURVE('',#1246,#1257,#800,.T.);
#1616=EDGE_CURVE('',#1247,#1258,#801,.T.);
#1617=EDGE_CURVE('',#1216,#1043,#802,.T.);
#1618=EDGE_CURVE('',#1217,#1054,#803,.T.);
#1619=EDGE_CURVE('',#1259,#1044,#205,.T.);
#1620=EDGE_CURVE('',#1214,#1260,#206,.T.);
#1621=EDGE_CURVE('',#1260,#1261,#207,.T.);
#1622=EDGE_CURVE('',#1261,#1259,#95,.T.);
#1623=EDGE_CURVE('',#1231,#1262,#208,.T.);
#1624=EDGE_CURVE('',#1262,#1263,#96,.T.);
#1625=EDGE_CURVE('',#1263,#1264,#209,.T.);
#1626=EDGE_CURVE('',#1264,#1218,#210,.T.);
#1627=EDGE_CURVE('',#1265,#1260,#242,.T.);
#1628=EDGE_CURVE('',#1261,#1265,#804,.T.);
#1629=EDGE_CURVE('',#1266,#1226,#243,.T.);
#1630=EDGE_CURVE('',#1267,#1266,#244,.T.);
#1631=EDGE_CURVE('',#1227,#1267,#245,.T.);
#1632=EDGE_CURVE('',#1045,#1268,#246,.T.);
#1633=EDGE_CURVE('',#1266,#1268,#247,.T.);
#1634=EDGE_CURVE('',#1268,#1269,#248,.T.);
#1635=EDGE_CURVE('',#1267,#1269,#249,.T.);
#1636=EDGE_CURVE('',#1269,#1230,#250,.T.);
#1637=EDGE_CURVE('',#1264,#1270,#251,.T.);
#1638=EDGE_CURVE('',#1263,#1270,#805,.T.);
#1639=EDGE_CURVE('',#1270,#1271,#806,.T.);
#1640=EDGE_CURVE('',#1262,#1271,#807,.T.);
#1641=EDGE_CURVE('',#1271,#1272,#252,.T.);
#1642=EDGE_CURVE('',#1272,#1269,#808,.T.);
#1643=EDGE_CURVE('',#1272,#1273,#253,.T.);
#1644=EDGE_CURVE('',#1273,#1268,#809,.T.);
#1645=EDGE_CURVE('',#1273,#1274,#254,.T.);
#1646=EDGE_CURVE('',#1259,#1274,#810,.T.);
#1647=EDGE_CURVE('',#1274,#1265,#811,.T.);
#1648=EDGE_CURVE('',#1260,#1215,#255,.T.);
#1649=EDGE_CURVE('',#1219,#1264,#256,.T.);
#1650=EDGE_CURVE('',#1265,#1225,#257,.T.);
#1651=EDGE_CURVE('',#1274,#1224,#258,.T.);
#1652=EDGE_CURVE('',#1273,#1223,#259,.T.);
#1653=EDGE_CURVE('',#1272,#1222,#260,.T.);
#1654=EDGE_CURVE('',#1271,#1221,#261,.T.);
#1655=EDGE_CURVE('',#1270,#1220,#262,.T.);
#1656=ORIENTED_EDGE('',*,*,#1275,.F.);
#1657=ORIENTED_EDGE('',*,*,#1276,.T.);
#1658=ORIENTED_EDGE('',*,*,#1277,.T.);
#1659=ORIENTED_EDGE('',*,*,#1278,.T.);
#1660=ORIENTED_EDGE('',*,*,#1278,.F.);
#1661=ORIENTED_EDGE('',*,*,#1279,.T.);
#1662=ORIENTED_EDGE('',*,*,#1280,.F.);
#1663=ORIENTED_EDGE('',*,*,#1281,.F.);
#1664=ORIENTED_EDGE('',*,*,#1282,.F.);
#1665=ORIENTED_EDGE('',*,*,#1283,.F.);
#1666=ORIENTED_EDGE('',*,*,#1284,.T.);
#1667=ORIENTED_EDGE('',*,*,#1285,.T.);
#1668=ORIENTED_EDGE('',*,*,#1286,.T.);
#1669=ORIENTED_EDGE('',*,*,#1287,.T.);
#1670=ORIENTED_EDGE('',*,*,#1288,.T.);
#1671=ORIENTED_EDGE('',*,*,#1276,.F.);
#1672=ORIENTED_EDGE('',*,*,#1289,.T.);
#1673=ORIENTED_EDGE('',*,*,#1290,.F.);
#1674=ORIENTED_EDGE('',*,*,#1291,.F.);
#1675=ORIENTED_EDGE('',*,*,#1292,.F.);
#1676=ORIENTED_EDGE('',*,*,#1293,.T.);
#1677=ORIENTED_EDGE('',*,*,#1288,.F.);
#1678=ORIENTED_EDGE('',*,*,#1294,.F.);
#1679=ORIENTED_EDGE('',*,*,#1295,.T.);
#1680=ORIENTED_EDGE('',*,*,#1296,.T.);
#1681=ORIENTED_EDGE('',*,*,#1297,.F.);
#1682=ORIENTED_EDGE('',*,*,#1298,.T.);
#1683=ORIENTED_EDGE('',*,*,#1299,.T.);
#1684=ORIENTED_EDGE('',*,*,#1300,.T.);
#1685=ORIENTED_EDGE('',*,*,#1290,.T.);
#1686=ORIENTED_EDGE('',*,*,#1301,.T.);
#1687=ORIENTED_EDGE('',*,*,#1302,.T.);
#1688=ORIENTED_EDGE('',*,*,#1303,.T.);
#1689=ORIENTED_EDGE('',*,*,#1304,.F.);
#1690=ORIENTED_EDGE('',*,*,#1305,.T.);
#1691=ORIENTED_EDGE('',*,*,#1306,.T.);
#1692=ORIENTED_EDGE('',*,*,#1307,.T.);
#1693=ORIENTED_EDGE('',*,*,#1308,.T.);
#1694=ORIENTED_EDGE('',*,*,#1309,.F.);
#1695=ORIENTED_EDGE('',*,*,#1296,.F.);
#1696=ORIENTED_EDGE('',*,*,#1310,.T.);
#1697=ORIENTED_EDGE('',*,*,#1311,.F.);
#1698=ORIENTED_EDGE('',*,*,#1305,.F.);
#1699=ORIENTED_EDGE('',*,*,#1312,.F.);
#1700=ORIENTED_EDGE('',*,*,#1313,.F.);
#1701=ORIENTED_EDGE('',*,*,#1314,.T.);
#1702=ORIENTED_EDGE('',*,*,#1315,.T.);
#1703=ORIENTED_EDGE('',*,*,#1316,.F.);
#1704=ORIENTED_EDGE('',*,*,#1317,.F.);
#1705=ORIENTED_EDGE('',*,*,#1316,.T.);
#1706=ORIENTED_EDGE('',*,*,#1318,.T.);
#1707=ORIENTED_EDGE('',*,*,#1319,.F.);
#1708=ORIENTED_EDGE('',*,*,#1320,.F.);
#1709=ORIENTED_EDGE('',*,*,#1319,.T.);
#1710=ORIENTED_EDGE('',*,*,#1321,.T.);
#1711=ORIENTED_EDGE('',*,*,#1322,.F.);
#1712=ORIENTED_EDGE('',*,*,#1323,.F.);
#1713=ORIENTED_EDGE('',*,*,#1322,.T.);
#1714=ORIENTED_EDGE('',*,*,#1324,.T.);
#1715=ORIENTED_EDGE('',*,*,#1325,.F.);
#1716=ORIENTED_EDGE('',*,*,#1326,.F.);
#1717=ORIENTED_EDGE('',*,*,#1325,.T.);
#1718=ORIENTED_EDGE('',*,*,#1327,.T.);
#1719=ORIENTED_EDGE('',*,*,#1328,.F.);
#1720=ORIENTED_EDGE('',*,*,#1329,.F.);
#1721=ORIENTED_EDGE('',*,*,#1330,.T.);
#1722=ORIENTED_EDGE('',*,*,#1331,.T.);
#1723=ORIENTED_EDGE('',*,*,#1332,.F.);
#1724=ORIENTED_EDGE('',*,*,#1333,.F.);
#1725=ORIENTED_EDGE('',*,*,#1328,.T.);
#1726=ORIENTED_EDGE('',*,*,#1334,.T.);
#1727=ORIENTED_EDGE('',*,*,#1335,.F.);
#1728=ORIENTED_EDGE('',*,*,#1336,.F.);
#1729=ORIENTED_EDGE('',*,*,#1332,.T.);
#1730=ORIENTED_EDGE('',*,*,#1337,.T.);
#1731=ORIENTED_EDGE('',*,*,#1338,.F.);
#1732=ORIENTED_EDGE('',*,*,#1339,.F.);
#1733=ORIENTED_EDGE('',*,*,#1335,.T.);
#1734=ORIENTED_EDGE('',*,*,#1340,.T.);
#1735=ORIENTED_EDGE('',*,*,#1341,.F.);
#1736=ORIENTED_EDGE('',*,*,#1342,.F.);
#1737=ORIENTED_EDGE('',*,*,#1338,.T.);
#1738=ORIENTED_EDGE('',*,*,#1343,.T.);
#1739=ORIENTED_EDGE('',*,*,#1344,.F.);
#1740=ORIENTED_EDGE('',*,*,#1345,.F.);
#1741=ORIENTED_EDGE('',*,*,#1341,.T.);
#1742=ORIENTED_EDGE('',*,*,#1346,.T.);
#1743=ORIENTED_EDGE('',*,*,#1347,.F.);
#1744=ORIENTED_EDGE('',*,*,#1348,.F.);
#1745=ORIENTED_EDGE('',*,*,#1347,.T.);
#1746=ORIENTED_EDGE('',*,*,#1349,.T.);
#1747=ORIENTED_EDGE('',*,*,#1350,.F.);
#1748=ORIENTED_EDGE('',*,*,#1351,.F.);
#1749=ORIENTED_EDGE('',*,*,#1352,.T.);
#1750=ORIENTED_EDGE('',*,*,#1353,.T.);
#1751=ORIENTED_EDGE('',*,*,#1354,.F.);
#1752=ORIENTED_EDGE('',*,*,#1355,.F.);
#1753=ORIENTED_EDGE('',*,*,#1344,.T.);
#1754=ORIENTED_EDGE('',*,*,#1356,.T.);
#1755=ORIENTED_EDGE('',*,*,#1352,.F.);
#1756=ORIENTED_EDGE('',*,*,#1357,.F.);
#1757=ORIENTED_EDGE('',*,*,#1354,.T.);
#1758=ORIENTED_EDGE('',*,*,#1358,.T.);
#1759=ORIENTED_EDGE('',*,*,#1330,.F.);
#1760=ORIENTED_EDGE('',*,*,#1359,.F.);
#1761=ORIENTED_EDGE('',*,*,#1360,.T.);
#1762=ORIENTED_EDGE('',*,*,#1361,.T.);
#1763=ORIENTED_EDGE('',*,*,#1362,.F.);
#1764=ORIENTED_EDGE('',*,*,#1363,.F.);
#1765=ORIENTED_EDGE('',*,*,#1364,.T.);
#1766=ORIENTED_EDGE('',*,*,#1365,.T.);
#1767=ORIENTED_EDGE('',*,*,#1360,.F.);
#1768=ORIENTED_EDGE('',*,*,#1366,.F.);
#1769=ORIENTED_EDGE('',*,*,#1367,.T.);
#1770=ORIENTED_EDGE('',*,*,#1368,.T.);
#1771=ORIENTED_EDGE('',*,*,#1364,.F.);
#1772=ORIENTED_EDGE('',*,*,#1369,.F.);
#1773=ORIENTED_EDGE('',*,*,#1350,.T.);
#1774=ORIENTED_EDGE('',*,*,#1370,.T.);
#1775=ORIENTED_EDGE('',*,*,#1367,.F.);
#1776=ORIENTED_EDGE('',*,*,#1371,.F.);
#1777=ORIENTED_EDGE('',*,*,#1372,.T.);
#1778=ORIENTED_EDGE('',*,*,#1373,.T.);
#1779=ORIENTED_EDGE('',*,*,#1314,.F.);
#1780=ORIENTED_EDGE('',*,*,#1374,.F.);
#1781=ORIENTED_EDGE('',*,*,#1375,.T.);
#1782=ORIENTED_EDGE('',*,*,#1376,.T.);
#1783=ORIENTED_EDGE('',*,*,#1372,.F.);
#1784=ORIENTED_EDGE('',*,*,#1377,.F.);
#1785=ORIENTED_EDGE('',*,*,#1378,.F.);
#1786=ORIENTED_EDGE('',*,*,#1362,.T.);
#1787=ORIENTED_EDGE('',*,*,#1379,.T.);
#1788=ORIENTED_EDGE('',*,*,#1375,.F.);
#1789=ORIENTED_EDGE('',*,*,#1379,.F.);
#1790=ORIENTED_EDGE('',*,*,#1361,.F.);
#1791=ORIENTED_EDGE('',*,*,#1365,.F.);
#1792=ORIENTED_EDGE('',*,*,#1368,.F.);
#1793=ORIENTED_EDGE('',*,*,#1370,.F.);
#1794=ORIENTED_EDGE('',*,*,#1349,.F.);
#1795=ORIENTED_EDGE('',*,*,#1346,.F.);
#1796=ORIENTED_EDGE('',*,*,#1340,.F.);
#1797=ORIENTED_EDGE('',*,*,#1334,.F.);
#1798=ORIENTED_EDGE('',*,*,#1327,.F.);
#1799=ORIENTED_EDGE('',*,*,#1324,.F.);
#1800=ORIENTED_EDGE('',*,*,#1321,.F.);
#1801=ORIENTED_EDGE('',*,*,#1318,.F.);
#1802=ORIENTED_EDGE('',*,*,#1315,.F.);
#1803=ORIENTED_EDGE('',*,*,#1373,.F.);
#1804=ORIENTED_EDGE('',*,*,#1376,.F.);
#1805=ORIENTED_EDGE('',*,*,#1358,.F.);
#1806=ORIENTED_EDGE('',*,*,#1353,.F.);
#1807=ORIENTED_EDGE('',*,*,#1356,.F.);
#1808=ORIENTED_EDGE('',*,*,#1343,.F.);
#1809=ORIENTED_EDGE('',*,*,#1337,.F.);
#1810=ORIENTED_EDGE('',*,*,#1331,.F.);
#1811=ORIENTED_EDGE('',*,*,#1329,.T.);
#1812=ORIENTED_EDGE('',*,*,#1336,.T.);
#1813=ORIENTED_EDGE('',*,*,#1342,.T.);
#1814=ORIENTED_EDGE('',*,*,#1355,.T.);
#1815=ORIENTED_EDGE('',*,*,#1351,.T.);
#1816=ORIENTED_EDGE('',*,*,#1357,.T.);
#1817=ORIENTED_EDGE('',*,*,#1380,.F.);
#1818=ORIENTED_EDGE('',*,*,#1381,.T.);
#1819=ORIENTED_EDGE('',*,*,#1382,.T.);
#1820=ORIENTED_EDGE('',*,*,#1383,.F.);
#1821=ORIENTED_EDGE('',*,*,#1384,.F.);
#1822=ORIENTED_EDGE('',*,*,#1383,.T.);
#1823=ORIENTED_EDGE('',*,*,#1385,.T.);
#1824=ORIENTED_EDGE('',*,*,#1386,.F.);
#1825=ORIENTED_EDGE('',*,*,#1387,.F.);
#1826=ORIENTED_EDGE('',*,*,#1386,.T.);
#1827=ORIENTED_EDGE('',*,*,#1388,.T.);
#1828=ORIENTED_EDGE('',*,*,#1389,.F.);
#1829=ORIENTED_EDGE('',*,*,#1390,.F.);
#1830=ORIENTED_EDGE('',*,*,#1389,.T.);
#1831=ORIENTED_EDGE('',*,*,#1391,.T.);
#1832=ORIENTED_EDGE('',*,*,#1392,.F.);
#1833=ORIENTED_EDGE('',*,*,#1393,.F.);
#1834=ORIENTED_EDGE('',*,*,#1392,.T.);
#1835=ORIENTED_EDGE('',*,*,#1394,.T.);
#1836=ORIENTED_EDGE('',*,*,#1395,.F.);
#1837=ORIENTED_EDGE('',*,*,#1396,.F.);
#1838=ORIENTED_EDGE('',*,*,#1395,.T.);
#1839=ORIENTED_EDGE('',*,*,#1397,.T.);
#1840=ORIENTED_EDGE('',*,*,#1398,.F.);
#1841=ORIENTED_EDGE('',*,*,#1399,.F.);
#1842=ORIENTED_EDGE('',*,*,#1398,.T.);
#1843=ORIENTED_EDGE('',*,*,#1400,.T.);
#1844=ORIENTED_EDGE('',*,*,#1401,.F.);
#1845=ORIENTED_EDGE('',*,*,#1402,.F.);
#1846=ORIENTED_EDGE('',*,*,#1403,.T.);
#1847=ORIENTED_EDGE('',*,*,#1404,.T.);
#1848=ORIENTED_EDGE('',*,*,#1405,.F.);
#1849=ORIENTED_EDGE('',*,*,#1406,.F.);
#1850=ORIENTED_EDGE('',*,*,#1405,.T.);
#1851=ORIENTED_EDGE('',*,*,#1407,.T.);
#1852=ORIENTED_EDGE('',*,*,#1408,.F.);
#1853=ORIENTED_EDGE('',*,*,#1409,.F.);
#1854=ORIENTED_EDGE('',*,*,#1408,.T.);
#1855=ORIENTED_EDGE('',*,*,#1410,.T.);
#1856=ORIENTED_EDGE('',*,*,#1411,.F.);
#1857=ORIENTED_EDGE('',*,*,#1412,.F.);
#1858=ORIENTED_EDGE('',*,*,#1413,.T.);
#1859=ORIENTED_EDGE('',*,*,#1414,.T.);
#1860=ORIENTED_EDGE('',*,*,#1415,.F.);
#1861=ORIENTED_EDGE('',*,*,#1416,.F.);
#1862=ORIENTED_EDGE('',*,*,#1415,.T.);
#1863=ORIENTED_EDGE('',*,*,#1417,.T.);
#1864=ORIENTED_EDGE('',*,*,#1418,.F.);
#1865=ORIENTED_EDGE('',*,*,#1419,.F.);
#1866=ORIENTED_EDGE('',*,*,#1411,.T.);
#1867=ORIENTED_EDGE('',*,*,#1420,.T.);
#1868=ORIENTED_EDGE('',*,*,#1421,.F.);
#1869=ORIENTED_EDGE('',*,*,#1422,.F.);
#1870=ORIENTED_EDGE('',*,*,#1418,.T.);
#1871=ORIENTED_EDGE('',*,*,#1423,.T.);
#1872=ORIENTED_EDGE('',*,*,#1424,.F.);
#1873=ORIENTED_EDGE('',*,*,#1425,.F.);
#1874=ORIENTED_EDGE('',*,*,#1421,.T.);
#1875=ORIENTED_EDGE('',*,*,#1426,.T.);
#1876=ORIENTED_EDGE('',*,*,#1427,.F.);
#1877=ORIENTED_EDGE('',*,*,#1428,.F.);
#1878=ORIENTED_EDGE('',*,*,#1424,.T.);
#1879=ORIENTED_EDGE('',*,*,#1429,.T.);
#1880=ORIENTED_EDGE('',*,*,#1430,.F.);
#1881=ORIENTED_EDGE('',*,*,#1431,.F.);
#1882=ORIENTED_EDGE('',*,*,#1427,.T.);
#1883=ORIENTED_EDGE('',*,*,#1432,.T.);
#1884=ORIENTED_EDGE('',*,*,#1433,.F.);
#1885=ORIENTED_EDGE('',*,*,#1434,.F.);
#1886=ORIENTED_EDGE('',*,*,#1430,.T.);
#1887=ORIENTED_EDGE('',*,*,#1435,.T.);
#1888=ORIENTED_EDGE('',*,*,#1436,.F.);
#1889=ORIENTED_EDGE('',*,*,#1437,.F.);
#1890=ORIENTED_EDGE('',*,*,#1438,.F.);
#1891=ORIENTED_EDGE('',*,*,#1433,.T.);
#1892=ORIENTED_EDGE('',*,*,#1439,.T.);
#1893=ORIENTED_EDGE('',*,*,#1440,.F.);
#1894=ORIENTED_EDGE('',*,*,#1441,.F.);
#1895=ORIENTED_EDGE('',*,*,#1440,.T.);
#1896=ORIENTED_EDGE('',*,*,#1442,.T.);
#1897=ORIENTED_EDGE('',*,*,#1443,.F.);
#1898=ORIENTED_EDGE('',*,*,#1444,.F.);
#1899=ORIENTED_EDGE('',*,*,#1401,.T.);
#1900=ORIENTED_EDGE('',*,*,#1445,.T.);
#1901=ORIENTED_EDGE('',*,*,#1446,.F.);
#1902=ORIENTED_EDGE('',*,*,#1447,.F.);
#1903=ORIENTED_EDGE('',*,*,#1448,.T.);
#1904=ORIENTED_EDGE('',*,*,#1449,.T.);
#1905=ORIENTED_EDGE('',*,*,#1381,.F.);
#1906=ORIENTED_EDGE('',*,*,#1450,.F.);
#1907=ORIENTED_EDGE('',*,*,#1451,.T.);
#1908=ORIENTED_EDGE('',*,*,#1452,.T.);
#1909=ORIENTED_EDGE('',*,*,#1448,.F.);
#1910=ORIENTED_EDGE('',*,*,#1453,.F.);
#1911=ORIENTED_EDGE('',*,*,#1454,.T.);
#1912=ORIENTED_EDGE('',*,*,#1455,.T.);
#1913=ORIENTED_EDGE('',*,*,#1451,.F.);
#1914=ORIENTED_EDGE('',*,*,#1456,.F.);
#1915=ORIENTED_EDGE('',*,*,#1457,.T.);
#1916=ORIENTED_EDGE('',*,*,#1458,.T.);
#1917=ORIENTED_EDGE('',*,*,#1454,.F.);
#1918=ORIENTED_EDGE('',*,*,#1459,.F.);
#1919=ORIENTED_EDGE('',*,*,#1460,.T.);
#1920=ORIENTED_EDGE('',*,*,#1461,.T.);
#1921=ORIENTED_EDGE('',*,*,#1457,.F.);
#1922=ORIENTED_EDGE('',*,*,#1462,.F.);
#1923=ORIENTED_EDGE('',*,*,#1463,.T.);
#1924=ORIENTED_EDGE('',*,*,#1464,.T.);
#1925=ORIENTED_EDGE('',*,*,#1460,.F.);
#1926=ORIENTED_EDGE('',*,*,#1465,.F.);
#1927=ORIENTED_EDGE('',*,*,#1446,.T.);
#1928=ORIENTED_EDGE('',*,*,#1466,.T.);
#1929=ORIENTED_EDGE('',*,*,#1463,.F.);
#1930=ORIENTED_EDGE('',*,*,#1467,.F.);
#1931=ORIENTED_EDGE('',*,*,#1436,.T.);
#1932=ORIENTED_EDGE('',*,*,#1468,.T.);
#1933=ORIENTED_EDGE('',*,*,#1469,.F.);
#1934=ORIENTED_EDGE('',*,*,#1470,.F.);
#1935=ORIENTED_EDGE('',*,*,#1471,.T.);
#1936=ORIENTED_EDGE('',*,*,#1472,.T.);
#1937=ORIENTED_EDGE('',*,*,#1413,.F.);
#1938=ORIENTED_EDGE('',*,*,#1473,.F.);
#1939=ORIENTED_EDGE('',*,*,#1474,.T.);
#1940=ORIENTED_EDGE('',*,*,#1475,.T.);
#1941=ORIENTED_EDGE('',*,*,#1471,.F.);
#1942=ORIENTED_EDGE('',*,*,#1476,.F.);
#1943=ORIENTED_EDGE('',*,*,#1477,.T.);
#1944=ORIENTED_EDGE('',*,*,#1478,.T.);
#1945=ORIENTED_EDGE('',*,*,#1474,.F.);
#1946=ORIENTED_EDGE('',*,*,#1479,.F.);
#1947=ORIENTED_EDGE('',*,*,#1480,.T.);
#1948=ORIENTED_EDGE('',*,*,#1481,.T.);
#1949=ORIENTED_EDGE('',*,*,#1477,.F.);
#1950=ORIENTED_EDGE('',*,*,#1482,.F.);
#1951=ORIENTED_EDGE('',*,*,#1443,.T.);
#1952=ORIENTED_EDGE('',*,*,#1483,.T.);
#1953=ORIENTED_EDGE('',*,*,#1480,.F.);
#1954=ORIENTED_EDGE('',*,*,#1484,.F.);
#1955=ORIENTED_EDGE('',*,*,#1485,.T.);
#1956=ORIENTED_EDGE('',*,*,#1486,.T.);
#1957=ORIENTED_EDGE('',*,*,#1403,.F.);
#1958=ORIENTED_EDGE('',*,*,#1487,.F.);
#1959=ORIENTED_EDGE('',*,*,#1488,.T.);
#1960=ORIENTED_EDGE('',*,*,#1489,.T.);
#1961=ORIENTED_EDGE('',*,*,#1485,.F.);
#1962=ORIENTED_EDGE('',*,*,#1490,.F.);
#1963=ORIENTED_EDGE('',*,*,#1491,.T.);
#1964=ORIENTED_EDGE('',*,*,#1492,.T.);
#1965=ORIENTED_EDGE('',*,*,#1488,.F.);
#1966=ORIENTED_EDGE('',*,*,#1493,.F.);
#1967=ORIENTED_EDGE('',*,*,#1469,.T.);
#1968=ORIENTED_EDGE('',*,*,#1494,.T.);
#1969=ORIENTED_EDGE('',*,*,#1491,.F.);
#1970=ORIENTED_EDGE('',*,*,#1494,.F.);
#1971=ORIENTED_EDGE('',*,*,#1468,.F.);
#1972=ORIENTED_EDGE('',*,*,#1435,.F.);
#1973=ORIENTED_EDGE('',*,*,#1429,.F.);
#1974=ORIENTED_EDGE('',*,*,#1423,.F.);
#1975=ORIENTED_EDGE('',*,*,#1417,.F.);
#1976=ORIENTED_EDGE('',*,*,#1414,.F.);
#1977=ORIENTED_EDGE('',*,*,#1472,.F.);
#1978=ORIENTED_EDGE('',*,*,#1475,.F.);
#1979=ORIENTED_EDGE('',*,*,#1478,.F.);
#1980=ORIENTED_EDGE('',*,*,#1481,.F.);
#1981=ORIENTED_EDGE('',*,*,#1483,.F.);
#1982=ORIENTED_EDGE('',*,*,#1442,.F.);
#1983=ORIENTED_EDGE('',*,*,#1439,.F.);
#1984=ORIENTED_EDGE('',*,*,#1432,.F.);
#1985=ORIENTED_EDGE('',*,*,#1426,.F.);
#1986=ORIENTED_EDGE('',*,*,#1420,.F.);
#1987=ORIENTED_EDGE('',*,*,#1410,.F.);
#1988=ORIENTED_EDGE('',*,*,#1407,.F.);
#1989=ORIENTED_EDGE('',*,*,#1404,.F.);
#1990=ORIENTED_EDGE('',*,*,#1486,.F.);
#1991=ORIENTED_EDGE('',*,*,#1489,.F.);
#1992=ORIENTED_EDGE('',*,*,#1492,.F.);
#1993=ORIENTED_EDGE('',*,*,#1466,.F.);
#1994=ORIENTED_EDGE('',*,*,#1445,.F.);
#1995=ORIENTED_EDGE('',*,*,#1400,.F.);
#1996=ORIENTED_EDGE('',*,*,#1397,.F.);
#1997=ORIENTED_EDGE('',*,*,#1394,.F.);
#1998=ORIENTED_EDGE('',*,*,#1391,.F.);
#1999=ORIENTED_EDGE('',*,*,#1388,.F.);
#2000=ORIENTED_EDGE('',*,*,#1385,.F.);
#2001=ORIENTED_EDGE('',*,*,#1382,.F.);
#2002=ORIENTED_EDGE('',*,*,#1449,.F.);
#2003=ORIENTED_EDGE('',*,*,#1452,.F.);
#2004=ORIENTED_EDGE('',*,*,#1455,.F.);
#2005=ORIENTED_EDGE('',*,*,#1458,.F.);
#2006=ORIENTED_EDGE('',*,*,#1461,.F.);
#2007=ORIENTED_EDGE('',*,*,#1464,.F.);
#2008=ORIENTED_EDGE('',*,*,#1495,.T.);
#2009=ORIENTED_EDGE('',*,*,#1496,.T.);
#2010=ORIENTED_EDGE('',*,*,#1497,.T.);
#2011=ORIENTED_EDGE('',*,*,#1498,.F.);
#2012=ORIENTED_EDGE('',*,*,#1499,.F.);
#2013=ORIENTED_EDGE('',*,*,#1500,.T.);
#2014=ORIENTED_EDGE('',*,*,#1501,.T.);
#2015=ORIENTED_EDGE('',*,*,#1502,.F.);
#2016=ORIENTED_EDGE('',*,*,#1369,.T.);
#2017=ORIENTED_EDGE('',*,*,#1366,.T.);
#2018=ORIENTED_EDGE('',*,*,#1363,.T.);
#2019=ORIENTED_EDGE('',*,*,#1359,.T.);
#2020=ORIENTED_EDGE('',*,*,#1378,.T.);
#2021=ORIENTED_EDGE('',*,*,#1377,.T.);
#2022=ORIENTED_EDGE('',*,*,#1374,.T.);
#2023=ORIENTED_EDGE('',*,*,#1371,.T.);
#2024=ORIENTED_EDGE('',*,*,#1313,.T.);
#2025=ORIENTED_EDGE('',*,*,#1317,.T.);
#2026=ORIENTED_EDGE('',*,*,#1320,.T.);
#2027=ORIENTED_EDGE('',*,*,#1323,.T.);
#2028=ORIENTED_EDGE('',*,*,#1326,.T.);
#2029=ORIENTED_EDGE('',*,*,#1333,.T.);
#2030=ORIENTED_EDGE('',*,*,#1339,.T.);
#2031=ORIENTED_EDGE('',*,*,#1345,.T.);
#2032=ORIENTED_EDGE('',*,*,#1348,.T.);
#2033=ORIENTED_EDGE('',*,*,#1503,.T.);
#2034=ORIENTED_EDGE('',*,*,#1504,.T.);
#2035=ORIENTED_EDGE('',*,*,#1505,.T.);
#2036=ORIENTED_EDGE('',*,*,#1506,.T.);
#2037=ORIENTED_EDGE('',*,*,#1507,.T.);
#2038=ORIENTED_EDGE('',*,*,#1482,.T.);
#2039=ORIENTED_EDGE('',*,*,#1479,.T.);
#2040=ORIENTED_EDGE('',*,*,#1476,.T.);
#2041=ORIENTED_EDGE('',*,*,#1473,.T.);
#2042=ORIENTED_EDGE('',*,*,#1470,.T.);
#2043=ORIENTED_EDGE('',*,*,#1412,.T.);
#2044=ORIENTED_EDGE('',*,*,#1416,.T.);
#2045=ORIENTED_EDGE('',*,*,#1422,.T.);
#2046=ORIENTED_EDGE('',*,*,#1428,.T.);
#2047=ORIENTED_EDGE('',*,*,#1434,.T.);
#2048=ORIENTED_EDGE('',*,*,#1437,.T.);
#2049=ORIENTED_EDGE('',*,*,#1467,.T.);
#2050=ORIENTED_EDGE('',*,*,#1493,.T.);
#2051=ORIENTED_EDGE('',*,*,#1490,.T.);
#2052=ORIENTED_EDGE('',*,*,#1487,.T.);
#2053=ORIENTED_EDGE('',*,*,#1484,.T.);
#2054=ORIENTED_EDGE('',*,*,#1402,.T.);
#2055=ORIENTED_EDGE('',*,*,#1406,.T.);
#2056=ORIENTED_EDGE('',*,*,#1409,.T.);
#2057=ORIENTED_EDGE('',*,*,#1419,.T.);
#2058=ORIENTED_EDGE('',*,*,#1425,.T.);
#2059=ORIENTED_EDGE('',*,*,#1431,.T.);
#2060=ORIENTED_EDGE('',*,*,#1438,.T.);
#2061=ORIENTED_EDGE('',*,*,#1441,.T.);
#2062=ORIENTED_EDGE('',*,*,#1508,.T.);
#2063=ORIENTED_EDGE('',*,*,#1508,.F.);
#2064=ORIENTED_EDGE('',*,*,#1509,.T.);
#2065=ORIENTED_EDGE('',*,*,#1507,.F.);
#2066=ORIENTED_EDGE('',*,*,#1509,.F.);
#2067=ORIENTED_EDGE('',*,*,#1510,.T.);
#2068=ORIENTED_EDGE('',*,*,#1510,.F.);
#2069=ORIENTED_EDGE('',*,*,#1511,.T.);
#2070=ORIENTED_EDGE('',*,*,#1506,.F.);
#2071=ORIENTED_EDGE('',*,*,#1511,.F.);
#2072=ORIENTED_EDGE('',*,*,#1512,.T.);
#2073=ORIENTED_EDGE('',*,*,#1512,.F.);
#2074=ORIENTED_EDGE('',*,*,#1513,.T.);
#2075=ORIENTED_EDGE('',*,*,#1505,.F.);
#2076=ORIENTED_EDGE('',*,*,#1513,.F.);
#2077=ORIENTED_EDGE('',*,*,#1514,.T.);
#2078=ORIENTED_EDGE('',*,*,#1514,.F.);
#2079=ORIENTED_EDGE('',*,*,#1515,.T.);
#2080=ORIENTED_EDGE('',*,*,#1504,.F.);
#2081=ORIENTED_EDGE('',*,*,#1515,.F.);
#2082=ORIENTED_EDGE('',*,*,#1516,.T.);
#2083=ORIENTED_EDGE('',*,*,#1516,.F.);
#2084=ORIENTED_EDGE('',*,*,#1517,.T.);
#2085=ORIENTED_EDGE('',*,*,#1503,.F.);
#2086=ORIENTED_EDGE('',*,*,#1517,.F.);
#2087=ORIENTED_EDGE('',*,*,#1501,.F.);
#2088=ORIENTED_EDGE('',*,*,#1518,.F.);
#2089=ORIENTED_EDGE('',*,*,#1519,.F.);
#2090=ORIENTED_EDGE('',*,*,#1285,.F.);
#2091=ORIENTED_EDGE('',*,*,#1293,.F.);
#2092=ORIENTED_EDGE('',*,*,#1520,.F.);
#2093=ORIENTED_EDGE('',*,*,#1307,.F.);
#2094=ORIENTED_EDGE('',*,*,#1521,.F.);
#2095=ORIENTED_EDGE('',*,*,#1310,.F.);
#2096=ORIENTED_EDGE('',*,*,#1522,.F.);
#2097=ORIENTED_EDGE('',*,*,#1284,.F.);
#2098=ORIENTED_EDGE('',*,*,#1523,.F.);
#2099=ORIENTED_EDGE('',*,*,#1495,.F.);
#2100=ORIENTED_EDGE('',*,*,#1524,.F.);
#2101=ORIENTED_EDGE('',*,*,#1525,.F.);
#2102=ORIENTED_EDGE('',*,*,#1526,.F.);
#2103=ORIENTED_EDGE('',*,*,#1301,.F.);
#2104=ORIENTED_EDGE('',*,*,#1295,.F.);
#2105=ORIENTED_EDGE('',*,*,#1289,.F.);
#2106=ORIENTED_EDGE('',*,*,#1275,.T.);
#2107=ORIENTED_EDGE('',*,*,#1518,.T.);
#2108=ORIENTED_EDGE('',*,*,#1500,.F.);
#2109=ORIENTED_EDGE('',*,*,#1527,.F.);
#2110=ORIENTED_EDGE('',*,*,#1528,.F.);
#2111=ORIENTED_EDGE('',*,*,#1529,.T.);
#2112=ORIENTED_EDGE('',*,*,#1530,.F.);
#2113=ORIENTED_EDGE('',*,*,#1531,.T.);
#2114=ORIENTED_EDGE('',*,*,#1524,.T.);
#2115=ORIENTED_EDGE('',*,*,#1502,.T.);
#2116=ORIENTED_EDGE('',*,*,#1522,.T.);
#2117=ORIENTED_EDGE('',*,*,#1312,.T.);
#2118=ORIENTED_EDGE('',*,*,#1304,.T.);
#2119=ORIENTED_EDGE('',*,*,#1532,.T.);
#2120=ORIENTED_EDGE('',*,*,#1444,.T.);
#2121=ORIENTED_EDGE('',*,*,#1465,.T.);
#2122=ORIENTED_EDGE('',*,*,#1462,.T.);
#2123=ORIENTED_EDGE('',*,*,#1459,.T.);
#2124=ORIENTED_EDGE('',*,*,#1456,.T.);
#2125=ORIENTED_EDGE('',*,*,#1453,.T.);
#2126=ORIENTED_EDGE('',*,*,#1450,.T.);
#2127=ORIENTED_EDGE('',*,*,#1447,.T.);
#2128=ORIENTED_EDGE('',*,*,#1380,.T.);
#2129=ORIENTED_EDGE('',*,*,#1384,.T.);
#2130=ORIENTED_EDGE('',*,*,#1387,.T.);
#2131=ORIENTED_EDGE('',*,*,#1390,.T.);
#2132=ORIENTED_EDGE('',*,*,#1393,.T.);
#2133=ORIENTED_EDGE('',*,*,#1396,.T.);
#2134=ORIENTED_EDGE('',*,*,#1399,.T.);
#2135=ORIENTED_EDGE('',*,*,#1526,.T.);
#2136=ORIENTED_EDGE('',*,*,#1533,.T.);
#2137=ORIENTED_EDGE('',*,*,#1302,.F.);
#2138=ORIENTED_EDGE('',*,*,#1525,.T.);
#2139=ORIENTED_EDGE('',*,*,#1532,.F.);
#2140=ORIENTED_EDGE('',*,*,#1303,.F.);
#2141=ORIENTED_EDGE('',*,*,#1533,.F.);
#2142=ORIENTED_EDGE('',*,*,#1521,.T.);
#2143=ORIENTED_EDGE('',*,*,#1306,.F.);
#2144=ORIENTED_EDGE('',*,*,#1311,.T.);
#2145=ORIENTED_EDGE('',*,*,#1286,.F.);
#2146=ORIENTED_EDGE('',*,*,#1519,.T.);
#2147=ORIENTED_EDGE('',*,*,#1531,.F.);
#2148=ORIENTED_EDGE('',*,*,#1534,.F.);
#2149=ORIENTED_EDGE('',*,*,#1535,.F.);
#2150=ORIENTED_EDGE('',*,*,#1536,.F.);
#2151=ORIENTED_EDGE('',*,*,#1537,.T.);
#2152=ORIENTED_EDGE('',*,*,#1530,.T.);
#2153=ORIENTED_EDGE('',*,*,#1538,.T.);
#2154=ORIENTED_EDGE('',*,*,#1539,.T.);
#2155=ORIENTED_EDGE('',*,*,#1534,.T.);
#2156=ORIENTED_EDGE('',*,*,#1540,.T.);
#2157=ORIENTED_EDGE('',*,*,#1282,.T.);
#2158=ORIENTED_EDGE('',*,*,#1541,.T.);
#2159=ORIENTED_EDGE('',*,*,#1542,.T.);
#2160=ORIENTED_EDGE('',*,*,#1523,.T.);
#2161=ORIENTED_EDGE('',*,*,#1283,.T.);
#2162=ORIENTED_EDGE('',*,*,#1540,.F.);
#2163=ORIENTED_EDGE('',*,*,#1543,.F.);
#2164=ORIENTED_EDGE('',*,*,#1544,.F.);
#2165=ORIENTED_EDGE('',*,*,#1545,.T.);
#2166=ORIENTED_EDGE('',*,*,#1496,.F.);
#2167=ORIENTED_EDGE('',*,*,#1538,.F.);
#2168=ORIENTED_EDGE('',*,*,#1529,.F.);
#2169=ORIENTED_EDGE('',*,*,#1546,.F.);
#2170=ORIENTED_EDGE('',*,*,#1547,.F.);
#2171=ORIENTED_EDGE('',*,*,#1548,.F.);
#2172=ORIENTED_EDGE('',*,*,#1543,.T.);
#2173=ORIENTED_EDGE('',*,*,#1542,.F.);
#2174=ORIENTED_EDGE('',*,*,#1549,.F.);
#2175=ORIENTED_EDGE('',*,*,#1550,.F.);
#2176=ORIENTED_EDGE('',*,*,#1551,.F.);
#2177=ORIENTED_EDGE('',*,*,#1552,.F.);
#2178=ORIENTED_EDGE('',*,*,#1553,.F.);
#2179=ORIENTED_EDGE('',*,*,#1554,.F.);
#2180=ORIENTED_EDGE('',*,*,#1555,.F.);
#2181=ORIENTED_EDGE('',*,*,#1556,.F.);
#2182=ORIENTED_EDGE('',*,*,#1557,.F.);
#2183=ORIENTED_EDGE('',*,*,#1558,.F.);
#2184=ORIENTED_EDGE('',*,*,#1559,.F.);
#2185=ORIENTED_EDGE('',*,*,#1560,.F.);
#2186=ORIENTED_EDGE('',*,*,#1561,.F.);
#2187=ORIENTED_EDGE('',*,*,#1544,.T.);
#2188=ORIENTED_EDGE('',*,*,#1548,.T.);
#2189=ORIENTED_EDGE('',*,*,#1562,.T.);
#2190=ORIENTED_EDGE('',*,*,#1563,.T.);
#2191=ORIENTED_EDGE('',*,*,#1564,.T.);
#2192=ORIENTED_EDGE('',*,*,#1498,.T.);
#2193=ORIENTED_EDGE('',*,*,#1562,.F.);
#2194=ORIENTED_EDGE('',*,*,#1547,.T.);
#2195=ORIENTED_EDGE('',*,*,#1528,.T.);
#2196=ORIENTED_EDGE('',*,*,#1565,.T.);
#2197=ORIENTED_EDGE('',*,*,#1564,.F.);
#2198=ORIENTED_EDGE('',*,*,#1546,.T.);
#2199=ORIENTED_EDGE('',*,*,#1535,.T.);
#2200=ORIENTED_EDGE('',*,*,#1539,.F.);
#2201=ORIENTED_EDGE('',*,*,#1549,.T.);
#2202=ORIENTED_EDGE('',*,*,#1541,.F.);
#2203=ORIENTED_EDGE('',*,*,#1281,.T.);
#2204=ORIENTED_EDGE('',*,*,#1566,.T.);
#2205=ORIENTED_EDGE('',*,*,#1291,.T.);
#2206=ORIENTED_EDGE('',*,*,#1300,.F.);
#2207=ORIENTED_EDGE('',*,*,#1567,.F.);
#2208=ORIENTED_EDGE('',*,*,#1568,.T.);
#2209=ORIENTED_EDGE('',*,*,#1569,.T.);
#2210=ORIENTED_EDGE('',*,*,#1570,.T.);
#2211=ORIENTED_EDGE('',*,*,#1571,.T.);
#2212=ORIENTED_EDGE('',*,*,#1565,.F.);
#2213=ORIENTED_EDGE('',*,*,#1527,.T.);
#2214=ORIENTED_EDGE('',*,*,#1499,.T.);
#2215=ORIENTED_EDGE('',*,*,#1563,.F.);
#2216=ORIENTED_EDGE('',*,*,#1497,.F.);
#2217=ORIENTED_EDGE('',*,*,#1545,.F.);
#2218=ORIENTED_EDGE('',*,*,#1520,.T.);
#2219=ORIENTED_EDGE('',*,*,#1292,.T.);
#2220=ORIENTED_EDGE('',*,*,#1570,.F.);
#2221=ORIENTED_EDGE('',*,*,#1572,.F.);
#2222=ORIENTED_EDGE('',*,*,#1573,.T.);
#2223=ORIENTED_EDGE('',*,*,#1574,.F.);
#2224=ORIENTED_EDGE('',*,*,#1308,.F.);
#2225=ORIENTED_EDGE('',*,*,#1294,.T.);
#2226=ORIENTED_EDGE('',*,*,#1287,.F.);
#2227=ORIENTED_EDGE('',*,*,#1537,.F.);
#2228=ORIENTED_EDGE('',*,*,#1575,.T.);
#2229=ORIENTED_EDGE('',*,*,#1279,.F.);
#2230=ORIENTED_EDGE('',*,*,#1277,.F.);
#2231=ORIENTED_EDGE('',*,*,#1576,.T.);
#2232=ORIENTED_EDGE('',*,*,#1577,.T.);
#2233=ORIENTED_EDGE('',*,*,#1578,.T.);
#2234=ORIENTED_EDGE('',*,*,#1577,.F.);
#2235=ORIENTED_EDGE('',*,*,#1579,.T.);
#2236=ORIENTED_EDGE('',*,*,#1576,.F.);
#2237=ORIENTED_EDGE('',*,*,#1579,.F.);
#2238=ORIENTED_EDGE('',*,*,#1580,.T.);
#2239=ORIENTED_EDGE('',*,*,#1581,.F.);
#2240=ORIENTED_EDGE('',*,*,#1580,.F.);
#2241=ORIENTED_EDGE('',*,*,#1582,.T.);
#2242=ORIENTED_EDGE('',*,*,#1583,.T.);
#2243=ORIENTED_EDGE('',*,*,#1571,.F.);
#2244=ORIENTED_EDGE('',*,*,#1583,.F.);
#2245=ORIENTED_EDGE('',*,*,#1584,.T.);
#2246=ORIENTED_EDGE('',*,*,#1585,.T.);
#2247=ORIENTED_EDGE('',*,*,#1586,.T.);
#2248=ORIENTED_EDGE('',*,*,#1587,.T.);
#2249=ORIENTED_EDGE('',*,*,#1588,.T.);
#2250=ORIENTED_EDGE('',*,*,#1589,.T.);
#2251=ORIENTED_EDGE('',*,*,#1590,.T.);
#2252=ORIENTED_EDGE('',*,*,#1591,.T.);
#2253=ORIENTED_EDGE('',*,*,#1592,.T.);
#2254=ORIENTED_EDGE('',*,*,#1593,.T.);
#2255=ORIENTED_EDGE('',*,*,#1594,.T.);
#2256=ORIENTED_EDGE('',*,*,#1582,.F.);
#2257=ORIENTED_EDGE('',*,*,#1595,.F.);
#2258=ORIENTED_EDGE('',*,*,#1596,.F.);
#2259=ORIENTED_EDGE('',*,*,#1597,.F.);
#2260=ORIENTED_EDGE('',*,*,#1598,.F.);
#2261=ORIENTED_EDGE('',*,*,#1599,.F.);
#2262=ORIENTED_EDGE('',*,*,#1600,.F.);
#2263=ORIENTED_EDGE('',*,*,#1601,.F.);
#2264=ORIENTED_EDGE('',*,*,#1602,.F.);
#2265=ORIENTED_EDGE('',*,*,#1603,.F.);
#2266=ORIENTED_EDGE('',*,*,#1604,.F.);
#2267=ORIENTED_EDGE('',*,*,#1605,.F.);
#2268=ORIENTED_EDGE('',*,*,#1578,.F.);
#2269=ORIENTED_EDGE('',*,*,#1584,.F.);
#2270=ORIENTED_EDGE('',*,*,#1606,.T.);
#2271=ORIENTED_EDGE('',*,*,#1595,.T.);
#2272=ORIENTED_EDGE('',*,*,#1607,.F.);
#2273=ORIENTED_EDGE('',*,*,#1585,.F.);
#2274=ORIENTED_EDGE('',*,*,#1607,.T.);
#2275=ORIENTED_EDGE('',*,*,#1599,.T.);
#2276=ORIENTED_EDGE('',*,*,#1608,.F.);
#2277=ORIENTED_EDGE('',*,*,#1586,.F.);
#2278=ORIENTED_EDGE('',*,*,#1608,.T.);
#2279=ORIENTED_EDGE('',*,*,#1598,.T.);
#2280=ORIENTED_EDGE('',*,*,#1609,.F.);
#2281=ORIENTED_EDGE('',*,*,#1587,.F.);
#2282=ORIENTED_EDGE('',*,*,#1609,.T.);
#2283=ORIENTED_EDGE('',*,*,#1597,.T.);
#2284=ORIENTED_EDGE('',*,*,#1610,.F.);
#2285=ORIENTED_EDGE('',*,*,#1588,.F.);
#2286=ORIENTED_EDGE('',*,*,#1610,.T.);
#2287=ORIENTED_EDGE('',*,*,#1596,.T.);
#2288=ORIENTED_EDGE('',*,*,#1606,.F.);
#2289=ORIENTED_EDGE('',*,*,#1589,.F.);
#2290=ORIENTED_EDGE('',*,*,#1611,.T.);
#2291=ORIENTED_EDGE('',*,*,#1600,.T.);
#2292=ORIENTED_EDGE('',*,*,#1612,.F.);
#2293=ORIENTED_EDGE('',*,*,#1590,.F.);
#2294=ORIENTED_EDGE('',*,*,#1612,.T.);
#2295=ORIENTED_EDGE('',*,*,#1602,.T.);
#2296=ORIENTED_EDGE('',*,*,#1613,.F.);
#2297=ORIENTED_EDGE('',*,*,#1591,.F.);
#2298=ORIENTED_EDGE('',*,*,#1613,.T.);
#2299=ORIENTED_EDGE('',*,*,#1601,.T.);
#2300=ORIENTED_EDGE('',*,*,#1611,.F.);
#2301=ORIENTED_EDGE('',*,*,#1592,.F.);
#2302=ORIENTED_EDGE('',*,*,#1614,.T.);
#2303=ORIENTED_EDGE('',*,*,#1603,.T.);
#2304=ORIENTED_EDGE('',*,*,#1615,.F.);
#2305=ORIENTED_EDGE('',*,*,#1593,.F.);
#2306=ORIENTED_EDGE('',*,*,#1615,.T.);
#2307=ORIENTED_EDGE('',*,*,#1605,.T.);
#2308=ORIENTED_EDGE('',*,*,#1616,.F.);
#2309=ORIENTED_EDGE('',*,*,#1594,.F.);
#2310=ORIENTED_EDGE('',*,*,#1616,.T.);
#2311=ORIENTED_EDGE('',*,*,#1604,.T.);
#2312=ORIENTED_EDGE('',*,*,#1614,.F.);
#2313=ORIENTED_EDGE('',*,*,#1552,.T.);
#2314=ORIENTED_EDGE('',*,*,#1617,.T.);
#2315=ORIENTED_EDGE('',*,*,#1309,.T.);
#2316=ORIENTED_EDGE('',*,*,#1618,.F.);
#2317=ORIENTED_EDGE('',*,*,#1619,.T.);
#2318=ORIENTED_EDGE('',*,*,#1297,.T.);
#2319=ORIENTED_EDGE('',*,*,#1617,.F.);
#2320=ORIENTED_EDGE('',*,*,#1551,.T.);
#2321=ORIENTED_EDGE('',*,*,#1620,.T.);
#2322=ORIENTED_EDGE('',*,*,#1621,.T.);
#2323=ORIENTED_EDGE('',*,*,#1622,.T.);
#2324=ORIENTED_EDGE('',*,*,#1623,.T.);
#2325=ORIENTED_EDGE('',*,*,#1624,.T.);
#2326=ORIENTED_EDGE('',*,*,#1625,.T.);
#2327=ORIENTED_EDGE('',*,*,#1626,.T.);
#2328=ORIENTED_EDGE('',*,*,#1553,.T.);
#2329=ORIENTED_EDGE('',*,*,#1618,.T.);
#2330=ORIENTED_EDGE('',*,*,#1574,.T.);
#2331=ORIENTED_EDGE('',*,*,#1627,.F.);
#2332=ORIENTED_EDGE('',*,*,#1628,.F.);
#2333=ORIENTED_EDGE('',*,*,#1621,.F.);
#2334=ORIENTED_EDGE('',*,*,#1629,.F.);
#2335=ORIENTED_EDGE('',*,*,#1630,.F.);
#2336=ORIENTED_EDGE('',*,*,#1631,.F.);
#2337=ORIENTED_EDGE('',*,*,#1568,.F.);
#2338=ORIENTED_EDGE('',*,*,#1299,.F.);
#2339=ORIENTED_EDGE('',*,*,#1632,.T.);
#2340=ORIENTED_EDGE('',*,*,#1633,.F.);
#2341=ORIENTED_EDGE('',*,*,#1629,.T.);
#2342=ORIENTED_EDGE('',*,*,#1567,.T.);
#2343=ORIENTED_EDGE('',*,*,#1633,.T.);
#2344=ORIENTED_EDGE('',*,*,#1634,.T.);
#2345=ORIENTED_EDGE('',*,*,#1635,.F.);
#2346=ORIENTED_EDGE('',*,*,#1630,.T.);
#2347=ORIENTED_EDGE('',*,*,#1569,.F.);
#2348=ORIENTED_EDGE('',*,*,#1631,.T.);
#2349=ORIENTED_EDGE('',*,*,#1635,.T.);
#2350=ORIENTED_EDGE('',*,*,#1636,.T.);
#2351=ORIENTED_EDGE('',*,*,#1572,.T.);
#2352=ORIENTED_EDGE('',*,*,#1637,.F.);
#2353=ORIENTED_EDGE('',*,*,#1625,.F.);
#2354=ORIENTED_EDGE('',*,*,#1638,.T.);
#2355=ORIENTED_EDGE('',*,*,#1639,.F.);
#2356=ORIENTED_EDGE('',*,*,#1638,.F.);
#2357=ORIENTED_EDGE('',*,*,#1624,.F.);
#2358=ORIENTED_EDGE('',*,*,#1640,.T.);
#2359=ORIENTED_EDGE('',*,*,#1641,.F.);
#2360=ORIENTED_EDGE('',*,*,#1640,.F.);
#2361=ORIENTED_EDGE('',*,*,#1623,.F.);
#2362=ORIENTED_EDGE('',*,*,#1573,.F.);
#2363=ORIENTED_EDGE('',*,*,#1636,.F.);
#2364=ORIENTED_EDGE('',*,*,#1642,.F.);
#2365=ORIENTED_EDGE('',*,*,#1643,.F.);
#2366=ORIENTED_EDGE('',*,*,#1642,.T.);
#2367=ORIENTED_EDGE('',*,*,#1634,.F.);
#2368=ORIENTED_EDGE('',*,*,#1644,.F.);
#2369=ORIENTED_EDGE('',*,*,#1645,.F.);
#2370=ORIENTED_EDGE('',*,*,#1644,.T.);
#2371=ORIENTED_EDGE('',*,*,#1632,.F.);
#2372=ORIENTED_EDGE('',*,*,#1298,.F.);
#2373=ORIENTED_EDGE('',*,*,#1619,.F.);
#2374=ORIENTED_EDGE('',*,*,#1646,.T.);
#2375=ORIENTED_EDGE('',*,*,#1647,.F.);
#2376=ORIENTED_EDGE('',*,*,#1646,.F.);
#2377=ORIENTED_EDGE('',*,*,#1622,.F.);
#2378=ORIENTED_EDGE('',*,*,#1628,.T.);
#2379=ORIENTED_EDGE('',*,*,#1620,.F.);
#2380=ORIENTED_EDGE('',*,*,#1550,.T.);
#2381=ORIENTED_EDGE('',*,*,#1648,.F.);
#2382=ORIENTED_EDGE('',*,*,#1649,.F.);
#2383=ORIENTED_EDGE('',*,*,#1554,.T.);
#2384=ORIENTED_EDGE('',*,*,#1626,.F.);
#2385=ORIENTED_EDGE('',*,*,#1648,.T.);
#2386=ORIENTED_EDGE('',*,*,#1561,.T.);
#2387=ORIENTED_EDGE('',*,*,#1650,.F.);
#2388=ORIENTED_EDGE('',*,*,#1627,.T.);
#2389=ORIENTED_EDGE('',*,*,#1650,.T.);
#2390=ORIENTED_EDGE('',*,*,#1560,.T.);
#2391=ORIENTED_EDGE('',*,*,#1651,.F.);
#2392=ORIENTED_EDGE('',*,*,#1647,.T.);
#2393=ORIENTED_EDGE('',*,*,#1651,.T.);
#2394=ORIENTED_EDGE('',*,*,#1559,.T.);
#2395=ORIENTED_EDGE('',*,*,#1652,.F.);
#2396=ORIENTED_EDGE('',*,*,#1645,.T.);
#2397=ORIENTED_EDGE('',*,*,#1652,.T.);
#2398=ORIENTED_EDGE('',*,*,#1558,.T.);
#2399=ORIENTED_EDGE('',*,*,#1653,.F.);
#2400=ORIENTED_EDGE('',*,*,#1643,.T.);
#2401=ORIENTED_EDGE('',*,*,#1653,.T.);
#2402=ORIENTED_EDGE('',*,*,#1557,.T.);
#2403=ORIENTED_EDGE('',*,*,#1654,.F.);
#2404=ORIENTED_EDGE('',*,*,#1641,.T.);
#2405=ORIENTED_EDGE('',*,*,#1654,.T.);
#2406=ORIENTED_EDGE('',*,*,#1556,.T.);
#2407=ORIENTED_EDGE('',*,*,#1655,.F.);
#2408=ORIENTED_EDGE('',*,*,#1639,.T.);
#2409=ORIENTED_EDGE('',*,*,#1649,.T.);
#2410=ORIENTED_EDGE('',*,*,#1637,.T.);
#2411=ORIENTED_EDGE('',*,*,#1655,.T.);
#2412=ORIENTED_EDGE('',*,*,#1555,.T.);
#2413=ORIENTED_EDGE('',*,*,#1566,.F.);
#2414=ORIENTED_EDGE('',*,*,#1280,.T.);
#2415=ORIENTED_EDGE('',*,*,#1575,.F.);
#2416=ORIENTED_EDGE('',*,*,#1536,.T.);
#2417=ORIENTED_EDGE('',*,*,#1581,.T.);
#2418=CYLINDRICAL_SURFACE('',#2607,1.);
#2419=CYLINDRICAL_SURFACE('',#2612,1.);
#2420=CYLINDRICAL_SURFACE('',#2618,4.2);
#2421=CYLINDRICAL_SURFACE('',#2624,1.8);
#2422=CYLINDRICAL_SURFACE('',#2638,19.4);
#2423=CYLINDRICAL_SURFACE('',#2654,19.4);
#2424=CYLINDRICAL_SURFACE('',#2660,19.);
#2425=CYLINDRICAL_SURFACE('',#2661,19.);
#2426=CYLINDRICAL_SURFACE('',#2662,19.);
#2427=CYLINDRICAL_SURFACE('',#2663,19.);
#2428=CYLINDRICAL_SURFACE('',#2664,19.);
#2429=CYLINDRICAL_SURFACE('',#2672,19.4);
#2430=CYLINDRICAL_SURFACE('',#2674,1.8);
#2431=CYLINDRICAL_SURFACE('',#2678,1.);
#2432=CYLINDRICAL_SURFACE('',#2680,1.);
#2433=CYLINDRICAL_SURFACE('',#2694,2.);
#2434=CYLINDRICAL_SURFACE('',#2698,2.);
#2435=CYLINDRICAL_SURFACE('',#2699,1.);
#2436=CYLINDRICAL_SURFACE('',#2704,4.2);
#2437=CYLINDRICAL_SURFACE('',#2707,1.6);
#2438=CYLINDRICAL_SURFACE('',#2712,2.6);
#2439=CYLINDRICAL_SURFACE('',#2714,1.6);
#2440=CYLINDRICAL_SURFACE('',#2729,2.6);
#2441=CYLINDRICAL_SURFACE('',#2732,2.6);
#2442=CYLINDRICAL_SURFACE('',#2736,1.);
#2443=CYLINDRICAL_SURFACE('',#2750,1.);
#2444=CYLINDRICAL_SURFACE('',#2753,1.);
#2445=CYLINDRICAL_SURFACE('',#2755,9.4);
#2446=CYLINDRICAL_SURFACE('',#2757,1.);
#2447=CYLINDRICAL_SURFACE('',#2764,0.24);
#2448=CYLINDRICAL_SURFACE('',#2772,0.24);
#2449=ADVANCED_FACE('',(#315),#2418,.F.);
#2450=ADVANCED_FACE('',(#316),#263,.F.);
#2451=ADVANCED_FACE('',(#317),#2419,.F.);
#2452=ADVANCED_FACE('',(#318),#264,.T.);
#2453=ADVANCED_FACE('',(#319),#2420,.F.);
#2454=ADVANCED_FACE('',(#320),#265,.T.);
#2455=ADVANCED_FACE('',(#321),#2421,.F.);
#2456=ADVANCED_FACE('',(#322),#97,.F.);
#2457=ADVANCED_FACE('',(#323),#98,.F.);
#2458=ADVANCED_FACE('',(#324),#99,.F.);
#2459=ADVANCED_FACE('',(#325),#266,.F.);
#2460=ADVANCED_FACE('',(#326),#100,.F.);
#2461=ADVANCED_FACE('',(#327),#267,.F.);
#2462=ADVANCED_FACE('',(#328),#101,.F.);
#2463=ADVANCED_FACE('',(#329),#102,.F.);
#2464=ADVANCED_FACE('',(#330),#103,.F.);
#2465=ADVANCED_FACE('',(#331),#268,.F.);
#2466=ADVANCED_FACE('',(#332),#269,.F.);
#2467=ADVANCED_FACE('',(#333),#104,.F.);
#2468=ADVANCED_FACE('',(#334),#270,.F.);
#2469=ADVANCED_FACE('',(#335),#105,.F.);
#2470=ADVANCED_FACE('',(#336),#106,.F.);
#2471=ADVANCED_FACE('',(#337),#107,.F.);
#2472=ADVANCED_FACE('',(#338),#271,.F.);
#2473=ADVANCED_FACE('',(#339),#108,.F.);
#2474=ADVANCED_FACE('',(#340),#272,.F.);
#2475=ADVANCED_FACE('',(#341),#273,.F.);
#2476=ADVANCED_FACE('',(#342),#109,.F.);
#2477=ADVANCED_FACE('',(#343),#45,.F.);
#2478=ADVANCED_FACE('',(#344,#26),#274,.T.);
#2479=ADVANCED_FACE('',(#345),#2422,.T.);
#2480=ADVANCED_FACE('',(#346),#275,.F.);
#2481=ADVANCED_FACE('',(#347),#110,.F.);
#2482=ADVANCED_FACE('',(#348),#276,.F.);
#2483=ADVANCED_FACE('',(#349),#111,.F.);
#2484=ADVANCED_FACE('',(#350),#277,.F.);
#2485=ADVANCED_FACE('',(#351),#112,.F.);
#2486=ADVANCED_FACE('',(#352),#46,.F.);
#2487=ADVANCED_FACE('',(#353),#278,.F.);
#2488=ADVANCED_FACE('',(#354),#113,.F.);
#2489=ADVANCED_FACE('',(#355),#279,.F.);
#2490=ADVANCED_FACE('',(#356),#114,.F.);
#2491=ADVANCED_FACE('',(#357),#115,.F.);
#2492=ADVANCED_FACE('',(#358),#47,.F.);
#2493=ADVANCED_FACE('',(#359),#116,.F.);
#2494=ADVANCED_FACE('',(#360),#280,.F.);
#2495=ADVANCED_FACE('',(#361),#117,.F.);
#2496=ADVANCED_FACE('',(#362),#118,.F.);
#2497=ADVANCED_FACE('',(#363),#48,.F.);
#2498=ADVANCED_FACE('',(#364),#281,.F.);
#2499=ADVANCED_FACE('',(#365),#119,.F.);
#2500=ADVANCED_FACE('',(#366),#120,.F.);
#2501=ADVANCED_FACE('',(#367),#121,.F.);
#2502=ADVANCED_FACE('',(#368),#49,.F.);
#2503=ADVANCED_FACE('',(#369),#122,.F.);
#2504=ADVANCED_FACE('',(#370),#123,.F.);
#2505=ADVANCED_FACE('',(#371),#124,.F.);
#2506=ADVANCED_FACE('',(#372),#125,.F.);
#2507=ADVANCED_FACE('',(#373),#126,.F.);
#2508=ADVANCED_FACE('',(#374),#127,.F.);
#2509=ADVANCED_FACE('',(#375),#50,.F.);
#2510=ADVANCED_FACE('',(#376),#128,.F.);
#2511=ADVANCED_FACE('',(#377),#282,.F.);
#2512=ADVANCED_FACE('',(#378),#129,.F.);
#2513=ADVANCED_FACE('',(#379),#283,.F.);
#2514=ADVANCED_FACE('',(#380),#130,.F.);
#2515=ADVANCED_FACE('',(#381),#284,.F.);
#2516=ADVANCED_FACE('',(#382),#131,.F.);
#2517=ADVANCED_FACE('',(#383),#51,.F.);
#2518=ADVANCED_FACE('',(#384,#27),#285,.T.);
#2519=ADVANCED_FACE('',(#385,#28,#29,#30,#31,#32,#33,#34),#2423,.T.);
#2520=ADVANCED_FACE('',(#386),#2424,.T.);
#2521=ADVANCED_FACE('',(#387),#52,.F.);
#2522=ADVANCED_FACE('',(#388),#2425,.T.);
#2523=ADVANCED_FACE('',(#389),#53,.F.);
#2524=ADVANCED_FACE('',(#390),#2426,.T.);
#2525=ADVANCED_FACE('',(#391),#54,.F.);
#2526=ADVANCED_FACE('',(#392),#2427,.T.);
#2527=ADVANCED_FACE('',(#393),#55,.F.);
#2528=ADVANCED_FACE('',(#394),#2428,.T.);
#2529=ADVANCED_FACE('',(#395),#56,.F.);
#2530=ADVANCED_FACE('',(#396),#286,.F.);
#2531=ADVANCED_FACE('',(#397),#287,.F.);
#2532=ADVANCED_FACE('',(#398),#288,.T.);
#2533=ADVANCED_FACE('',(#399),#57,.F.);
#2534=ADVANCED_FACE('',(#400),#2429,.T.);
#2535=ADVANCED_FACE('',(#401),#289,.F.);
#2536=ADVANCED_FACE('',(#402),#2430,.F.);
#2537=ADVANCED_FACE('',(#403),#290,.F.);
#2538=ADVANCED_FACE('',(#404),#291,.F.);
#2539=ADVANCED_FACE('',(#405),#2431,.T.);
#2540=ADVANCED_FACE('',(#406),#2432,.T.);
#2541=ADVANCED_FACE('',(#407),#292,.T.);
#2542=ADVANCED_FACE('',(#408,#35),#293,.T.);
#2543=ADVANCED_FACE('',(#409),#2433,.T.);
#2544=ADVANCED_FACE('',(#410),#17,.T.);
#2545=ADVANCED_FACE('',(#411),#2434,.T.);
#2546=ADVANCED_FACE('',(#412),#2435,.T.);
#2547=ADVANCED_FACE('',(#413,#36),#294,.T.);
#2548=ADVANCED_FACE('',(#414),#295,.T.);
#2549=ADVANCED_FACE('',(#415),#296,.T.);
#2550=ADVANCED_FACE('',(#416),#2436,.F.);
#2551=ADVANCED_FACE('',(#417),#297,.T.);
#2552=ADVANCED_FACE('',(#418),#2437,.F.);
#2553=ADVANCED_FACE('',(#419,#37),#298,.F.);
#2554=ADVANCED_FACE('',(#420),#2438,.F.);
#2555=ADVANCED_FACE('',(#421),#2439,.F.);
#2556=ADVANCED_FACE('',(#422,#38,#39,#40),#299,.F.);
#2557=ADVANCED_FACE('',(#423,#41,#42,#43),#300,.T.);
#2558=ADVANCED_FACE('',(#424),#301,.F.);
#2559=ADVANCED_FACE('',(#425),#302,.F.);
#2560=ADVANCED_FACE('',(#426),#303,.F.);
#2561=ADVANCED_FACE('',(#427),#304,.F.);
#2562=ADVANCED_FACE('',(#428),#305,.F.);
#2563=ADVANCED_FACE('',(#429),#306,.F.);
#2564=ADVANCED_FACE('',(#430),#307,.F.);
#2565=ADVANCED_FACE('',(#431),#2440,.T.);
#2566=ADVANCED_FACE('',(#432),#308,.F.);
#2567=ADVANCED_FACE('',(#433),#309,.F.);
#2568=ADVANCED_FACE('',(#434),#2441,.T.);
#2569=ADVANCED_FACE('',(#435),#310,.T.);
#2570=ADVANCED_FACE('',(#436),#15,.F.);
#2571=ADVANCED_FACE('',(#437),#16,.F.);
#2572=ADVANCED_FACE('',(#438),#2442,.T.);
#2573=ADVANCED_FACE('',(#439),#311,.T.);
#2574=ADVANCED_FACE('',(#440),#18,.F.);
#2575=ADVANCED_FACE('',(#441),#19,.F.);
#2576=ADVANCED_FACE('',(#442),#20,.F.);
#2577=ADVANCED_FACE('',(#443),#2443,.T.);
#2578=ADVANCED_FACE('',(#444),#312,.F.);
#2579=ADVANCED_FACE('',(#445),#2444,.T.);
#2580=ADVANCED_FACE('',(#446),#2445,.F.);
#2581=ADVANCED_FACE('',(#447),#2446,.T.);
#2582=ADVANCED_FACE('',(#448),#313,.F.);
#2583=ADVANCED_FACE('',(#449),#58,.F.);
#2584=ADVANCED_FACE('',(#450),#59,.F.);
#2585=ADVANCED_FACE('',(#451),#21,.T.);
#2586=ADVANCED_FACE('',(#452),#2447,.T.);
#2587=ADVANCED_FACE('',(#453),#22,.T.);
#2588=ADVANCED_FACE('',(#454),#23,.T.);
#2589=ADVANCED_FACE('',(#455),#24,.T.);
#2590=ADVANCED_FACE('',(#456),#2448,.T.);
#2591=ADVANCED_FACE('',(#457),#25,.T.);
#2592=ADVANCED_FACE('',(#458,#44),#314,.F.);
#2593=CLOSED_SHELL('',(#2449,#2450,#2451,#2452,#2453,#2454,#2455,#2456,
#2457,#2458,#2459,#2460,#2461,#2462,#2463,#2464,#2465,#2466,#2467,#2468,
#2469,#2470,#2471,#2472,#2473,#2474,#2475,#2476,#2477,#2478,#2479,#2480,
#2481,#2482,#2483,#2484,#2485,#2486,#2487,#2488,#2489,#2490,#2491,#2492,
#2493,#2494,#2495,#2496,#2497,#2498,#2499,#2500,#2501,#2502,#2503,#2504,
#2505,#2506,#2507,#2508,#2509,#2510,#2511,#2512,#2513,#2514,#2515,#2516,
#2517,#2518,#2519,#2520,#2521,#2522,#2523,#2524,#2525,#2526,#2527,#2528,
#2529,#2530,#2531,#2532,#2533,#2534,#2535,#2536,#2537,#2538,#2539,#2540,
#2541,#2542,#2543,#2544,#2545,#2546,#2547,#2548,#2549,#2550,#2551,#2552,
#2553,#2554,#2555,#2556,#2557,#2558,#2559,#2560,#2561,#2562,#2563,#2564,
#2565,#2566,#2567,#2568,#2569,#2570,#2571,#2572,#2573,#2574,#2575,#2576,
#2577,#2578,#2579,#2580,#2581,#2582,#2583,#2584,#2585,#2586,#2587,#2588,
#2589,#2590,#2591,#2592));
#2594=DERIVED_UNIT_ELEMENT(#2596,1.);
#2595=DERIVED_UNIT_ELEMENT(#8356,-3.);
#2596=(
MASS_UNIT()
NAMED_UNIT(*)
SI_UNIT(.KILO.,.GRAM.)
);
#2597=DERIVED_UNIT((#2594,#2595));
#2598=MEASURE_REPRESENTATION_ITEM('density measure',
POSITIVE_RATIO_MEASURE(7850.),#2597);
#2599=PROPERTY_DEFINITION_REPRESENTATION(#2604,#2601);
#2600=PROPERTY_DEFINITION_REPRESENTATION(#2605,#2602);
#2601=REPRESENTATION('material name',(#2603),#8353);
#2602=REPRESENTATION('density',(#2598),#8353);
#2603=DESCRIPTIVE_REPRESENTATION_ITEM('Steel','Steel');
#2604=PROPERTY_DEFINITION('material property','material name',#8363);
#2605=PROPERTY_DEFINITION('material property','density of part',#8363);
#2606=AXIS2_PLACEMENT_3D('',#3306,#2776,#2777);
#2607=AXIS2_PLACEMENT_3D('',#3307,#2778,#2779);
#2608=AXIS2_PLACEMENT_3D('',#3310,#2780,#2781);
#2609=AXIS2_PLACEMENT_3D('',#3314,#2783,#2784);
#2610=AXIS2_PLACEMENT_3D('',#3316,#2786,#2787);
#2611=AXIS2_PLACEMENT_3D('',#3322,#2790,#2791);
#2612=AXIS2_PLACEMENT_3D('',#3328,#2795,#2796);
#2613=AXIS2_PLACEMENT_3D('',#3331,#2797,#2798);
#2614=AXIS2_PLACEMENT_3D('',#3335,#2800,#2801);
#2615=AXIS2_PLACEMENT_3D('',#3337,#2803,#2804);
#2616=AXIS2_PLACEMENT_3D('',#3341,#2806,#2807);
#2617=AXIS2_PLACEMENT_3D('',#3345,#2809,#2810);
#2618=AXIS2_PLACEMENT_3D('',#3348,#2813,#2814);
#2619=AXIS2_PLACEMENT_3D('',#3350,#2815,#2816);
#2620=AXIS2_PLACEMENT_3D('',#3354,#2818,#2819);
#2621=AXIS2_PLACEMENT_3D('',#3369,#2822,#2823);
#2622=AXIS2_PLACEMENT_3D('',#3375,#2826,#2827);
#2623=AXIS2_PLACEMENT_3D('',#3392,#2828,#2829);
#2624=AXIS2_PLACEMENT_3D('',#3400,#2834,#2835);
#2625=AXIS2_PLACEMENT_3D('',#3403,#2836,#2837);
#2626=AXIS2_PLACEMENT_3D('',#3534,#2843,#2844);
#2627=AXIS2_PLACEMENT_3D('',#3574,#2849,#2850);
#2628=AXIS2_PLACEMENT_3D('',#3577,#2851,#2852);
#2629=AXIS2_PLACEMENT_3D('',#3727,#2859,#2860);
#2630=AXIS2_PLACEMENT_3D('',#3729,#2861,#2862);
#2631=AXIS2_PLACEMENT_3D('',#3733,#2865,#2866);
#2632=AXIS2_PLACEMENT_3D('',#3788,#2871,#2872);
#2633=AXIS2_PLACEMENT_3D('',#3938,#2879,#2880);
#2634=AXIS2_PLACEMENT_3D('',#3990,#2885,#2886);
#2635=AXIS2_PLACEMENT_3D('',#3991,#2887,#2888);
#2636=AXIS2_PLACEMENT_3D('',#3993,#2890,#2891);
#2637=AXIS2_PLACEMENT_3D('',#4112,#2896,#2897);
#2638=AXIS2_PLACEMENT_3D('',#4113,#2898,#2899);
#2639=AXIS2_PLACEMENT_3D('',#4114,#2900,#2901);
#2640=AXIS2_PLACEMENT_3D('',#4166,#2907,#2908);
#2641=AXIS2_PLACEMENT_3D('',#4168,#2909,#2910);
#2642=AXIS2_PLACEMENT_3D('',#4215,#2914,#2915);
#2643=AXIS2_PLACEMENT_3D('',#4289,#2921,#2922);
#2644=AXIS2_PLACEMENT_3D('',#4292,#2923,#2924);
#2645=AXIS2_PLACEMENT_3D('',#4329,#2929,#2930);
#2646=AXIS2_PLACEMENT_3D('',#4450,#2939,#2940);
#2647=AXIS2_PLACEMENT_3D('',#4452,#2941,#2942);
#2648=AXIS2_PLACEMENT_3D('',#4558,#2948,#2949);
#2649=AXIS2_PLACEMENT_3D('',#4942,#2964,#2965);
#2650=AXIS2_PLACEMENT_3D('',#4988,#2970,#2971);
#2651=AXIS2_PLACEMENT_3D('',#4989,#2972,#2973);
#2652=AXIS2_PLACEMENT_3D('',#5031,#2976,#2977);
#2653=AXIS2_PLACEMENT_3D('',#5106,#2982,#2983);
#2654=AXIS2_PLACEMENT_3D('',#5107,#2984,#2985);
#2655=AXIS2_PLACEMENT_3D('',#5110,#2986,#2987);
#2656=AXIS2_PLACEMENT_3D('',#5112,#2988,#2989);
#2657=AXIS2_PLACEMENT_3D('',#5116,#2991,#2992);
#2658=AXIS2_PLACEMENT_3D('',#5120,#2994,#2995);
#2659=AXIS2_PLACEMENT_3D('',#5122,#2996,#2997);
#2660=AXIS2_PLACEMENT_3D('',#5574,#2998,#2999);
#2661=AXIS2_PLACEMENT_3D('',#6077,#3001,#3002);
#2662=AXIS2_PLACEMENT_3D('',#6315,#3004,#3005);
#2663=AXIS2_PLACEMENT_3D('',#6588,#3007,#3008);
#2664=AXIS2_PLACEMENT_3D('',#7241,#3010,#3011);
#2665=AXIS2_PLACEMENT_3D('',#7744,#3013,#3014);
#2666=AXIS2_PLACEMENT_3D('',#7748,#3017,#3018);
#2667=AXIS2_PLACEMENT_3D('',#7799,#3020,#3021);
#2668=AXIS2_PLACEMENT_3D('',#7855,#3023,#3024);
#2669=AXIS2_PLACEMENT_3D('',#7857,#3026,#3027);
#2670=AXIS2_PLACEMENT_3D('',#7861,#3029,#3030);
#2671=AXIS2_PLACEMENT_3D('',#7865,#3032,#3033);
#2672=AXIS2_PLACEMENT_3D('',#7978,#3035,#3036);
#2673=AXIS2_PLACEMENT_3D('',#7979,#3037,#3038);
#2674=AXIS2_PLACEMENT_3D('',#7981,#3040,#3041);
#2675=AXIS2_PLACEMENT_3D('',#7982,#3042,#3043);
#2676=AXIS2_PLACEMENT_3D('',#7983,#3044,#3045);
#2677=AXIS2_PLACEMENT_3D('',#7987,#3047,#3048);
#2678=AXIS2_PLACEMENT_3D('',#7991,#3051,#3052);
#2679=AXIS2_PLACEMENT_3D('',#7994,#3054,#3055);
#2680=AXIS2_PLACEMENT_3D('',#7995,#3056,#3057);
#2681=AXIS2_PLACEMENT_3D('',#7997,#3058,#3059);
#2682=AXIS2_PLACEMENT_3D('',#7999,#3060,#3061);
#2683=AXIS2_PLACEMENT_3D('',#8001,#3063,#3064);
#2684=AXIS2_PLACEMENT_3D('',#8005,#3066,#3067);
#2685=AXIS2_PLACEMENT_3D('',#8007,#3069,#3070);
#2686=AXIS2_PLACEMENT_3D('',#8011,#3072,#3073);
#2687=AXIS2_PLACEMENT_3D('',#8023,#3076,#3077);
#2688=AXIS2_PLACEMENT_3D('',#8027,#3079,#3080);
#2689=AXIS2_PLACEMENT_3D('',#8036,#3081,#3082);
#2690=AXIS2_PLACEMENT_3D('',#8040,#3084,#3085);
#2691=AXIS2_PLACEMENT_3D('',#8042,#3086,#3087);
#2692=AXIS2_PLACEMENT_3D('',#8044,#3088,#3089);
#2693=AXIS2_PLACEMENT_3D('',#8047,#3091,#3092);
#2694=AXIS2_PLACEMENT_3D('',#8048,#3093,#3094);
#2695=AXIS2_PLACEMENT_3D('',#8049,#3095,#3096);
#2696=AXIS2_PLACEMENT_3D('',#8051,#3098,#3099);
#2697=AXIS2_PLACEMENT_3D('',#8052,#3100,#3101);
#2698=AXIS2_PLACEMENT_3D('',#8053,#3102,#3103);
#2699=AXIS2_PLACEMENT_3D('',#8055,#3105,#3106);
#2700=AXIS2_PLACEMENT_3D('',#8057,#3108,#3109);
#2701=AXIS2_PLACEMENT_3D('',#8076,#3112,#3113);
#2702=AXIS2_PLACEMENT_3D('',#8077,#3114,#3115);
#2703=AXIS2_PLACEMENT_3D('',#8078,#3116,#3117);
#2704=AXIS2_PLACEMENT_3D('',#8079,#3118,#3119);
#2705=AXIS2_PLACEMENT_3D('',#8093,#3121,#3122);
#2706=AXIS2_PLACEMENT_3D('',#8094,#3123,#3124);
#2707=AXIS2_PLACEMENT_3D('',#8096,#3126,#3127);
#2708=AXIS2_PLACEMENT_3D('',#8098,#3128,#3129);
#2709=AXIS2_PLACEMENT_3D('',#8101,#3131,#3132);
#2710=AXIS2_PLACEMENT_3D('',#8102,#3133,#3134);
#2711=AXIS2_PLACEMENT_3D('',#8104,#3135,#3136);
#2712=AXIS2_PLACEMENT_3D('',#8105,#3137,#3138);
#2713=AXIS2_PLACEMENT_3D('',#8108,#3140,#3141);
#2714=AXIS2_PLACEMENT_3D('',#8109,#3142,#3143);
#2715=AXIS2_PLACEMENT_3D('',#8111,#3144,#3145);
#2716=AXIS2_PLACEMENT_3D('',#8113,#3147,#3148);
#2717=AXIS2_PLACEMENT_3D('',#8129,#3156,#3157);
#2718=AXIS2_PLACEMENT_3D('',#8135,#3160,#3161);
#2719=AXIS2_PLACEMENT_3D('',#8136,#3162,#3163);
#2720=AXIS2_PLACEMENT_3D('',#8151,#3170,#3171);
#2721=AXIS2_PLACEMENT_3D('',#8157,#3174,#3175);
#2722=AXIS2_PLACEMENT_3D('',#8159,#3177,#3178);
#2723=AXIS2_PLACEMENT_3D('',#8162,#3181,#3182);
#2724=AXIS2_PLACEMENT_3D('',#8164,#3184,#3185);
#2725=AXIS2_PLACEMENT_3D('',#8166,#3187,#3188);
#2726=AXIS2_PLACEMENT_3D('',#8168,#3190,#3191);
#2727=AXIS2_PLACEMENT_3D('',#8169,#3192,#3193);
#2728=AXIS2_PLACEMENT_3D('',#8172,#3196,#3197);
#2729=AXIS2_PLACEMENT_3D('',#8174,#3199,#3200);
#2730=AXIS2_PLACEMENT_3D('',#8175,#3201,#3202);
#2731=AXIS2_PLACEMENT_3D('',#8178,#3205,#3206);
#2732=AXIS2_PLACEMENT_3D('',#8180,#3208,#3209);
#2733=AXIS2_PLACEMENT_3D('',#8181,#3210,#3211);
#2734=AXIS2_PLACEMENT_3D('',#8184,#3214,#3215);
#2735=AXIS2_PLACEMENT_3D('',#8212,#3216,#3217);
#2736=AXIS2_PLACEMENT_3D('',#8239,#3218,#3219);
#2737=AXIS2_PLACEMENT_3D('',#8241,#3220,#3221);
#2738=AXIS2_PLACEMENT_3D('',#8243,#3223,#3224);
#2739=AXIS2_PLACEMENT_3D('',#8245,#3225,#3226);
#2740=AXIS2_PLACEMENT_3D('',#8247,#3227,#3228);
#2741=AXIS2_PLACEMENT_3D('',#8248,#3229,#3230);
#2742=AXIS2_PLACEMENT_3D('',#8249,#3231,#3232);
#2743=AXIS2_PLACEMENT_3D('',#8251,#3233,#3234);
#2744=AXIS2_PLACEMENT_3D('',#8252,#3235,#3236);
#2745=AXIS2_PLACEMENT_3D('',#8253,#3237,#3238);
#2746=AXIS2_PLACEMENT_3D('',#8255,#3239,#3240);
#2747=AXIS2_PLACEMENT_3D('',#8256,#3241,#3242);
#2748=AXIS2_PLACEMENT_3D('',#8257,#3243,#3244);
#2749=AXIS2_PLACEMENT_3D('',#8258,#3245,#3246);
#2750=AXIS2_PLACEMENT_3D('',#8259,#3247,#3248);
#2751=AXIS2_PLACEMENT_3D('',#8261,#3249,#3250);
#2752=AXIS2_PLACEMENT_3D('',#8263,#3252,#3253);
#2753=AXIS2_PLACEMENT_3D('',#8267,#3256,#3257);
#2754=AXIS2_PLACEMENT_3D('',#8269,#3258,#3259);
#2755=AXIS2_PLACEMENT_3D('',#8271,#3261,#3262);
#2756=AXIS2_PLACEMENT_3D('',#8273,#3263,#3264);
#2757=AXIS2_PLACEMENT_3D('',#8275,#3266,#3267);
#2758=AXIS2_PLACEMENT_3D('',#8277,#3268,#3269);
#2759=AXIS2_PLACEMENT_3D('',#8279,#3271,#3272);
#2760=AXIS2_PLACEMENT_3D('',#8311,#3274,#3275);
#2761=AXIS2_PLACEMENT_3D('',#8336,#3276,#3277);
#2762=AXIS2_PLACEMENT_3D('',#8337,#3278,#3279);
#2763=AXIS2_PLACEMENT_3D('',#8338,#3280,#3281);
#2764=AXIS2_PLACEMENT_3D('',#8339,#3282,#3283);
#2765=AXIS2_PLACEMENT_3D('',#8340,#3284,#3285);
#2766=AXIS2_PLACEMENT_3D('',#8341,#3286,#3287);
#2767=AXIS2_PLACEMENT_3D('',#8342,#3288,#3289);
#2768=AXIS2_PLACEMENT_3D('',#8343,#3290,#3291);
#2769=AXIS2_PLACEMENT_3D('',#8344,#3292,#3293);
#2770=AXIS2_PLACEMENT_3D('',#8345,#3294,#3295);
#2771=AXIS2_PLACEMENT_3D('',#8346,#3296,#3297);
#2772=AXIS2_PLACEMENT_3D('',#8347,#3298,#3299);
#2773=AXIS2_PLACEMENT_3D('',#8348,#3300,#3301);
#2774=AXIS2_PLACEMENT_3D('',#8349,#3302,#3303);
#2775=AXIS2_PLACEMENT_3D('',#8350,#3304,#3305);
#2776=DIRECTION('axis',(0.,0.,1.));
#2777=DIRECTION('refdir',(1.,0.,0.));
#2778=DIRECTION('center_axis',(-0.5,0.,0.866025403784439));
#2779=DIRECTION('ref_axis',(0.612372435695794,0.707106781186548,0.353553390593274));
#2780=DIRECTION('center_axis',(0.,0.,-1.));
#2781=DIRECTION('ref_axis',(1.,4.20648087646404E-16,0.));
#2782=DIRECTION('',(-0.5,0.,0.866025403784439));
#2783=DIRECTION('center_axis',(-1.,0.,0.));
#2784=DIRECTION('ref_axis',(0.,6.93889390390723E-17,1.));
#2785=DIRECTION('',(0.5,0.,-0.866025403784439));
#2786=DIRECTION('center_axis',(0.,1.,0.));
#2787=DIRECTION('ref_axis',(0.,0.,1.));
#2788=DIRECTION('',(0.,0.,1.));
#2789=DIRECTION('',(0.5,0.,-0.866025403784439));
#2790=DIRECTION('center_axis',(0.,1.,0.));
#2791=DIRECTION('ref_axis',(-0.866025403784438,0.,0.500000000000001));
#2792=DIRECTION('',(1.,0.,0.));
#2793=DIRECTION('',(-0.5,1.23259516440783E-32,0.866025403784439));
#2794=DIRECTION('',(1.,0.,0.));
#2795=DIRECTION('center_axis',(0.5,0.,-0.866025403784439));
#2796=DIRECTION('ref_axis',(0.612372435695795,-0.707106781186548,0.353553390593274));
#2797=DIRECTION('center_axis',(0.,0.,-1.));
#2798=DIRECTION('ref_axis',(1.,0.,0.));
#2799=DIRECTION('',(-0.5,0.,0.866025403784439));
#2800=DIRECTION('center_axis',(-1.,0.,0.));
#2801=DIRECTION('ref_axis',(0.,-6.93889390390723E-17,1.));
#2802=DIRECTION('',(0.5,0.,-0.866025403784439));
#2803=DIRECTION('center_axis',(-0.866025403784439,0.,-0.5));
#2804=DIRECTION('ref_axis',(0.,-1.,0.));
#2805=DIRECTION('',(0.,-1.,0.));
#2806=DIRECTION('center_axis',(-0.866025403784439,0.,-0.5));
#2807=DIRECTION('ref_axis',(0.5,1.32169407693471E-16,-0.866025403784439));
#2808=DIRECTION('',(0.,1.,0.));
#2809=DIRECTION('center_axis',(-0.866025403784439,0.,-0.5));
#2810=DIRECTION('ref_axis',(-0.5,0.,0.866025403784439));
#2811=DIRECTION('',(0.,-1.,0.));
#2812=DIRECTION('',(0.,-1.,0.));
#2813=DIRECTION('center_axis',(0.,0.,1.));
#2814=DIRECTION('ref_axis',(1.,2.64338815386942E-16,0.));
#2815=DIRECTION('center_axis',(0.,0.,-1.));
#2816=DIRECTION('ref_axis',(1.,2.64338815386942E-16,0.));
#2817=DIRECTION('',(0.,0.,1.));
#2818=DIRECTION('center_axis',(0.,0.,-1.));
#2819=DIRECTION('ref_axis',(1.,2.64338815386942E-16,0.));
#2820=DIRECTION('',(0.,0.,-1.));
#2821=DIRECTION('',(0.,0.,-1.));
#2822=DIRECTION('center_axis',(-1.,0.,0.));
#2823=DIRECTION('ref_axis',(0.,-1.,0.));
#2824=DIRECTION('',(0.,-1.,0.));
#2825=DIRECTION('',(0.,0.,1.));
#2826=DIRECTION('center_axis',(1.,0.,0.));
#2827=DIRECTION('ref_axis',(0.,0.,1.));
#2828=DIRECTION('center_axis',(1.,0.,0.));
#2829=DIRECTION('ref_axis',(0.,0.,1.));
#2830=DIRECTION('',(0.,0.,-1.));
#2831=DIRECTION('',(0.,-1.,0.));
#2832=DIRECTION('',(0.,0.,1.));
#2833=DIRECTION('',(0.,-1.,0.));
#2834=DIRECTION('center_axis',(0.5,0.,-0.866025403784438));
#2835=DIRECTION('ref_axis',(0.,1.,0.));
#2836=DIRECTION('center_axis',(0.,0.,-1.));
#2837=DIRECTION('ref_axis',(1.,0.,0.));
#2838=DIRECTION('',(0.5,0.,-0.866025403784438));
#2839=DIRECTION('',(-1.,0.,0.));
#2840=DIRECTION('',(-1.,0.,0.));
#2841=DIRECTION('',(-1.,0.,0.));
#2842=DIRECTION('',(-1.,0.,0.));
#2843=DIRECTION('center_axis',(0.,-1.,1.8236060117573E-16));
#2844=DIRECTION('ref_axis',(0.,1.8236060117573E-16,1.));
#2845=DIRECTION('',(0.,0.,1.));
#2846=DIRECTION('',(0.,1.8236060117573E-16,1.));
#2847=DIRECTION('',(-1.,0.,0.));
#2848=DIRECTION('',(-1.,0.,0.));
#2849=DIRECTION('center_axis',(0.,-0.413574584307741,0.910470242904555));
#2850=DIRECTION('ref_axis',(0.,0.910470242904555,0.413574584307741));
#2851=DIRECTION('center_axis',(0.,-0.413574584307741,0.910470242904555));
#2852=DIRECTION('ref_axis',(0.,0.910470242904555,0.413574584307741));
#2853=DIRECTION('',(-1.,0.,0.));
#2854=DIRECTION('',(0.,0.910470242904555,0.413574584307741));
#2855=DIRECTION('',(-1.,0.,0.));
#2856=DIRECTION('',(-1.,0.,0.));
#2857=DIRECTION('',(-1.,0.,0.));
#2858=DIRECTION('',(-1.,0.,0.));
#2859=DIRECTION('center_axis',(0.,-0.423545632059777,-0.905874769249637));
#2860=DIRECTION('ref_axis',(0.,-0.905874769249637,0.423545632059777));
#2861=DIRECTION('center_axis',(0.,-0.423545632059777,-0.905874769249637));
#2862=DIRECTION('ref_axis',(0.,0.905874769249637,-0.423545632059777));
#2863=DIRECTION('',(0.,-0.905874769249637,0.423545632059777));
#2864=DIRECTION('',(-1.,0.,0.));
#2865=DIRECTION('center_axis',(0.,-1.,8.47699926829495E-16));
#2866=DIRECTION('ref_axis',(0.,8.47699926829495E-16,1.));
#2867=DIRECTION('',(0.,0.,1.));
#2868=DIRECTION('',(0.,8.47699926829495E-16,1.));
#2869=DIRECTION('',(-1.,0.,0.));
#2870=DIRECTION('',(-1.,0.,0.));
#2871=DIRECTION('center_axis',(0.,1.,-7.94719600072917E-16));
#2872=DIRECTION('ref_axis',(0.,-7.94719600072917E-16,-1.));
#2873=DIRECTION('',(0.,0.,-1.));
#2874=DIRECTION('',(-1.,0.,0.));
#2875=DIRECTION('',(0.,-7.94719600072917E-16,-1.));
#2876=DIRECTION('',(-1.,0.,0.));
#2877=DIRECTION('',(-1.,0.,0.));
#2878=DIRECTION('',(-1.,0.,0.));
#2879=DIRECTION('center_axis',(0.,1.,-3.10823066969843E-15));
#2880=DIRECTION('ref_axis',(0.,-3.10823066969843E-15,-1.));
#2881=DIRECTION('',(0.,0.,-1.));
#2882=DIRECTION('',(-1.,0.,0.));
#2883=DIRECTION('',(0.,-3.10823066969843E-15,-1.));
#2884=DIRECTION('',(-1.,0.,0.));
#2885=DIRECTION('center_axis',(0.,0.432120252897754,0.901815994000761));
#2886=DIRECTION('ref_axis',(0.,0.901815994000761,-0.432120252897754));
#2887=DIRECTION('center_axis',(0.,0.432120252897754,0.901815994000761));
#2888=DIRECTION('ref_axis',(0.,0.901815994000761,-0.432120252897754));
#2889=DIRECTION('',(0.,0.901815994000761,-0.432120252897754));
#2890=DIRECTION('center_axis',(0.,-1.,0.));
#2891=DIRECTION('ref_axis',(0.,0.,1.));
#2892=DIRECTION('',(0.,0.,1.));
#2893=DIRECTION('',(-1.,0.,0.));
#2894=DIRECTION('',(0.,0.,1.));
#2895=DIRECTION('',(-1.,0.,0.));
#2896=DIRECTION('center_axis',(1.,0.,0.));
#2897=DIRECTION('ref_axis',(0.,1.,0.));
#2898=DIRECTION('center_axis',(0.,0.,-1.));
#2899=DIRECTION('ref_axis',(0.999972973371712,0.00735204231069325,0.));
#2900=DIRECTION('center_axis',(0.,-1.,0.));
#2901=DIRECTION('ref_axis',(0.,0.,1.));
#2902=DIRECTION('',(0.,0.,1.));
#2903=DIRECTION('',(-1.,0.,0.));
#2904=DIRECTION('',(0.,0.,1.));
#2905=DIRECTION('',(-1.,0.,0.));
#2906=DIRECTION('',(-1.,0.,0.));
#2907=DIRECTION('center_axis',(0.,4.67794742416663E-16,-1.));
#2908=DIRECTION('ref_axis',(0.,-1.,-4.67794742416663E-16));
#2909=DIRECTION('center_axis',(0.,4.67794742416663E-16,-1.));
#2910=DIRECTION('ref_axis',(-1.,0.,0.));
#2911=DIRECTION('',(0.,-1.,-4.67794742416663E-16));
#2912=DIRECTION('',(-1.,0.,0.));
#2913=DIRECTION('',(-1.,0.,0.));
#2914=DIRECTION('center_axis',(0.,1.,0.));
#2915=DIRECTION('ref_axis',(0.,0.,-1.));
#2916=DIRECTION('',(0.,0.,-1.));
#2917=DIRECTION('',(0.,0.,-1.));
#2918=DIRECTION('',(-1.,0.,0.));
#2919=DIRECTION('',(-1.,0.,0.));
#2920=DIRECTION('',(-1.,0.,0.));
#2921=DIRECTION('center_axis',(0.,-0.579637342163626,0.814874561861817));
#2922=DIRECTION('ref_axis',(0.,0.814874561861817,0.579637342163626));
#2923=DIRECTION('center_axis',(0.,-0.579637342163626,0.814874561861817));
#2924=DIRECTION('ref_axis',(0.,0.814874561861817,0.579637342163626));
#2925=DIRECTION('',(-1.,0.,0.));
#2926=DIRECTION('',(0.,0.814874561861817,0.579637342163626));
#2927=DIRECTION('',(-1.,0.,0.));
#2928=DIRECTION('',(-1.,0.,0.));
#2929=DIRECTION('center_axis',(0.,-0.999996205330935,-0.00275487272500119));
#2930=DIRECTION('ref_axis',(0.,-0.00275487272500119,0.999996205330935));
#2931=DIRECTION('',(-6.46548124014261E-5,-0.0027548727192424,0.99999620324082));
#2932=DIRECTION('',(0.,-0.00275487272500119,0.999996205330935));
#2933=DIRECTION('',(-1.,0.,0.));
#2934=DIRECTION('',(-1.,0.,0.));
#2935=DIRECTION('',(-1.,0.,0.));
#2936=DIRECTION('',(-1.,0.,0.));
#2937=DIRECTION('',(-1.,0.,0.));
#2938=DIRECTION('',(-1.,0.,0.));
#2939=DIRECTION('center_axis',(0.,-4.76560963293736E-16,-1.));
#2940=DIRECTION('ref_axis',(0.,-1.,4.76560963293736E-16));
#2941=DIRECTION('center_axis',(0.,-4.76560963293736E-16,-1.));
#2942=DIRECTION('ref_axis',(-1.,0.,0.));
#2943=DIRECTION('',(0.,-1.,4.76560963293736E-16));
#2944=DIRECTION('',(-1.,0.,0.));
#2945=DIRECTION('',(-1.,0.,0.));
#2946=DIRECTION('',(-1.,0.,0.));
#2947=DIRECTION('',(-1.,0.,0.));
#2948=DIRECTION('center_axis',(0.,-1.,-7.32306955234176E-16));
#2949=DIRECTION('ref_axis',(0.,-7.32306955234176E-16,1.));
#2950=DIRECTION('',(0.,0.,1.));
#2951=DIRECTION('',(0.,-7.32306955234176E-16,1.));
#2952=DIRECTION('',(-1.,0.,0.));
#2953=DIRECTION('',(-1.,0.,0.));
#2954=DIRECTION('',(-1.,0.,0.));
#2955=DIRECTION('',(-1.,0.,0.));
#2956=DIRECTION('',(-1.,0.,0.));
#2957=DIRECTION('',(-1.,0.,0.));
#2958=DIRECTION('',(-1.,0.,0.));
#2959=DIRECTION('',(-1.,0.,0.));
#2960=DIRECTION('',(-1.,0.,0.));
#2961=DIRECTION('',(-1.,0.,0.));
#2962=DIRECTION('',(-1.,0.,0.));
#2963=DIRECTION('',(-1.,0.,0.));
#2964=DIRECTION('center_axis',(0.,1.,0.));
#2965=DIRECTION('ref_axis',(0.,0.,-1.));
#2966=DIRECTION('',(0.,0.,-1.));
#2967=DIRECTION('',(-1.,0.,0.));
#2968=DIRECTION('',(0.,0.,-1.));
#2969=DIRECTION('',(-1.,0.,0.));
#2970=DIRECTION('center_axis',(0.,2.37068842840017E-16,1.));
#2971=DIRECTION('ref_axis',(0.,1.,-2.37068842840017E-16));
#2972=DIRECTION('center_axis',(0.,2.37068842840017E-16,1.));
#2973=DIRECTION('ref_axis',(-1.,0.,0.));
#2974=DIRECTION('',(0.,1.,-2.37068842840017E-16));
#2975=DIRECTION('',(-1.,0.,0.));
#2976=DIRECTION('center_axis',(0.,-1.,-5.59482469102441E-16));
#2977=DIRECTION('ref_axis',(0.,-5.59482469102441E-16,1.));
#2978=DIRECTION('',(0.,0.,1.));
#2979=DIRECTION('',(-1.,0.,0.));
#2980=DIRECTION('',(0.,-5.59482469102441E-16,1.));
#2981=DIRECTION('',(-1.,0.,0.));
#2982=DIRECTION('center_axis',(1.,0.,0.));
#2983=DIRECTION('ref_axis',(0.,1.,0.));
#2984=DIRECTION('center_axis',(0.,0.,-1.));
#2985=DIRECTION('ref_axis',(1.,1.22464679914735E-16,0.));
#2986=DIRECTION('center_axis',(0.,0.,1.));
#2987=DIRECTION('ref_axis',(-1.,0.,0.));
#2988=DIRECTION('center_axis',(0.866025403784439,0.,0.5));
#2989=DIRECTION('ref_axis',(-0.5,0.,0.866025403784439));
#2990=DIRECTION('',(0.,0.,1.));
#2991=DIRECTION('center_axis',(0.,0.,1.));
#2992=DIRECTION('ref_axis',(1.,1.14455981920119E-16,0.));
#2993=DIRECTION('',(0.,0.,1.));
#2994=DIRECTION('center_axis',(0.866025403784439,0.,0.5));
#2995=DIRECTION('ref_axis',(-0.5,0.,0.866025403784439));
#2996=DIRECTION('center_axis',(0.,0.,1.));
#2997=DIRECTION('ref_axis',(-1.,0.,0.));
#2998=DIRECTION('center_axis',(0.,0.,-1.));
#2999=DIRECTION('ref_axis',(0.999948411248494,0.0101575017407496,0.));
#3000=DIRECTION('',(0.984437168758843,0.175736907808445,0.));
#3001=DIRECTION('center_axis',(0.,0.,-1.));
#3002=DIRECTION('ref_axis',(-1.,0.,0.));
#3003=DIRECTION('',(0.96353238874785,0.267591733493137,0.));
#3004=DIRECTION('center_axis',(0.,0.,-1.));
#3005=DIRECTION('ref_axis',(0.999951733098754,0.00982504314481869,0.));
#3006=DIRECTION('',(0.984528361531165,0.175225298803454,0.));
#3007=DIRECTION('center_axis',(0.,0.,-1.));
#3008=DIRECTION('ref_axis',(0.999962693454545,0.00863780638422867,0.));
#3009=DIRECTION('',(0.987087213600065,0.160183746826135,0.));
#3010=DIRECTION('center_axis',(0.,0.,-1.));
#3011=DIRECTION('ref_axis',(0.999964329830109,0.00844624575900644,0.));
#3012=DIRECTION('',(0.995936844963877,-0.090054432669353,0.));
#3013=DIRECTION('center_axis',(0.,0.,1.));
#3014=DIRECTION('ref_axis',(-1.,0.,0.));
#3015=DIRECTION('',(0.,-1.,0.));
#3016=DIRECTION('',(-1.,0.,0.));
#3017=DIRECTION('center_axis',(0.,0.,-1.));
#3018=DIRECTION('ref_axis',(-1.,0.,0.));
#3019=DIRECTION('',(-1.,0.,0.));
#3020=DIRECTION('center_axis',(0.,0.,1.));
#3021=DIRECTION('ref_axis',(-1.,0.,0.));
#3022=DIRECTION('',(0.,-1.,0.));
#3023=DIRECTION('center_axis',(0.,0.,-1.));
#3024=DIRECTION('ref_axis',(1.,0.,0.));
#3025=DIRECTION('',(1.,0.,0.));
#3026=DIRECTION('center_axis',(-0.866025403784439,0.,-0.5));
#3027=DIRECTION('ref_axis',(0.5,0.,-0.866025403784439));
#3028=DIRECTION('',(0.5,0.,-0.866025403784439));
#3029=DIRECTION('center_axis',(0.866025403784439,0.,0.5));
#3030=DIRECTION('ref_axis',(-0.5,-6.00925839494864E-17,0.866025403784438));
#3031=DIRECTION('',(0.,1.,0.));
#3032=DIRECTION('center_axis',(0.866025403784439,0.,0.5));
#3033=DIRECTION('ref_axis',(-0.5,6.00925839494864E-17,0.866025403784439));
#3034=DIRECTION('',(0.5,0.,-0.866025403784439));
#3035=DIRECTION('center_axis',(0.,0.,-1.));
#3036=DIRECTION('ref_axis',(-1.,0.,0.));
#3037=DIRECTION('center_axis',(0.,1.,0.));
#3038=DIRECTION('ref_axis',(0.866025403784438,0.,0.5));
#3039=DIRECTION('',(-0.5,0.,0.866025403784438));
#3040=DIRECTION('center_axis',(0.5,0.,-0.866025403784438));
#3041=DIRECTION('ref_axis',(0.,1.,0.));
#3042=DIRECTION('center_axis',(0.,-1.,0.));
#3043=DIRECTION('ref_axis',(-0.866025403784438,0.,-0.5));
#3044=DIRECTION('center_axis',(0.,-1.,0.));
#3045=DIRECTION('ref_axis',(0.,0.,-1.));
#3046=DIRECTION('',(-1.,0.,0.));
#3047=DIRECTION('center_axis',(0.,-1.,0.));
#3048=DIRECTION('ref_axis',(-0.866025403784438,0.,0.500000000000001));
#3049=DIRECTION('',(-0.5,0.,0.866025403784439));
#3050=DIRECTION('',(0.,0.,-1.));
#3051=DIRECTION('center_axis',(-1.,0.,0.));
#3052=DIRECTION('ref_axis',(0.,0.707106781186548,0.707106781186547));
#3053=DIRECTION('',(1.,0.,0.));
#3054=DIRECTION('center_axis',(0.707106781186547,0.707106781186548,0.));
#3055=DIRECTION('ref_axis',(-0.707106781186548,0.707106781186547,-9.81307786677359E-17));
#3056=DIRECTION('center_axis',(-1.,0.,0.));
#3057=DIRECTION('ref_axis',(0.,-0.707106781186546,0.707106781186549));
#3058=DIRECTION('center_axis',(0.866025403784439,0.,0.5));
#3059=DIRECTION('ref_axis',(-0.5,-6.00925839494864E-17,0.866025403784438));
#3060=DIRECTION('center_axis',(0.707106781186548,-0.707106781186547,0.));
#3061=DIRECTION('ref_axis',(-0.707106781186547,-0.707106781186548,0.));
#3062=DIRECTION('',(-1.,0.,0.));
#3063=DIRECTION('center_axis',(-0.866025403784439,0.,-0.5));
#3064=DIRECTION('ref_axis',(0.5,0.,-0.866025403784439));
#3065=DIRECTION('',(0.,-1.,0.));
#3066=DIRECTION('center_axis',(0.866025403784439,0.,0.5));
#3067=DIRECTION('ref_axis',(-0.5,0.,0.866025403784438));
#3068=DIRECTION('',(0.5,0.,-0.866025403784439));
#3069=DIRECTION('center_axis',(0.,0.,1.));
#3070=DIRECTION('ref_axis',(-1.,0.,0.));
#3071=DIRECTION('',(-1.,0.,0.));
#3072=DIRECTION('center_axis',(0.,0.,-1.));
#3073=DIRECTION('ref_axis',(1.,1.14455981920119E-16,0.));
#3074=DIRECTION('',(1.,0.,0.));
#3075=DIRECTION('',(0.,1.,0.));
#3076=DIRECTION('center_axis',(0.,0.,1.));
#3077=DIRECTION('ref_axis',(1.,4.11193712824132E-16,0.));
#3078=DIRECTION('',(0.,1.,0.));
#3079=DIRECTION('center_axis',(0.,0.,1.));
#3080=DIRECTION('ref_axis',(-1.,0.,0.));
#3081=DIRECTION('center_axis',(0.,0.,-1.));
#3082=DIRECTION('ref_axis',(0.548207900718269,0.836342093637567,0.));
#3083=DIRECTION('',(1.,0.,0.));
#3084=DIRECTION('center_axis',(0.,0.,-1.));
#3085=DIRECTION('ref_axis',(-0.575960731923138,0.817477360715612,0.));
#3086=DIRECTION('center_axis',(0.,0.,1.));
#3087=DIRECTION('ref_axis',(-1.,4.79290401693274E-9,0.));
#3088=DIRECTION('center_axis',(0.,0.,-1.));
#3089=DIRECTION('ref_axis',(-0.575960735841227,-0.817477357955089,0.));
#3090=DIRECTION('',(-1.,0.,0.));
#3091=DIRECTION('center_axis',(0.,0.,-1.));
#3092=DIRECTION('ref_axis',(0.548207912104173,-0.836342086174302,0.));
#3093=DIRECTION('center_axis',(-1.,0.,0.));
#3094=DIRECTION('ref_axis',(0.,0.707106781186548,0.707106781186548));
#3095=DIRECTION('center_axis',(-1.,0.,0.));
#3096=DIRECTION('ref_axis',(0.,0.,1.));
#3097=DIRECTION('',(-1.,0.,0.));
#3098=DIRECTION('center_axis',(0.,0.,-1.));
#3099=DIRECTION('ref_axis',(1.,-9.15647855360954E-17,0.));
#3100=DIRECTION('center_axis',(1.,5.55111512312579E-16,0.));
#3101=DIRECTION('ref_axis',(0.,0.,1.));
#3102=DIRECTION('center_axis',(-1.,0.,0.));
#3103=DIRECTION('ref_axis',(0.,-0.707106781186547,0.707106781186548));
#3104=DIRECTION('',(1.,0.,0.));
#3105=DIRECTION('center_axis',(0.,1.,0.));
#3106=DIRECTION('ref_axis',(-0.866025403784438,0.,0.500000000000001));
#3107=DIRECTION('',(0.,-1.,0.));
#3108=DIRECTION('center_axis',(1.,0.,0.));
#3109=DIRECTION('ref_axis',(0.,1.,0.));
#3110=DIRECTION('',(0.,-1.,0.));
#3111=DIRECTION('',(0.,0.,-1.));
#3112=DIRECTION('center_axis',(-1.,0.,0.));
#3113=DIRECTION('ref_axis',(0.,-1.,0.));
#3114=DIRECTION('center_axis',(0.,-1.,0.));
#3115=DIRECTION('ref_axis',(-1.,0.,0.));
#3116=DIRECTION('center_axis',(0.,1.,0.));
#3117=DIRECTION('ref_axis',(1.,0.,0.));
#3118=DIRECTION('center_axis',(0.,0.,1.));
#3119=DIRECTION('ref_axis',(-1.,0.,0.));
#3120=DIRECTION('',(0.,0.,1.));
#3121=DIRECTION('center_axis',(0.,0.,-1.));
#3122=DIRECTION('ref_axis',(-1.,0.,0.));
#3123=DIRECTION('center_axis',(-1.,0.,0.));
#3124=DIRECTION('ref_axis',(0.,1.,0.));
#3125=DIRECTION('',(0.,1.,0.));
#3126=DIRECTION('center_axis',(1.,0.,0.));
#3127=DIRECTION('ref_axis',(0.,-1.,0.));
#3128=DIRECTION('center_axis',(-1.,0.,0.));
#3129=DIRECTION('ref_axis',(0.,-1.,0.));
#3130=DIRECTION('',(1.,0.,0.));
#3131=DIRECTION('center_axis',(1.,0.,0.));
#3132=DIRECTION('ref_axis',(0.,-1.,0.));
#3133=DIRECTION('center_axis',(1.,0.,0.));
#3134=DIRECTION('ref_axis',(0.,0.,-1.));
#3135=DIRECTION('center_axis',(-1.,0.,0.));
#3136=DIRECTION('ref_axis',(0.,-1.,0.));
#3137=DIRECTION('center_axis',(-1.,0.,0.));
#3138=DIRECTION('ref_axis',(0.,-1.,0.));
#3139=DIRECTION('',(-1.,0.,0.));
#3140=DIRECTION('center_axis',(0.866025403784439,0.,0.5));
#3141=DIRECTION('ref_axis',(-0.5,0.,0.866025403784438));
#3142=DIRECTION('center_axis',(1.,0.,0.));
#3143=DIRECTION('ref_axis',(0.,-1.,0.));
#3144=DIRECTION('center_axis',(-1.,0.,0.));
#3145=DIRECTION('ref_axis',(0.,-1.,0.));
#3146=DIRECTION('',(1.,0.,0.));
#3147=DIRECTION('center_axis',(1.,0.,0.));
#3148=DIRECTION('ref_axis',(0.,0.,-1.));
#3149=DIRECTION('',(0.,0.,-1.));
#3150=DIRECTION('',(0.,-0.866025403784439,-0.5));
#3151=DIRECTION('',(0.,-0.866025403784439,0.5));
#3152=DIRECTION('',(0.,-1.71693096998533E-16,1.));
#3153=DIRECTION('',(0.,1.,0.));
#3154=DIRECTION('',(0.,1.,0.));
#3155=DIRECTION('',(0.,-2.52323414687536E-17,1.));
#3156=DIRECTION('center_axis',(1.,0.,0.));
#3157=DIRECTION('ref_axis',(0.,-1.,0.));
#3158=DIRECTION('',(0.,0.,-1.));
#3159=DIRECTION('',(0.,1.,0.));
#3160=DIRECTION('center_axis',(1.,0.,0.));
#3161=DIRECTION('ref_axis',(0.,-1.,0.));
#3162=DIRECTION('center_axis',(1.,0.,0.));
#3163=DIRECTION('ref_axis',(0.,0.,-1.));
#3164=DIRECTION('',(0.,0.,-1.));
#3165=DIRECTION('',(0.,1.,0.));
#3166=DIRECTION('',(0.,-1.71693096998533E-16,1.));
#3167=DIRECTION('',(0.,-0.866025403784439,0.5));
#3168=DIRECTION('',(0.,-0.866025403784439,-0.5));
#3169=DIRECTION('',(0.,1.,0.));
#3170=DIRECTION('center_axis',(1.,0.,0.));
#3171=DIRECTION('ref_axis',(0.,-1.,0.));
#3172=DIRECTION('',(0.,-2.52323414687536E-17,1.));
#3173=DIRECTION('',(0.,0.,-1.));
#3174=DIRECTION('center_axis',(1.,0.,0.));
#3175=DIRECTION('ref_axis',(0.,-1.,0.));
#3176=DIRECTION('',(0.,1.,0.));
#3177=DIRECTION('center_axis',(0.,1.,0.));
#3178=DIRECTION('ref_axis',(0.,0.,-1.));
#3179=DIRECTION('',(-1.,0.,0.));
#3180=DIRECTION('',(-1.,0.,0.));
#3181=DIRECTION('center_axis',(0.,0.5,-0.866025403784439));
#3182=DIRECTION('ref_axis',(0.,-0.866025403784439,-0.5));
#3183=DIRECTION('',(-1.,0.,0.));
#3184=DIRECTION('center_axis',(0.,-0.5,-0.866025403784439));
#3185=DIRECTION('ref_axis',(0.,-0.866025403784439,0.5));
#3186=DIRECTION('',(-1.,0.,0.));
#3187=DIRECTION('center_axis',(0.,-1.,-1.71693096998533E-16));
#3188=DIRECTION('ref_axis',(0.,-1.71693096998533E-16,1.));
#3189=DIRECTION('',(-1.,0.,0.));
#3190=DIRECTION('center_axis',(0.,0.,1.));
#3191=DIRECTION('ref_axis',(0.,1.,0.));
#3192=DIRECTION('center_axis',(0.,0.,1.));
#3193=DIRECTION('ref_axis',(0.,1.,0.));
#3194=DIRECTION('',(-1.,0.,0.));
#3195=DIRECTION('',(-1.,0.,0.));
#3196=DIRECTION('center_axis',(0.,-1.,-2.52323414687536E-17));
#3197=DIRECTION('ref_axis',(0.,-2.52323414687536E-17,1.));
#3198=DIRECTION('',(-1.,0.,0.));
#3199=DIRECTION('center_axis',(-1.,0.,0.));
#3200=DIRECTION('ref_axis',(0.,-1.,0.));
#3201=DIRECTION('center_axis',(0.,1.,0.));
#3202=DIRECTION('ref_axis',(0.,0.,-1.));
#3203=DIRECTION('',(-1.,0.,0.));
#3204=DIRECTION('',(-1.,0.,0.));
#3205=DIRECTION('center_axis',(0.,0.,1.));
#3206=DIRECTION('ref_axis',(0.,1.,0.));
#3207=DIRECTION('',(-1.,0.,0.));
#3208=DIRECTION('center_axis',(-1.,0.,0.));
#3209=DIRECTION('ref_axis',(0.,-1.,0.));
#3210=DIRECTION('center_axis',(-0.554700196225229,0.,-0.832050294337843));
#3211=DIRECTION('ref_axis',(-0.832050294337844,0.,0.554700196225229));
#3212=DIRECTION('',(0.832050294337844,0.,-0.554700196225229));
#3213=DIRECTION('',(0.832050294337844,0.,-0.554700196225229));
#3214=DIRECTION('center_axis',(0.,0.,-1.));
#3215=DIRECTION('ref_axis',(1.,4.11193712824132E-16,0.));
#3216=DIRECTION('center_axis',(0.,0.,-1.));
#3217=DIRECTION('ref_axis',(-1.,0.,0.));
#3218=DIRECTION('center_axis',(0.,0.,-1.));
#3219=DIRECTION('ref_axis',(9.71445146547011E-16,-1.,0.));
#3220=DIRECTION('center_axis',(0.,0.,1.));
#3221=DIRECTION('ref_axis',(0.548207912104173,-0.836342086174302,0.));
#3222=DIRECTION('',(0.,0.,1.));
#3223=DIRECTION('center_axis',(0.,0.,1.));
#3224=DIRECTION('ref_axis',(-1.,0.,0.));
#3225=DIRECTION('center_axis',(0.,0.,1.));
#3226=DIRECTION('ref_axis',(-0.766295647574194,-0.64248811701762,0.));
#3227=DIRECTION('center_axis',(0.,0.,-1.));
#3228=DIRECTION('ref_axis',(-1.,4.79290401693274E-9,0.));
#3229=DIRECTION('center_axis',(0.,0.,1.));
#3230=DIRECTION('ref_axis',(-0.766295628217722,0.642488140104085,0.));
#3231=DIRECTION('center_axis',(0.,0.,1.));
#3232=DIRECTION('ref_axis',(1.,0.,0.));
#3233=DIRECTION('center_axis',(0.,0.,-1.));
#3234=DIRECTION('ref_axis',(-0.766295647574194,-0.642488117017619,0.));
#3235=DIRECTION('center_axis',(0.336538461538464,-0.941669721242711,0.));
#3236=DIRECTION('ref_axis',(0.,0.,-1.));
#3237=DIRECTION('center_axis',(0.,0.,-1.));
#3238=DIRECTION('ref_axis',(-1.,0.,0.));
#3239=DIRECTION('center_axis',(0.,0.,1.));
#3240=DIRECTION('ref_axis',(-1.,4.79290401693274E-9,0.));
#3241=DIRECTION('center_axis',(-0.336538470565127,-0.941669718016718,0.));
#3242=DIRECTION('ref_axis',(0.,0.,-1.));
#3243=DIRECTION('center_axis',(0.,0.,1.));
#3244=DIRECTION('ref_axis',(1.,0.,0.));
#3245=DIRECTION('center_axis',(0.,0.,-1.));
#3246=DIRECTION('ref_axis',(-0.766295628217722,0.642488140104085,0.));
#3247=DIRECTION('center_axis',(0.,0.,-1.));
#3248=DIRECTION('ref_axis',(0.916978686870745,0.398936195180137,0.));
#3249=DIRECTION('center_axis',(0.,0.,1.));
#3250=DIRECTION('ref_axis',(0.548207900718269,0.836342093637567,0.));
#3251=DIRECTION('',(0.,0.,1.));
#3252=DIRECTION('center_axis',(0.,-1.,0.));
#3253=DIRECTION('ref_axis',(0.,0.,1.));
#3254=DIRECTION('',(-1.,0.,0.));
#3255=DIRECTION('',(0.,0.,1.));
#3256=DIRECTION('center_axis',(0.,0.,-1.));
#3257=DIRECTION('ref_axis',(-1.45716771982052E-15,1.,0.));
#3258=DIRECTION('center_axis',(0.,0.,1.));
#3259=DIRECTION('ref_axis',(-0.575960731923138,0.817477360715612,0.));
#3260=DIRECTION('',(0.,0.,-1.));
#3261=DIRECTION('center_axis',(0.,0.,-1.));
#3262=DIRECTION('ref_axis',(-1.,0.,0.));
#3263=DIRECTION('center_axis',(0.,0.,-1.));
#3264=DIRECTION('ref_axis',(-1.,4.79290401693274E-9,0.));
#3265=DIRECTION('',(0.,0.,-1.));
#3266=DIRECTION('center_axis',(0.,0.,-1.));
#3267=DIRECTION('ref_axis',(-0.94166972124271,-0.336538461538465,0.));
#3268=DIRECTION('center_axis',(0.,0.,1.));
#3269=DIRECTION('ref_axis',(-0.575960735841227,-0.817477357955089,0.));
#3270=DIRECTION('',(0.,0.,1.));
#3271=DIRECTION('center_axis',(0.,1.,0.));
#3272=DIRECTION('ref_axis',(0.,0.,-1.));
#3273=DIRECTION('',(1.,0.,0.));
#3274=DIRECTION('center_axis',(-0.924413210253942,-0.381392470701771,0.));
#3275=DIRECTION('ref_axis',(0.381392470701771,-0.924413210253942,-2.33631632558701E-9));
#3276=DIRECTION('center_axis',(-0.924413220638439,0.381392445531985,0.));
#3277=DIRECTION('ref_axis',(0.,0.,1.));
#3278=DIRECTION('center_axis',(0.,0.,1.));
#3279=DIRECTION('ref_axis',(1.,0.,0.));
#3280=DIRECTION('center_axis',(-1.,-5.78241158658935E-16,0.));
#3281=DIRECTION('ref_axis',(5.78241158658935E-16,-1.,0.));
#3282=DIRECTION('center_axis',(1.,0.,0.));
#3283=DIRECTION('ref_axis',(0.,-0.707106781186548,0.707106781186548));
#3284=DIRECTION('center_axis',(-1.,0.,0.));
#3285=DIRECTION('ref_axis',(0.,-1.,0.));
#3286=DIRECTION('center_axis',(0.,0.,1.));
#3287=DIRECTION('ref_axis',(1.,0.,0.));
#3288=DIRECTION('center_axis',(-0.336538461538458,0.941669721242712,0.));
#3289=DIRECTION('ref_axis',(-0.941669721242712,-0.336538461538458,0.));
#3290=DIRECTION('center_axis',(0.,0.,1.));
#3291=DIRECTION('ref_axis',(-1.,4.79290399541494E-9,0.));
#3292=DIRECTION('center_axis',(0.336538470565126,0.941669718016718,0.));
#3293=DIRECTION('ref_axis',(-0.941669718016718,0.336538470565126,0.));
#3294=DIRECTION('center_axis',(0.,0.,1.));
#3295=DIRECTION('ref_axis',(1.,0.,0.));
#3296=DIRECTION('center_axis',(1.,0.,0.));
#3297=DIRECTION('ref_axis',(0.,1.,0.));
#3298=DIRECTION('center_axis',(-1.,0.,0.));
#3299=DIRECTION('ref_axis',(0.,0.707106781186548,0.707106781186548));
#3300=DIRECTION('center_axis',(1.,0.,0.));
#3301=DIRECTION('ref_axis',(0.,1.,0.));
#3302=DIRECTION('center_axis',(0.,0.,1.));
#3303=DIRECTION('ref_axis',(1.,0.,0.));
#3304=DIRECTION('center_axis',(0.866025403784439,0.,0.5));
#3305=DIRECTION('ref_axis',(0.5,0.,-0.866025403784439));
#3306=CARTESIAN_POINT('',(0.,0.,0.));
#3307=CARTESIAN_POINT('Origin',(-15.1381406313568,16.2,-3.87476226117016));
#3308=CARTESIAN_POINT('',(6.72998748435054,16.2,-39.7514712240007));
#3309=CARTESIAN_POINT('',(5.57528694597129,17.2,-39.7514712240007));
#3310=CARTESIAN_POINT('Origin',(5.57528694597129,16.2,-39.7514712240007));
#3311=CARTESIAN_POINT('',(-20.3222410496817,16.2,7.10436305490765));
#3312=CARTESIAN_POINT('',(-14.2721152275724,16.2,-3.37476226117016));
#3313=CARTESIAN_POINT('',(-20.3222410496817,17.2,5.10436305490765));
#3314=CARTESIAN_POINT('Origin',(-20.3222410496817,16.2,5.10436305490765));
#3315=CARTESIAN_POINT('',(-15.1381406313568,17.2,-3.87476226117016));
#3316=CARTESIAN_POINT('Origin',(-28.65,17.2,12.));
#3317=CARTESIAN_POINT('',(-20.3222410496817,17.2,12.));
#3318=CARTESIAN_POINT('',(-20.3222410496817,17.2,12.));
#3319=CARTESIAN_POINT('',(-25.7839745962156,17.2,21.46));
#3320=CARTESIAN_POINT('',(-25.1930602624204,17.2,20.4365063509461));
#3321=CARTESIAN_POINT('',(-25.9179491924311,17.2,21.96));
#3322=CARTESIAN_POINT('Origin',(-24.9179491924311,17.2,21.96));
#3323=CARTESIAN_POINT('',(-34.6726497308104,17.2,21.96));
#3324=CARTESIAN_POINT('',(-12.225,17.2,21.96));
#3325=CARTESIAN_POINT('',(0.956484792454291,17.2,-39.7514712240007));
#3326=CARTESIAN_POINT('',(-14.1227640071887,17.2,-13.6334461630471));
#3327=CARTESIAN_POINT('',(-10.9600062578247,17.2,-39.7514712240007));
#3328=CARTESIAN_POINT('Origin',(-17.3032041408179,-3.8,-0.124762261170159));
#3329=CARTESIAN_POINT('',(6.72998748435054,-3.8,-39.7514712240007));
#3330=CARTESIAN_POINT('',(5.57528694597129,-4.8,-39.7514712240007));
#3331=CARTESIAN_POINT('Origin',(5.57528694597129,-3.8,-39.7514712240007));
#3332=CARTESIAN_POINT('',(-20.3222410496817,-4.8,5.10436305490765));
#3333=CARTESIAN_POINT('',(-17.3032041408179,-4.8,-0.124762261170159));
#3334=CARTESIAN_POINT('',(-20.3222410496817,-3.8,7.10436305490765));
#3335=CARTESIAN_POINT('Origin',(-20.3222410496817,-3.8,5.10436305490765));
#3336=CARTESIAN_POINT('',(-16.4371787370335,-3.8,0.375237738829841));
#3337=CARTESIAN_POINT('Origin',(-4.02017668680562,6.20000000000001,-21.1316406898517));
#3338=CARTESIAN_POINT('',(6.72998748435054,11.5524861415119,-39.7514712240007));
#3339=CARTESIAN_POINT('',(6.72998748435054,0.700000000000003,-39.7514712240007));
#3340=CARTESIAN_POINT('',(0.,8.2,-28.0947909668029));
#3341=CARTESIAN_POINT('Origin',(4.2,8.2,-35.3694043585922));
#3342=CARTESIAN_POINT('',(0.,4.2,-28.0947909668029));
#3343=CARTESIAN_POINT('',(1.11022302462516E-15,5.2,-28.0947909668029));
#3344=CARTESIAN_POINT('',(6.72998748435054,0.847513858488061,-39.7514712240007));
#3345=CARTESIAN_POINT('Origin',(4.2,4.2,-35.3694043585922));
#3346=CARTESIAN_POINT('',(6.72998748435054,0.700000000000003,-39.7514712240007));
#3347=CARTESIAN_POINT('',(-20.3222410496817,0.700000000000003,7.10436305490765));
#3348=CARTESIAN_POINT('Origin',(4.2,8.2,0.));
#3349=CARTESIAN_POINT('',(8.4,8.2,-39.7514712240007));
#3350=CARTESIAN_POINT('Origin',(4.2,8.2,-39.7514712240007));
#3351=CARTESIAN_POINT('',(8.4,8.2,22.));
#3352=CARTESIAN_POINT('',(8.4,8.2,0.));
#3353=CARTESIAN_POINT('',(0.0477410172932163,8.83146285760196,22.));
#3354=CARTESIAN_POINT('Origin',(4.2,8.2,22.));
#3355=CARTESIAN_POINT('',(0.0477410172932156,8.83146285760196,21.8));
#3356=CARTESIAN_POINT('',(0.0477410172932156,8.83146285760196,22.96));
#3357=CARTESIAN_POINT('',(-5.78963960107259E-16,8.1999999999998,20.88551393793));
#3358=CARTESIAN_POINT('Ctrl Pts',(-1.07281804967441E-15,8.1999999999998,
20.88551393793));
#3359=CARTESIAN_POINT('Ctrl Pts',(-6.06712894780384E-15,8.30152385077587,
20.9277479128389));
#3360=CARTESIAN_POINT('Ctrl Pts',(0.00373902497818226,8.39615527014457,
20.9850221231819));
#3361=CARTESIAN_POINT('Ctrl Pts',(0.0161745662644676,8.58218746244157,21.1426304100956));
#3362=CARTESIAN_POINT('Ctrl Pts',(0.0255347282462999,8.66644075209054,21.2478949077003));
#3363=CARTESIAN_POINT('Ctrl Pts',(0.0404805996335846,8.78461035812781,21.480179498455));
#3364=CARTESIAN_POINT('Ctrl Pts',(0.0459269049000422,8.8194893295705,21.6033736103561));
#3365=CARTESIAN_POINT('Ctrl Pts',(0.0476105167261157,8.83060654123002,21.7535343966537));
#3366=CARTESIAN_POINT('Ctrl Pts',(0.0477410172932165,8.83146285760196,21.7767859734483));
#3367=CARTESIAN_POINT('Ctrl Pts',(0.0477410172932165,8.83146285760196,21.8));
#3368=CARTESIAN_POINT('',(0.,8.2,0.));
#3369=CARTESIAN_POINT('Origin',(8.4,8.2,0.));
#3370=CARTESIAN_POINT('',(8.4,8.00000011920929,-39.7514712240007));
#3371=CARTESIAN_POINT('',(8.4,1.7,-39.7514712240007));
#3372=CARTESIAN_POINT('',(8.4,8.00000011920929,-39.0440177503815));
#3373=CARTESIAN_POINT('',(8.4,8.00000011920929,-19.8757356120004));
#3374=CARTESIAN_POINT('',(8.39999999999998,7.36355636276058,-36.2972839877613));
#3375=CARTESIAN_POINT('Origin',(8.4,6.2,-39.0440177503815));
#3376=CARTESIAN_POINT('',(8.3999999948065,5.03644365880663,-36.2972839467189));
#3377=CARTESIAN_POINT('Ctrl Pts',(8.4,5.03644366077532,-36.2972839478807));
#3378=CARTESIAN_POINT('Ctrl Pts',(8.4,5.18029447640915,-36.0535347663334));
#3379=CARTESIAN_POINT('Ctrl Pts',(8.4,5.33470307033445,-35.8607286079143));
#3380=CARTESIAN_POINT('Ctrl Pts',(8.4,5.61023267440254,-35.6120024944967));
#3381=CARTESIAN_POINT('Ctrl Pts',(8.4,5.74301448493818,-35.520905231103));
#3382=CARTESIAN_POINT('Ctrl Pts',(8.4,5.99575461583952,-35.423305703452));
#3383=CARTESIAN_POINT('Ctrl Pts',(8.4,6.10666760860708,-35.4017665264852));
#3384=CARTESIAN_POINT('Ctrl Pts',(8.4,6.32873438747588,-35.4075952437084));
#3385=CARTESIAN_POINT('Ctrl Pts',(8.4,6.43259851080803,-35.4319177649395));
#3386=CARTESIAN_POINT('Ctrl Pts',(8.4,6.65889049366009,-35.5252555396927));
#3387=CARTESIAN_POINT('Ctrl Pts',(8.4,6.77538769303695,-35.6034497466768));
#3388=CARTESIAN_POINT('Ctrl Pts',(8.4,7.04766289737639,-35.8389722442727));
#3389=CARTESIAN_POINT('Ctrl Pts',(8.4,7.21177105094546,-36.0400901268352));
#3390=CARTESIAN_POINT('Ctrl Pts',(8.4,7.36355636276066,-36.2972839877614));
#3391=CARTESIAN_POINT('',(8.4,4.4,-39.0440177503815));
#3392=CARTESIAN_POINT('Origin',(8.4,6.2,-39.0440177503815));
#3393=CARTESIAN_POINT('',(8.4,4.4,-39.7514712240007));
#3394=CARTESIAN_POINT('',(8.4,4.4,-19.4257356120004));
#3395=CARTESIAN_POINT('',(8.4,4.2,-39.7514712240007));
#3396=CARTESIAN_POINT('',(8.4,1.7,-39.7514712240007));
#3397=CARTESIAN_POINT('',(8.4,4.2,22.));
#3398=CARTESIAN_POINT('',(8.4,4.2,0.));
#3399=CARTESIAN_POINT('',(8.4,4.2,22.));
#3400=CARTESIAN_POINT('Origin',(8.28883321116255,6.2,-38.8514712240007));
#3401=CARTESIAN_POINT('',(8.8985652273508,4.40169267773998,-39.7514712240007));
#3402=CARTESIAN_POINT('',(8.80844845343321,4.4,-39.7514712240007));
#3403=CARTESIAN_POINT('Origin',(8.80844845343321,6.2,-39.7514712240007));
#3404=CARTESIAN_POINT('',(8.28883321116255,4.4,-38.8514712240007));
#3405=CARTESIAN_POINT('Ctrl Pts',(8.89856522658112,4.40169234079102,-39.751471216655));
#3406=CARTESIAN_POINT('Ctrl Pts',(8.80894427863066,4.40993651168064,-39.2154777853693));
#3407=CARTESIAN_POINT('Ctrl Pts',(8.63978373012226,4.48635440227411,-38.1419441899632));
#3408=CARTESIAN_POINT('Ctrl Pts',(8.48315943381591,4.74628696904306,-36.9848476224161));
#3409=CARTESIAN_POINT('Ctrl Pts',(8.41292551966434,4.98548052632354,-36.4063476463272));
#3410=CARTESIAN_POINT('Ctrl Pts',(8.39996231050698,5.03647433666832,-36.2973016437684));
#3411=CARTESIAN_POINT('Ctrl Pts',(10.15,3.11552604152296,0.410759274182473));
#3412=CARTESIAN_POINT('Ctrl Pts',(9.75,3.11552604152296,0.410759274182473));
#3413=CARTESIAN_POINT('Ctrl Pts',(10.15,3.11552604152296,0.660790948090706));
#3414=CARTESIAN_POINT('Ctrl Pts',(9.75,3.11552604152296,0.660790948090706));
#3415=CARTESIAN_POINT('Ctrl Pts',(10.15,3.23855783654783,0.791760424790535));
#3416=CARTESIAN_POINT('Ctrl Pts',(9.75,3.23855783654783,0.791760424790535));
#3417=CARTESIAN_POINT('Ctrl Pts',(10.15,3.39333884431455,0.867166129765662));
#3418=CARTESIAN_POINT('Ctrl Pts',(9.75,3.39333884431455,0.867166129765662));
#3419=CARTESIAN_POINT('',(9.90322480418055,3.11552604152296,0.410759274182473));
#3420=CARTESIAN_POINT('',(9.94590198863201,3.39333884431455,0.867166129765664));
#3421=CARTESIAN_POINT('Ctrl Pts',(9.90322480418055,3.11552604152296,0.410759274182473));
#3422=CARTESIAN_POINT('Ctrl Pts',(9.90322480418055,3.11552604152296,0.440363131932119));
#3423=CARTESIAN_POINT('Ctrl Pts',(9.90350531899373,3.11724898093062,0.469946473440911));
#3424=CARTESIAN_POINT('Ctrl Pts',(9.90413036197344,3.12113028634465,0.499180329971024));
#3425=CARTESIAN_POINT('Ctrl Pts',(9.90480121961437,3.12529608530294,0.530556981918951));
#3426=CARTESIAN_POINT('Ctrl Pts',(9.90586896319253,3.131951477959,0.561529900301233));
#3427=CARTESIAN_POINT('Ctrl Pts',(9.90741273926824,3.14163513777649,0.591638352365007));
#3428=CARTESIAN_POINT('Ctrl Pts',(9.90797185057904,3.14514228095555,0.602542768079488));
#3429=CARTESIAN_POINT('Ctrl Pts',(9.90859340212725,3.14904637350103,0.613333408182189));
#3430=CARTESIAN_POINT('Ctrl Pts',(9.90928115379265,3.15337142566933,0.623987467398564));
#3431=CARTESIAN_POINT('Ctrl Pts',(9.91120645598734,3.1654790407442,0.653812598508468));
#3432=CARTESIAN_POINT('Ctrl Pts',(9.91358764965678,3.18050959733204,0.681648418550441));
#3433=CARTESIAN_POINT('Ctrl Pts',(9.91640714578626,3.19851638331964,0.707534222942383));
#3434=CARTESIAN_POINT('Ctrl Pts',(9.918398633866,3.21123507417853,0.725818082367466));
#3435=CARTESIAN_POINT('Ctrl Pts',(9.92060879049577,3.22543937572725,0.743127374863064));
#3436=CARTESIAN_POINT('Ctrl Pts',(9.92303141755333,3.24113767445738,0.759463964186405));
#3437=CARTESIAN_POINT('Ctrl Pts',(9.92975797812733,3.2847248856987,0.804823425236343));
#3438=CARTESIAN_POINT('Ctrl Pts',(9.93765704408752,3.33694830103247,0.839693969379392));
#3439=CARTESIAN_POINT('Ctrl Pts',(9.94590198863201,3.39333884431455,0.867166129765662));
#3440=CARTESIAN_POINT('',(9.75,3.11552604152296,0.410759274182473));
#3441=CARTESIAN_POINT('',(10.15,3.11552604152296,0.410759274182473));
#3442=CARTESIAN_POINT('',(9.75,3.39333884431455,0.867166129765662));
#3443=CARTESIAN_POINT('Ctrl Pts',(9.75,3.11552604152296,0.410759274182473));
#3444=CARTESIAN_POINT('Ctrl Pts',(9.75,3.11552604152296,0.660790948090706));
#3445=CARTESIAN_POINT('Ctrl Pts',(9.75,3.23855783654783,0.791760424790535));
#3446=CARTESIAN_POINT('Ctrl Pts',(9.75,3.39333884431455,0.867166129765662));
#3447=CARTESIAN_POINT('',(10.15,3.39333884431455,0.867166129765662));
#3448=CARTESIAN_POINT('Ctrl Pts',(10.15,3.39333884431455,0.867166129765662));
#3449=CARTESIAN_POINT('Ctrl Pts',(9.75,3.39333884431455,0.867166129765662));
#3450=CARTESIAN_POINT('Ctrl Pts',(10.15,3.54415176822279,0.942571834740791));
#3451=CARTESIAN_POINT('Ctrl Pts',(9.75,3.54415176822279,0.942571834740791));
#3452=CARTESIAN_POINT('Ctrl Pts',(10.15,3.82593265487287,1.09735284250752));
#3453=CARTESIAN_POINT('Ctrl Pts',(9.75,3.82593265487287,1.09735284250752));
#3454=CARTESIAN_POINT('Ctrl Pts',(10.15,3.89340143515203,1.13307165306583));
#3455=CARTESIAN_POINT('Ctrl Pts',(9.75,3.89340143515203,1.13307165306583));
#3456=CARTESIAN_POINT('',(10.0123883010555,3.89340143515203,1.13307165306583));
#3457=CARTESIAN_POINT('Ctrl Pts',(9.94590198863201,3.39333884431456,0.867166129765664));
#3458=CARTESIAN_POINT('Ctrl Pts',(9.94758382528563,3.40484161211331,0.87291745592892));
#3459=CARTESIAN_POINT('Ctrl Pts',(9.94931549661642,3.4168807442382,0.879017409919801));
#3460=CARTESIAN_POINT('Ctrl Pts',(9.95108338167047,3.42927316104319,0.885355926471662));
#3461=CARTESIAN_POINT('Ctrl Pts',(9.9529605311692,3.44243149333417,0.892086196146558));
#3462=CARTESIAN_POINT('Ctrl Pts',(9.95487850911424,3.45598855639258,0.89908567034589));
#3463=CARTESIAN_POINT('Ctrl Pts',(9.9568210097084,3.46977850083195,0.906253961779439));
#3464=CARTESIAN_POINT('Ctrl Pts',(9.95890805168813,3.48459455444324,0.913955645469881));
#3465=CARTESIAN_POINT('Ctrl Pts',(9.96102340155355,3.49967995421086,0.921852495925613));
#3466=CARTESIAN_POINT('Ctrl Pts',(9.96314683600068,3.51488127774864,0.929850948489892));
#3467=CARTESIAN_POINT('Ctrl Pts',(9.96560506720833,3.53247935710953,0.939110497675896));
#3468=CARTESIAN_POINT('Ctrl Pts',(9.96807413332563,3.55023318789241,0.948506411001583));
#3469=CARTESIAN_POINT('Ctrl Pts',(9.97052265790888,3.56796584865883,0.957930100485519));
#3470=CARTESIAN_POINT('Ctrl Pts',(9.97363707851388,3.590521049636,0.969916638380555));
#3471=CARTESIAN_POINT('Ctrl Pts',(9.97671826543653,3.6130436718774,0.981948963602441));
#3472=CARTESIAN_POINT('Ctrl Pts',(9.97970164996772,3.63524886464327,0.993852588725397));
#3473=CARTESIAN_POINT('Ctrl Pts',(9.98105057933989,3.64528888342846,0.999234781129958));
#3474=CARTESIAN_POINT('Ctrl Pts',(9.98237951426356,3.65526471685828,1.00459112091079));
#3475=CARTESIAN_POINT('Ctrl Pts',(9.98368248628216,3.66515128323548,1.00990644667673));
#3476=CARTESIAN_POINT('Ctrl Pts',(9.98648474887937,3.68641402316993,1.02133795738694));
#3477=CARTESIAN_POINT('Ctrl Pts',(9.98914550484273,3.70685135373051,1.03235766757475));
#3478=CARTESIAN_POINT('Ctrl Pts',(9.99164276310406,3.72622329259527,1.0428190257759));
#3479=CARTESIAN_POINT('Ctrl Pts',(9.99482560366416,3.75091348731854,1.05615238248632));
#3480=CARTESIAN_POINT('Ctrl Pts',(9.99774285252131,3.77387852539233,1.06858173498478));
#3481=CARTESIAN_POINT('Ctrl Pts',(10.0003489793662,3.79467616461513,1.07984012008325));
#3482=CARTESIAN_POINT('Ctrl Pts',(10.0022746076479,3.81004323025105,1.0881587730279));
#3483=CARTESIAN_POINT('Ctrl Pts',(10.0040303784987,3.82422903873176,1.09583942245607));
#3484=CARTESIAN_POINT('Ctrl Pts',(10.0055979252106,3.83703176998994,1.10276280297926));
#3485=CARTESIAN_POINT('Ctrl Pts',(10.0070096422272,3.84856178274087,1.10899793078927));
#3486=CARTESIAN_POINT('Ctrl Pts',(10.0082686977051,3.85897079877433,1.11461932649315));
#3487=CARTESIAN_POINT('Ctrl Pts',(10.0093616759611,3.86807431427222,1.11951964911033));
#3488=CARTESIAN_POINT('Ctrl Pts',(10.0103576073158,3.87636951728476,1.12398486597583));
#3489=CARTESIAN_POINT('Ctrl Pts',(10.0112156445218,3.88358107203711,1.12785156476209));
#3490=CARTESIAN_POINT('Ctrl Pts',(10.0119256375697,3.88953017544058,1.13101674863706));
#3491=CARTESIAN_POINT('Ctrl Pts',(10.0120876031109,3.89088730105637,1.13173879897373));
#3492=CARTESIAN_POINT('Ctrl Pts',(10.0122418644381,3.89217854399546,1.13242423929351));
#3493=CARTESIAN_POINT('Ctrl Pts',(10.0123883010555,3.89340143515203,1.13307165306583));
#3494=CARTESIAN_POINT('',(9.75,3.89340143515203,1.13307165306583));
#3495=CARTESIAN_POINT('Ctrl Pts',(9.75,3.39333884431455,0.867166129765662));
#3496=CARTESIAN_POINT('Ctrl Pts',(9.75,3.54415176822279,0.942571834740791));
#3497=CARTESIAN_POINT('Ctrl Pts',(9.75,3.82593265487287,1.09735284250752));
#3498=CARTESIAN_POINT('Ctrl Pts',(9.75,3.89340143515203,1.13307165306583));
#3499=CARTESIAN_POINT('',(10.15,3.89340143515203,1.13307165306583));
#3500=CARTESIAN_POINT('Ctrl Pts',(10.15,3.89340143515203,1.13307165306583));
#3501=CARTESIAN_POINT('Ctrl Pts',(9.75,3.89340143515203,1.13307165306583));
#3502=CARTESIAN_POINT('Ctrl Pts',(10.15,4.00055786682699,1.18466582697407));
#3503=CARTESIAN_POINT('Ctrl Pts',(9.75,4.00055786682699,1.18466582697407));
#3504=CARTESIAN_POINT('Ctrl Pts',(10.15,4.03230783654783,1.29975994032398));
#3505=CARTESIAN_POINT('Ctrl Pts',(9.75,4.03230783654783,1.29975994032398));
#3506=CARTESIAN_POINT('Ctrl Pts',(10.15,4.03230783654783,1.47438439529911));
#3507=CARTESIAN_POINT('Ctrl Pts',(9.75,4.03230783654783,1.47438439529911));
#3508=CARTESIAN_POINT('',(10.028514223988,4.03230783654783,1.47438439529911));
#3509=CARTESIAN_POINT('Ctrl Pts',(10.0123883010555,3.89340143515203,1.13307165306583));
#3510=CARTESIAN_POINT('Ctrl Pts',(10.0145249003315,3.91124416059426,1.14166265096558));
#3511=CARTESIAN_POINT('Ctrl Pts',(10.0164490761322,3.92752508006817,1.15226882938448));
#3512=CARTESIAN_POINT('Ctrl Pts',(10.0181576996698,3.94210447841653,1.16520382447327));
#3513=CARTESIAN_POINT('Ctrl Pts',(10.0188475053598,3.94799047478511,1.17042594216984));
#3514=CARTESIAN_POINT('Ctrl Pts',(10.0195021782013,3.95359964657574,1.17602788167297));
#3515=CARTESIAN_POINT('Ctrl Pts',(10.0201215123129,3.95892505687698,1.18203129043184));
#3516=CARTESIAN_POINT('Ctrl Pts',(10.0215639778139,3.97132825007059,1.19601358183185));
#3517=CARTESIAN_POINT('Ctrl Pts',(10.0227416322666,3.98154773838529,1.21145042475364));
#3518=CARTESIAN_POINT('Ctrl Pts',(10.0237118676802,3.99001210575524,1.22794397150351));
#3519=CARTESIAN_POINT('Ctrl Pts',(10.0241590412178,3.9939132631938,1.2355457118084));
#3520=CARTESIAN_POINT('Ctrl Pts',(10.0245621545453,3.99744146557427,1.2433711731862));
#3521=CARTESIAN_POINT('Ctrl Pts',(10.0249268265244,4.00063740321695,1.25137793710885));
#3522=CARTESIAN_POINT('Ctrl Pts',(10.0265886534032,4.0152014371478,1.28786512631076));
#3523=CARTESIAN_POINT('Ctrl Pts',(10.0275787406731,4.02396500453514,1.33086140462012));
#3524=CARTESIAN_POINT('Ctrl Pts',(10.0280849533733,4.02847073609551,1.38022793916697));
#3525=CARTESIAN_POINT('Ctrl Pts',(10.028384050848,4.03113296272669,1.40939632196985));
#3526=CARTESIAN_POINT('Ctrl Pts',(10.028514223988,4.03230783654783,1.44078933330995));
#3527=CARTESIAN_POINT('Ctrl Pts',(10.028514223988,4.03230783654783,1.47438439529911));
#3528=CARTESIAN_POINT('',(9.75,4.03230783654783,1.47438439529911));
#3529=CARTESIAN_POINT('Ctrl Pts',(9.75,3.89340143515203,1.13307165306583));
#3530=CARTESIAN_POINT('Ctrl Pts',(9.75,4.00055786682699,1.18466582697407));
#3531=CARTESIAN_POINT('Ctrl Pts',(9.75,4.03230783654783,1.29975994032398));
#3532=CARTESIAN_POINT('Ctrl Pts',(9.75,4.03230783654783,1.47438439529911));
#3533=CARTESIAN_POINT('',(10.15,4.03230783654783,1.47438439529911));
#3534=CARTESIAN_POINT('Origin',(10.15,4.03230783654783,1.47438439529911));
#3535=CARTESIAN_POINT('',(10.028514223988,4.03230783654783,4.51841643255726));
#3536=CARTESIAN_POINT('',(10.028514223988,4.03230783654783,22.));
#3537=CARTESIAN_POINT('',(9.75,4.03230783654783,4.51841643255726));
#3538=CARTESIAN_POINT('',(9.75,4.03230783654783,4.51841643255726));
#3539=CARTESIAN_POINT('',(10.15,4.03230783654783,4.51841643255726));
#3540=CARTESIAN_POINT('Ctrl Pts',(10.15,4.03230783654783,4.51841643255726));
#3541=CARTESIAN_POINT('Ctrl Pts',(9.75,4.03230783654783,4.51841643255726));
#3542=CARTESIAN_POINT('Ctrl Pts',(10.15,4.03230783654783,4.69701048534886));
#3543=CARTESIAN_POINT('Ctrl Pts',(9.75,4.03230783654783,4.69701048534886));
#3544=CARTESIAN_POINT('Ctrl Pts',(10.15,3.9807136626396,4.82004228037373));
#3545=CARTESIAN_POINT('Ctrl Pts',(9.75,3.9807136626396,4.82004228037373));
#3546=CARTESIAN_POINT('Ctrl Pts',(10.15,3.89340143515203,4.85972917479054));
#3547=CARTESIAN_POINT('Ctrl Pts',(9.75,3.89340143515203,4.85972917479054));
#3548=CARTESIAN_POINT('',(10.0123883010555,3.89340143515203,4.85972917479054));
#3549=CARTESIAN_POINT('Ctrl Pts',(10.028514223988,4.03230783654783,4.51841643255726));
#3550=CARTESIAN_POINT('Ctrl Pts',(10.028514223988,4.03230783654783,4.6008455405353));
#3551=CARTESIAN_POINT('Ctrl Pts',(10.0272875374094,4.02131885810234,4.67132730772227));
#3552=CARTESIAN_POINT('Ctrl Pts',(10.0249657288697,4.00097706572958,4.72724269883247));
#3553=CARTESIAN_POINT('Ctrl Pts',(10.0247691776449,3.99925504423779,4.73197618069333));
#3554=CARTESIAN_POINT('Ctrl Pts',(10.0245647783805,3.99746598426408,4.73660530283592));
#3555=CARTESIAN_POINT('Ctrl Pts',(10.0243526108919,3.99561087123769,4.74112849211443));
#3556=CARTESIAN_POINT('Ctrl Pts',(10.0236655573774,3.98960353272906,4.75577575551468));
#3557=CARTESIAN_POINT('Ctrl Pts',(10.0228578152627,3.9825649067078,4.77013838262203));
#3558=CARTESIAN_POINT('Ctrl Pts',(10.0219059149573,3.97432247372805,4.78371788983422));
#3559=CARTESIAN_POINT('Ctrl Pts',(10.0211373713569,3.96766771263398,4.7946816885687));
#3560=CARTESIAN_POINT('Ctrl Pts',(10.0202748568509,3.96022839503577,4.80513402956089));
#3561=CARTESIAN_POINT('Ctrl Pts',(10.0193060194573,3.9519240385375,4.81478997301139));
#3562=CARTESIAN_POINT('Ctrl Pts',(10.018338615572,3.94363196930554,4.82443162936467));
#3563=CARTESIAN_POINT('Ctrl Pts',(10.0172661418777,3.9344850168944,4.83326982903177));
#3564=CARTESIAN_POINT('Ctrl Pts',(10.0160773133349,3.9244198637267,4.84100818158018));
#3565=CARTESIAN_POINT('Ctrl Pts',(10.0149392886525,3.9147848387211,4.84841584036726));
#3566=CARTESIAN_POINT('Ctrl Pts',(10.0137110513361,3.90444771338993,4.85470820017174));
#3567=CARTESIAN_POINT('Ctrl Pts',(10.0123883010555,3.89340143515203,4.85972917479054));
#3568=CARTESIAN_POINT('',(9.75,3.89340143515203,4.85972917479054));
#3569=CARTESIAN_POINT('Ctrl Pts',(9.75,4.03230783654783,4.51841643255726));
#3570=CARTESIAN_POINT('Ctrl Pts',(9.75,4.03230783654783,4.69701048534886));
#3571=CARTESIAN_POINT('Ctrl Pts',(9.75,3.9807136626396,4.82004228037373));
#3572=CARTESIAN_POINT('Ctrl Pts',(9.75,3.89340143515203,4.85972917479054));
#3573=CARTESIAN_POINT('',(10.15,3.89340143515203,4.85972917479054));
#3574=CARTESIAN_POINT('Origin',(10.15,5.23483860208128,1.795852176366));
#3575=CARTESIAN_POINT('',(10.1259764521938,5.23483860208128,1.79585217636601));
#3576=CARTESIAN_POINT('',(10.0979569169153,7.62005744291876,2.87932074469105));
#3577=CARTESIAN_POINT('Origin',(-9.25,6.2,2.23426982597607));
#3578=CARTESIAN_POINT('',(9.75,5.23483860208128,1.795852176366));
#3579=CARTESIAN_POINT('',(10.15,5.23483860208128,1.795852176366));
#3580=CARTESIAN_POINT('',(9.75,7.62005744291876,2.87932074469105));
#3581=CARTESIAN_POINT('',(9.75,7.62005744291876,2.87932074469105));
#3582=CARTESIAN_POINT('',(10.15,7.62005744291876,2.87932074469105));
#3583=CARTESIAN_POINT('Ctrl Pts',(10.15,3.89340143515203,4.85972917479054));
#3584=CARTESIAN_POINT('Ctrl Pts',(9.75,3.89340143515203,4.85972917479054));
#3585=CARTESIAN_POINT('Ctrl Pts',(10.15,3.82990149571035,4.8875103036739));
#3586=CARTESIAN_POINT('Ctrl Pts',(9.75,3.82990149571035,4.8875103036739));
#3587=CARTESIAN_POINT('Ctrl Pts',(10.15,3.51637063933943,5.04229131144062));
#3588=CARTESIAN_POINT('Ctrl Pts',(9.75,3.51637063933943,5.04229131144062));
#3589=CARTESIAN_POINT('Ctrl Pts',(10.15,3.37349539710615,5.11372893255726));
#3590=CARTESIAN_POINT('Ctrl Pts',(9.75,3.37349539710615,5.11372893255726));
#3591=CARTESIAN_POINT('',(9.94299017166997,3.37349539710615,5.11372893255726));
#3592=CARTESIAN_POINT('Ctrl Pts',(10.0123883010555,3.89340143515203,4.85972917479054));
#3593=CARTESIAN_POINT('Ctrl Pts',(10.0116042207516,3.8868535860793,4.86259384900279));
#3594=CARTESIAN_POINT('Ctrl Pts',(10.0104934239689,3.87761127330018,4.86682424989515));
#3595=CARTESIAN_POINT('Ctrl Pts',(10.0090787712671,3.86597444627012,4.8722695757003));
#3596=CARTESIAN_POINT('Ctrl Pts',(10.0071878013171,3.85041946927966,4.8795483568823));
#3597=CARTESIAN_POINT('Ctrl Pts',(10.0047539095564,3.83057982990887,4.88900092337076));
#3598=CARTESIAN_POINT('Ctrl Pts',(10.0018316958084,3.80710722488881,4.90030194874203));
#3599=CARTESIAN_POINT('Ctrl Pts',(9.99985769458832,3.79125111204256,4.90793596863084));
#3600=CARTESIAN_POINT('Ctrl Pts',(9.99766086157584,3.77373520677305,4.9164145340835));
#3601=CARTESIAN_POINT('Ctrl Pts',(9.9952580272916,3.75478704025344,4.92562483348834));
#3602=CARTESIAN_POINT('Ctrl Pts',(9.9932267073578,3.73876854550638,4.93341108196165));
#3603=CARTESIAN_POINT('Ctrl Pts',(9.99104816331917,3.72172601970603,4.94172050697375));
#3604=CARTESIAN_POINT('Ctrl Pts',(9.98873256377379,3.70383049071309,4.95046855757431));
#3605=CARTESIAN_POINT('Ctrl Pts',(9.98717137918319,3.69176526805405,4.95636652115895));
#3606=CARTESIAN_POINT('Ctrl Pts',(9.9855478960208,3.67931295800457,4.96246354673223));
#3607=CARTESIAN_POINT('Ctrl Pts',(9.98386523054517,3.66653827871318,4.96872766758864));
#3608=CARTESIAN_POINT('Ctrl Pts',(9.98186711824106,3.65136874903375,4.97616611399338));
#3609=CARTESIAN_POINT('Ctrl Pts',(9.97984547789253,3.63638048062484,4.9835282398917));
#3610=CARTESIAN_POINT('Ctrl Pts',(9.97780737249991,3.62151634218089,4.99083942655472));
#3611=CARTESIAN_POINT('Ctrl Pts',(9.97493123406341,3.6005403317847,5.00115684441451));
#3612=CARTESIAN_POINT('Ctrl Pts',(9.97202230654974,3.57980458684435,5.01137609909624));
#3613=CARTESIAN_POINT('Ctrl Pts',(9.96910043896066,3.55907004593846,5.02161190141002));
#3614=CARTESIAN_POINT('Ctrl Pts',(9.96715675664993,3.54527703200096,5.02842095325333));
#3615=CARTESIAN_POINT('Ctrl Pts',(9.96520734814188,3.53148252539049,5.03523843488177));
#3616=CARTESIAN_POINT('Ctrl Pts',(9.96325805639664,3.51764401852674,5.04208535653322));
#3617=CARTESIAN_POINT('Ctrl Pts',(9.96154765429553,3.50550144865551,5.04809317409433));
#3618=CARTESIAN_POINT('Ctrl Pts',(9.95983734209186,3.49332418518887,5.0541240771125));
#3619=CARTESIAN_POINT('Ctrl Pts',(9.95813106705766,3.48112341647607,5.06017294841958));
#3620=CARTESIAN_POINT('Ctrl Pts',(9.95666752360007,3.47065830688404,5.06536131831879));
#3621=CARTESIAN_POINT('Ctrl Pts',(9.95520695037298,3.46017581044341,5.07056296221474));
#3622=CARTESIAN_POINT('Ctrl Pts',(9.95375183833674,3.44971907933971,5.07575699602611));
#3623=CARTESIAN_POINT('Ctrl Pts',(9.95238562909276,3.43990122178655,5.08063369062412));
#3624=CARTESIAN_POINT('Ctrl Pts',(9.95102423410196,3.43010560016397,5.08550391610305));
#3625=CARTESIAN_POINT('Ctrl Pts',(9.94966971508194,3.42040685085906,5.09033125313069));
#3626=CARTESIAN_POINT('Ctrl Pts',(9.94842986989499,3.41152919948074,5.09474990690447));
#3627=CARTESIAN_POINT('Ctrl Pts',(9.94719578571934,3.40273252457015,5.09913272243017));
#3628=CARTESIAN_POINT('Ctrl Pts',(9.94596904371651,3.39411189847754,5.10343311430051));
#3629=CARTESIAN_POINT('Ctrl Pts',(9.94497094214695,3.38709798649468,5.10693199822685));
#3630=CARTESIAN_POINT('Ctrl Pts',(9.94397770092811,3.38020107850729,5.11037609185669));
#3631=CARTESIAN_POINT('Ctrl Pts',(9.94299017166997,3.37349539710615,5.11372893255726));
#3632=CARTESIAN_POINT('',(9.75,3.37349539710615,5.11372893255726));
#3633=CARTESIAN_POINT('Ctrl Pts',(9.75,3.89340143515203,4.85972917479054));
#3634=CARTESIAN_POINT('Ctrl Pts',(9.75,3.82990149571035,4.8875103036739));
#3635=CARTESIAN_POINT('Ctrl Pts',(9.75,3.51637063933943,5.04229131144062));
#3636=CARTESIAN_POINT('Ctrl Pts',(9.75,3.37349539710615,5.11372893255726));
#3637=CARTESIAN_POINT('',(10.15,3.37349539710615,5.11372893255726));
#3638=CARTESIAN_POINT('Ctrl Pts',(10.15,7.62005744291876,2.87932074469105));
#3639=CARTESIAN_POINT('Ctrl Pts',(9.75,7.62005744291876,2.87932074469105));
#3640=CARTESIAN_POINT('Ctrl Pts',(10.15,7.77880729152296,2.95075685184971));
#3641=CARTESIAN_POINT('Ctrl Pts',(9.75,7.77880729152296,2.95075685184971));
#3642=CARTESIAN_POINT('Ctrl Pts',(10.15,7.77880729152296,3.06982056301609));
#3643=CARTESIAN_POINT('Ctrl Pts',(9.75,7.77880729152296,3.06982056301609));
#3644=CARTESIAN_POINT('Ctrl Pts',(10.15,7.62005744291876,3.14522626799122));
#3645=CARTESIAN_POINT('Ctrl Pts',(9.75,7.62005744291876,3.14522626799122));
#3646=CARTESIAN_POINT('',(10.0979569169153,7.62005744291876,3.14522626799122));
#3647=CARTESIAN_POINT('Ctrl Pts',(10.0979569169153,7.62005744291876,2.87932074469105));
#3648=CARTESIAN_POINT('Ctrl Pts',(10.0954526559497,7.65417742413031,2.89467445151666));
#3649=CARTESIAN_POINT('Ctrl Pts',(10.093399526261,7.68097120497791,2.91223143817035));
#3650=CARTESIAN_POINT('Ctrl Pts',(10.0918899888503,7.70043049129617,2.93108877682156));
#3651=CARTESIAN_POINT('Ctrl Pts',(10.0913352544427,7.70758151358397,2.93801859155258));
#3652=CARTESIAN_POINT('Ctrl Pts',(10.090816567795,7.7142070836202,2.94557436430031));
#3653=CARTESIAN_POINT('Ctrl Pts',(10.0903698073744,7.7198936650815,2.95375392729519));
#3654=CARTESIAN_POINT('Ctrl Pts',(10.0900405856815,7.72408415709829,2.95978151938443));
#3655=CARTESIAN_POINT('Ctrl Pts',(10.0897504224189,7.72776392189416,2.96614732520416));
#3656=CARTESIAN_POINT('Ctrl Pts',(10.0895136749648,7.73075498230398,2.97283721893424));
#3657=CARTESIAN_POINT('Ctrl Pts',(10.0891510179789,7.73533678005726,2.98308500261709));
#3658=CARTESIAN_POINT('Ctrl Pts',(10.0889241146233,7.73818583225588,2.9938340591525));
#3659=CARTESIAN_POINT('Ctrl Pts',(10.0888651330891,7.73892674179978,3.00497443953762));
#3660=CARTESIAN_POINT('Ctrl Pts',(10.0888590099798,7.73900365858704,3.00613096704506));
#3661=CARTESIAN_POINT('Ctrl Pts',(10.0888546966223,7.73905783643659,3.00729166937002));
#3662=CARTESIAN_POINT('Ctrl Pts',(10.0888522290078,7.7390888423356,3.0084563932665));
#3663=CARTESIAN_POINT('Ctrl Pts',(10.0888275883667,7.73939845520735,3.02008687397842));
#3664=CARTESIAN_POINT('Ctrl Pts',(10.0889884774483,7.73738108847555,3.03144135965193));
#3665=CARTESIAN_POINT('Ctrl Pts',(10.0893040698002,7.73340082685829,3.04237582445206));
#3666=CARTESIAN_POINT('Ctrl Pts',(10.089571978797,7.73002194935877,3.05165818341117));
#3667=CARTESIAN_POINT('Ctrl Pts',(10.0899438479955,7.72531737638129,3.06039705571679));
#3668=CARTESIAN_POINT('Ctrl Pts',(10.090383362079,7.7197255263815,3.06854212548951));
#3669=CARTESIAN_POINT('Ctrl Pts',(10.0905787176287,7.71724005669677,3.07216245221516));
#3670=CARTESIAN_POINT('Ctrl Pts',(10.0907874373141,7.71457888372351,3.07566604484273));
#3671=CARTESIAN_POINT('Ctrl Pts',(10.0910063321779,7.7117784423175,3.07905101553141));
#3672=CARTESIAN_POINT('Ctrl Pts',(10.0915476674175,7.70485284528214,3.08742217549071));
#3673=CARTESIAN_POINT('Ctrl Pts',(10.0921570099992,7.69700007104821,3.09515989952967));
#3674=CARTESIAN_POINT('Ctrl Pts',(10.0928001655238,7.68864577509806,3.10226124518267));
#3675=CARTESIAN_POINT('Ctrl Pts',(10.093166296841,7.6838898968332,3.10630385220112));
#3676=CARTESIAN_POINT('Ctrl Pts',(10.0935433859922,7.67897076325295,3.11014091117807));
#3677=CARTESIAN_POINT('Ctrl Pts',(10.0939251246011,7.6739609132625,3.11377637206748));
#3678=CARTESIAN_POINT('Ctrl Pts',(10.0947205724924,7.66352163749129,3.12135176431521));
#3679=CARTESIAN_POINT('Ctrl Pts',(10.0955586078144,7.65239918313523,3.12826203787033));
#3680=CARTESIAN_POINT('Ctrl Pts',(10.0964096352795,7.64097654614895,3.13454137860389));
#3681=CARTESIAN_POINT('Ctrl Pts',(10.0969228345769,7.63408829692456,3.13832804047449));
#3682=CARTESIAN_POINT('Ctrl Pts',(10.0974407584819,7.627089983174,3.1418858323286));
#3683=CARTESIAN_POINT('Ctrl Pts',(10.0979569169153,7.62005744291876,3.14522626799122));
#3684=CARTESIAN_POINT('',(9.75,7.62005744291876,3.14522626799122));
#3685=CARTESIAN_POINT('Ctrl Pts',(9.75,7.62005744291876,2.87932074469105));
#3686=CARTESIAN_POINT('Ctrl Pts',(9.75,7.77880729152296,2.95075685184971));
#3687=CARTESIAN_POINT('Ctrl Pts',(9.75,7.77880729152296,3.06982056301609));
#3688=CARTESIAN_POINT('Ctrl Pts',(9.75,7.62005744291876,3.14522626799122));
#3689=CARTESIAN_POINT('',(10.15,7.62005744291876,3.14522626799122));
#3690=CARTESIAN_POINT('Ctrl Pts',(10.15,3.37349539710615,5.11372893255726));
#3691=CARTESIAN_POINT('Ctrl Pts',(9.75,3.37349539710615,5.11372893255726));
#3692=CARTESIAN_POINT('Ctrl Pts',(10.15,3.23062015487287,5.18119695585743));
#3693=CARTESIAN_POINT('Ctrl Pts',(9.75,3.23062015487287,5.18119695585743));
#3694=CARTESIAN_POINT('Ctrl Pts',(10.15,3.11155795766447,5.30025915306584));
#3695=CARTESIAN_POINT('Ctrl Pts',(9.75,3.11155795766447,5.30025915306584));
#3696=CARTESIAN_POINT('Ctrl Pts',(10.15,3.11155795766447,5.55822850864903));
#3697=CARTESIAN_POINT('Ctrl Pts',(9.75,3.11155795766447,5.55822850864903));
#3698=CARTESIAN_POINT('',(9.9025853542318,3.11155795766447,5.55822850864903));
#3699=CARTESIAN_POINT('Ctrl Pts',(9.94299017166997,3.37349539710615,5.11372893255726));
#3700=CARTESIAN_POINT('Ctrl Pts',(9.93829236096645,3.34159556061951,5.12879255644136));
#3701=CARTESIAN_POINT('Ctrl Pts',(9.93374146380357,3.31125846391732,5.14625373324283));
#3702=CARTESIAN_POINT('Ctrl Pts',(9.92948725411093,3.28328291929853,5.16696496875751));
#3703=CARTESIAN_POINT('Ctrl Pts',(9.92652665041799,3.26381408567384,5.18137840034183));
#3704=CARTESIAN_POINT('Ctrl Pts',(9.92370973521246,3.24548680774665,5.19736501855188));
#3705=CARTESIAN_POINT('Ctrl Pts',(9.92108698861403,3.22856538436313,5.21522272156663));
#3706=CARTESIAN_POINT('Ctrl Pts',(9.91824194665837,3.21020975690587,5.23459398463072));
#3707=CARTESIAN_POINT('Ctrl Pts',(9.9157389450289,3.19421501022413,5.2554291698642));
#3708=CARTESIAN_POINT('Ctrl Pts',(9.91356977156143,3.18044951385873,5.27767729680915));
#3709=CARTESIAN_POINT('Ctrl Pts',(9.91143079188871,3.16687562622266,5.29961574110838));
#3710=CARTESIAN_POINT('Ctrl Pts',(9.90961641162046,3.15546563952119,5.32292523821992));
#3711=CARTESIAN_POINT('Ctrl Pts',(9.90811875676874,3.14607044915151,5.34758449133967));
#3712=CARTESIAN_POINT('Ctrl Pts',(9.9064172921793,3.13539670566065,5.37559952159665));
#3713=CARTESIAN_POINT('Ctrl Pts',(9.90516893057482,3.12759298438943,5.4046717112793));
#3714=CARTESIAN_POINT('Ctrl Pts',(9.90429321852931,3.12214102688768,5.43424596537514));
#3715=CARTESIAN_POINT('Ctrl Pts',(9.90346071948378,3.11695810238672,5.4623608444992));
#3716=CARTESIAN_POINT('Ctrl Pts',(9.90296499978721,3.11389671270239,5.49092672350319));
#3717=CARTESIAN_POINT('Ctrl Pts',(9.90273693815435,3.11249101273715,5.51949162675929));
#3718=CARTESIAN_POINT('Ctrl Pts',(9.90263374793547,3.11185498077832,5.53241628480932));
#3719=CARTESIAN_POINT('Ctrl Pts',(9.9025853542318,3.11155795766447,5.54534132830823));
#3720=CARTESIAN_POINT('Ctrl Pts',(9.9025853542318,3.11155795766447,5.55822850864903));
#3721=CARTESIAN_POINT('',(9.75,3.11155795766447,5.55822850864903));
#3722=CARTESIAN_POINT('Ctrl Pts',(9.75,3.37349539710615,5.11372893255726));
#3723=CARTESIAN_POINT('Ctrl Pts',(9.75,3.23062015487287,5.18119695585743));
#3724=CARTESIAN_POINT('Ctrl Pts',(9.75,3.11155795766447,5.30025915306584));
#3725=CARTESIAN_POINT('Ctrl Pts',(9.75,3.11155795766447,5.55822850864903));
#3726=CARTESIAN_POINT('',(10.15,3.11155795766447,5.55822850864903));
#3727=CARTESIAN_POINT('Origin',(10.15,7.62005744291876,3.14522626799122));
#3728=CARTESIAN_POINT('',(10.1259764521938,5.23483860208128,4.26044556301609));
#3729=CARTESIAN_POINT('Origin',(-9.25,6.2,3.80918021354643));
#3730=CARTESIAN_POINT('',(9.75,5.23483860208128,4.26044556301609));
#3731=CARTESIAN_POINT('',(9.75,5.23483860208128,4.26044556301609));
#3732=CARTESIAN_POINT('',(10.15,5.23483860208128,4.26044556301609));
#3733=CARTESIAN_POINT('Origin',(10.15,3.11155795766447,5.55822850864903));
#3734=CARTESIAN_POINT('',(9.9025853542318,3.11155795766447,6.21307286423222));
#3735=CARTESIAN_POINT('',(9.9025853542318,3.11155795766448,22.));
#3736=CARTESIAN_POINT('',(9.75,3.11155795766447,6.21307286423222));
#3737=CARTESIAN_POINT('',(9.75,3.11155795766447,6.21307286423222));
#3738=CARTESIAN_POINT('',(10.15,3.11155795766447,6.21307286423222));
#3739=CARTESIAN_POINT('Ctrl Pts',(10.15,3.11155795766447,6.21307286423222));
#3740=CARTESIAN_POINT('Ctrl Pts',(9.75,3.11155795766447,6.21307286423222));
#3741=CARTESIAN_POINT('Ctrl Pts',(10.15,3.11155795766447,6.38769731920735));
#3742=CARTESIAN_POINT('Ctrl Pts',(9.75,3.11155795766447,6.38769731920735));
#3743=CARTESIAN_POINT('Ctrl Pts',(10.15,3.22665207101438,6.4750103036739));
#3744=CARTESIAN_POINT('Ctrl Pts',(9.75,3.22665207101438,6.4750103036739));
#3745=CARTESIAN_POINT('Ctrl Pts',(10.15,3.38143307878111,6.3956350008823));
#3746=CARTESIAN_POINT('Ctrl Pts',(9.75,3.38143307878111,6.3956350008823));
#3747=CARTESIAN_POINT('',(9.94415745769037,3.38143307878111,6.3956350008823));
#3748=CARTESIAN_POINT('Ctrl Pts',(9.9025853542318,3.11155795766447,6.21307286423222));
#3749=CARTESIAN_POINT('Ctrl Pts',(9.9025853542318,3.11155795766447,6.24276753959931));
#3750=CARTESIAN_POINT('Ctrl Pts',(9.90312249342736,3.11488293409906,6.26993442754359));
#3751=CARTESIAN_POINT('Ctrl Pts',(9.90413418161875,3.12117755339966,6.2942154893489));
#3752=CARTESIAN_POINT('Ctrl Pts',(9.90454161496033,3.12371256151524,6.30399410911793));
#3753=CARTESIAN_POINT('Ctrl Pts',(9.9050260146408,3.12672962766184,6.31330426729467));
#3754=CARTESIAN_POINT('Ctrl Pts',(9.90558329242385,3.13020705470017,6.32212071504704));
#3755=CARTESIAN_POINT('Ctrl Pts',(9.90634203967555,3.13494165616581,6.33412452303208));
#3756=CARTESIAN_POINT('Ctrl Pts',(9.90726469145905,3.14070368388827,6.34565415797463));
#3757=CARTESIAN_POINT('Ctrl Pts',(9.90836551991849,3.14761370814569,6.35641113334969));
#3758=CARTESIAN_POINT('Ctrl Pts',(9.90927232539095,3.15330582825552,6.36527217255479));
#3759=CARTESIAN_POINT('Ctrl Pts',(9.9103000346269,3.1597767655711,6.37360821488117));
#3760=CARTESIAN_POINT('Ctrl Pts',(9.91145662523402,3.16708391160005,6.38122767265735));
#3761=CARTESIAN_POINT('Ctrl Pts',(9.91353234363661,3.18019795332695,6.39490221629141));
#3762=CARTESIAN_POINT('Ctrl Pts',(9.91594124062882,3.19550283430164,6.40574131526698));
#3763=CARTESIAN_POINT('Ctrl Pts',(9.91863854280477,3.21281128562332,6.41323658270024));
#3764=CARTESIAN_POINT('Ctrl Pts',(9.92055249427845,3.22509301520095,6.41855507399773));
#3765=CARTESIAN_POINT('Ctrl Pts',(9.92253906909055,3.23792433363312,6.42199177321503));
#3766=CARTESIAN_POINT('Ctrl Pts',(9.92456139473428,3.25107137425984,6.42374871073338));
#3767=CARTESIAN_POINT('Ctrl Pts',(9.92538349022605,3.25641577705812,6.42446292331217));
#3768=CARTESIAN_POINT('Ctrl Pts',(9.92621149355481,3.26181297339327,6.42489959607377));
#3769=CARTESIAN_POINT('Ctrl Pts',(9.92704292777651,3.26724966179921,6.42507238206438));
#3770=CARTESIAN_POINT('Ctrl Pts',(9.92897883183613,3.27990839881198,6.42547469543077));
#3771=CARTESIAN_POINT('Ctrl Pts',(9.93090243711167,3.29257682327042,6.42444076912689));
#3772=CARTESIAN_POINT('Ctrl Pts',(9.93278773830904,3.30506695654834,6.42227335171407));
#3773=CARTESIAN_POINT('Ctrl Pts',(9.93363188196499,3.31065941402053,6.42130289051594));
#3774=CARTESIAN_POINT('Ctrl Pts',(9.93446834641614,3.31621684332161,6.42010505610649));
#3775=CARTESIAN_POINT('Ctrl Pts',(9.93529479729824,3.32172559668802,6.41870622118735));
#3776=CARTESIAN_POINT('Ctrl Pts',(9.93731321384942,3.33517946214069,6.41528988802795));
#3777=CARTESIAN_POINT('Ctrl Pts',(9.93928081287727,3.34839772349359,6.41066125639337));
#3778=CARTESIAN_POINT('Ctrl Pts',(9.94117923662743,3.36122950989578,6.40515521094229));
#3779=CARTESIAN_POINT('Ctrl Pts',(9.94219261885753,3.36807914202836,6.40221607334578));
#3780=CARTESIAN_POINT('Ctrl Pts',(9.94318628997391,3.37481952423781,6.3990265855604));
#3781=CARTESIAN_POINT('Ctrl Pts',(9.94415745769037,3.38143307878111,6.3956350008823));
#3782=CARTESIAN_POINT('',(9.75,3.38143307878111,6.3956350008823));
#3783=CARTESIAN_POINT('Ctrl Pts',(9.75,3.11155795766447,6.21307286423222));
#3784=CARTESIAN_POINT('Ctrl Pts',(9.75,3.11155795766447,6.38769731920735));
#3785=CARTESIAN_POINT('Ctrl Pts',(9.75,3.22665207101438,6.4750103036739));
#3786=CARTESIAN_POINT('Ctrl Pts',(9.75,3.38143307878111,6.3956350008823));
#3787=CARTESIAN_POINT('',(10.15,3.38143307878111,6.3956350008823));
#3788=CARTESIAN_POINT('Origin',(10.15,4.94512003375623,4.07788342636601));
#3789=CARTESIAN_POINT('',(10.1093717943099,4.94512003375623,4.07788342636601));
#3790=CARTESIAN_POINT('',(10.1093717943099,4.94512003375623,1.98238391083255));
#3791=CARTESIAN_POINT('',(10.1093717943099,4.94512003375625,22.));
#3792=CARTESIAN_POINT('',(9.75,4.94512003375623,4.07788342636601));
#3793=CARTESIAN_POINT('',(10.15,4.94512003375623,4.07788342636601));
#3794=CARTESIAN_POINT('',(9.75,4.94512003375623,1.98238391083256));
#3795=CARTESIAN_POINT('',(9.75,4.94512003375623,1.98238391083256));
#3796=CARTESIAN_POINT('',(10.15,4.94512003375623,1.98238391083256));
#3797=CARTESIAN_POINT('Ctrl Pts',(10.15,5.23483860208128,4.26044556301609));
#3798=CARTESIAN_POINT('Ctrl Pts',(9.75,5.23483860208128,4.26044556301609));
#3799=CARTESIAN_POINT('Ctrl Pts',(10.15,5.07608875347708,4.3358527819492));
#3800=CARTESIAN_POINT('Ctrl Pts',(9.75,5.07608875347708,4.3358527819492));
#3801=CARTESIAN_POINT('Ctrl Pts',(10.15,4.94512003375623,4.25250788134113));
#3802=CARTESIAN_POINT('Ctrl Pts',(9.75,4.94512003375623,4.25250788134113));
#3803=CARTESIAN_POINT('Ctrl Pts',(10.15,4.94512003375623,4.07788342636601));
#3804=CARTESIAN_POINT('Ctrl Pts',(9.75,4.94512003375623,4.07788342636601));
#3805=CARTESIAN_POINT('Ctrl Pts',(10.1259764521938,5.23483860208128,4.26044556301609));
#3806=CARTESIAN_POINT('Ctrl Pts',(10.1247645016014,5.21050824014384,4.27200264445881));
#3807=CARTESIAN_POINT('Ctrl Pts',(10.1235387058852,5.18683872294459,4.27983061194309));
#3808=CARTESIAN_POINT('Ctrl Pts',(10.1223263701116,5.16416166846081,4.28417564660344));
#3809=CARTESIAN_POINT('Ctrl Pts',(10.1217767429291,5.15388074972846,4.2861455209654));
#3810=CARTESIAN_POINT('Ctrl Pts',(10.1212298822663,5.14380400751212,4.28739882304827));
#3811=CARTESIAN_POINT('Ctrl Pts',(10.1206883324863,5.13396363773102,4.28795523510067));
#3812=CARTESIAN_POINT('Ctrl Pts',(10.1199404266908,5.12037362281221,4.28872366639558));
#3813=CARTESIAN_POINT('Ctrl Pts',(10.1191795186622,5.10682562137801,4.28818585916418));
#3814=CARTESIAN_POINT('Ctrl Pts',(10.1184187893124,5.09350742911583,4.2861514744927));
#3815=CARTESIAN_POINT('Ctrl Pts',(10.1178217404308,5.08305481308689,4.28455481321858));
#3816=CARTESIAN_POINT('Ctrl Pts',(10.1172248016098,5.07274451572754,4.28203615782175));
#3817=CARTESIAN_POINT('Ctrl Pts',(10.1166343449792,5.06268995086162,4.27850258863775));
#3818=CARTESIAN_POINT('Ctrl Pts',(10.1154623045762,5.04273191220642,4.27148854961113));
#3819=CARTESIAN_POINT('Ctrl Pts',(10.1143683271728,5.02463336671728,4.26077248464303));
#3820=CARTESIAN_POINT('Ctrl Pts',(10.1134025803184,5.00893303608899,4.24658427122038));
#3821=CARTESIAN_POINT('Ctrl Pts',(10.1127653759842,4.99857388381416,4.23722282101703));
#3822=CARTESIAN_POINT('Ctrl Pts',(10.112203375177,4.98956387172821,4.22662703688353));
#3823=CARTESIAN_POINT('Ctrl Pts',(10.1117181107083,4.98185311509778,4.21509271705087));
#3824=CARTESIAN_POINT('Ctrl Pts',(10.1114483038847,4.97756593792418,4.2086796404788));
#3825=CARTESIAN_POINT('Ctrl Pts',(10.111202218987,4.97367993150426,4.20197555478292));
#3826=CARTESIAN_POINT('Ctrl Pts',(10.1109801194734,4.97018342288131,4.19502517111745));
#3827=CARTESIAN_POINT('Ctrl Pts',(10.1105977947636,4.96416449189272,4.18306069908609));
#3828=CARTESIAN_POINT('Ctrl Pts',(10.1102908660176,4.95937160983771,4.17051125638701));
#3829=CARTESIAN_POINT('Ctrl Pts',(10.1100522117,4.9556599801521,4.15763708580751));
#3830=CARTESIAN_POINT('Ctrl Pts',(10.1099540832429,4.95413385442431,4.15234356123484));
#3831=CARTESIAN_POINT('Ctrl Pts',(10.1098674975393,4.95279037219377,4.14699452221443));
#3832=CARTESIAN_POINT('Ctrl Pts',(10.1097919595373,4.95161893500689,4.14160561570068));
#3833=CARTESIAN_POINT('Ctrl Pts',(10.1095951195445,4.9485663564177,4.12756298428406));
#3834=CARTESIAN_POINT('Ctrl Pts',(10.1094729241215,4.94667895899009,4.11323849572084));
#3835=CARTESIAN_POINT('Ctrl Pts',(10.1094140542292,4.9457710975196,4.09886087463418));
#3836=CARTESIAN_POINT('Ctrl Pts',(10.1093854480491,4.94532994759003,4.091874471162));
#3837=CARTESIAN_POINT('Ctrl Pts',(10.1093717943099,4.94512003375623,4.08487469395695));
#3838=CARTESIAN_POINT('Ctrl Pts',(10.1093717943099,4.94512003375623,4.07788342636601));
#3839=CARTESIAN_POINT('Ctrl Pts',(9.75,5.23483860208128,4.26044556301609));
#3840=CARTESIAN_POINT('Ctrl Pts',(9.75,5.07608875347708,4.3358527819492));
#3841=CARTESIAN_POINT('Ctrl Pts',(9.75,4.94512003375623,4.25250788134113));
#3842=CARTESIAN_POINT('Ctrl Pts',(9.75,4.94512003375623,4.07788342636601));
#3843=CARTESIAN_POINT('Ctrl Pts',(10.15,4.94512003375623,1.98238391083256));
#3844=CARTESIAN_POINT('Ctrl Pts',(9.75,4.94512003375623,1.98238391083256));
#3845=CARTESIAN_POINT('Ctrl Pts',(10.15,4.94512003375623,1.80775794189945));
#3846=CARTESIAN_POINT('Ctrl Pts',(9.75,4.94512003375623,1.80775794189945));
#3847=CARTESIAN_POINT('Ctrl Pts',(10.15,5.07608875347707,1.72441455524937));
#3848=CARTESIAN_POINT('Ctrl Pts',(9.75,5.07608875347707,1.72441455524937));
#3849=CARTESIAN_POINT('Ctrl Pts',(10.15,5.23483860208128,1.795852176366));
#3850=CARTESIAN_POINT('Ctrl Pts',(9.75,5.23483860208128,1.795852176366));
#3851=CARTESIAN_POINT('Ctrl Pts',(10.1093717943099,4.94512003375623,1.98238391083256));
#3852=CARTESIAN_POINT('Ctrl Pts',(10.1093717943099,4.94512003375623,1.95531542024513));
#3853=CARTESIAN_POINT('Ctrl Pts',(10.1095765861548,4.94826343826241,1.93044807692865));
#3854=CARTESIAN_POINT('Ctrl Pts',(10.1099571334961,4.95417993616182,1.90798105659368));
#3855=CARTESIAN_POINT('Ctrl Pts',(10.1101231351811,4.95676082036235,1.89818053290524));
#3856=CARTESIAN_POINT('Ctrl Pts',(10.1103225807359,4.95986990782846,1.88883719879787));
#3857=CARTESIAN_POINT('Ctrl Pts',(10.1105530599588,4.96347858388082,1.87996982392332));
#3858=CARTESIAN_POINT('Ctrl Pts',(10.1108869178237,4.96870588752773,1.86712509628699));
#3859=CARTESIAN_POINT('Ctrl Pts',(10.1112960006634,4.97513331903848,1.85490633602847));
#3860=CARTESIAN_POINT('Ctrl Pts',(10.1117809707178,4.9828493761776,1.84356453195293));
#3861=CARTESIAN_POINT('Ctrl Pts',(10.1121519828962,4.98875232037382,1.83488781593912));
#3862=CARTESIAN_POINT('Ctrl Pts',(10.1125674085847,4.99540921944613,1.82672513903348));
#3863=CARTESIAN_POINT('Ctrl Pts',(10.1130275442905,5.0028515885454,1.81920798156532));
#3864=CARTESIAN_POINT('Ctrl Pts',(10.1139611999257,5.01795280708205,1.80395501087991));
#3865=CARTESIAN_POINT('Ctrl Pts',(10.1150368430749,5.03563696999398,1.7920205154219));
#3866=CARTESIAN_POINT('Ctrl Pts',(10.1162067366443,5.0554316824445,1.78375665910303));
#3867=CARTESIAN_POINT('Ctrl Pts',(10.1169740569464,5.06841481623767,1.77833648679672));
#3868=CARTESIAN_POINT('Ctrl Pts',(10.1177593328794,5.08193637855862,1.7746482129953));
#3869=CARTESIAN_POINT('Ctrl Pts',(10.1185470512934,5.09574945847584,1.7725196106005));
#3870=CARTESIAN_POINT('Ctrl Pts',(10.1190066951713,5.10380956917855,1.77127754358526));
#3871=CARTESIAN_POINT('Ctrl Pts',(10.1194671706831,5.11196999200175,1.77056645865603));
#3872=CARTESIAN_POINT('Ctrl Pts',(10.1199253956952,5.12018975500188,1.77035189403087));
#3873=CARTESIAN_POINT('Ctrl Pts',(10.1206824387584,5.13376979623979,1.76999740735554));
#3874=CARTESIAN_POINT('Ctrl Pts',(10.121425248641,5.1473590336339,1.77100129541907));
#3875=CARTESIAN_POINT('Ctrl Pts',(10.1221455140173,5.16078257492764,1.77312365507592));
#3876=CARTESIAN_POINT('Ctrl Pts',(10.1224101191919,5.16571400520961,1.77390335012449));
#3877=CARTESIAN_POINT('Ctrl Pts',(10.1226716817143,5.17062358643039,1.77483409207584));
#3878=CARTESIAN_POINT('Ctrl Pts',(10.1229297894986,5.17550433326625,1.77590435527577));
#3879=CARTESIAN_POINT('Ctrl Pts',(10.123680753506,5.18970485500745,1.77901828360489));
#3880=CARTESIAN_POINT('Ctrl Pts',(10.1244033841732,5.20367294992824,1.78331519295034));
#3881=CARTESIAN_POINT('Ctrl Pts',(10.1250936090531,5.21727849872154,1.78853274651108));
#3882=CARTESIAN_POINT('Ctrl Pts',(10.1253941459601,5.22320261080707,1.79080456755819));
#3883=CARTESIAN_POINT('Ctrl Pts',(10.1256885390683,5.22905863828358,1.79325118576678));
#3884=CARTESIAN_POINT('Ctrl Pts',(10.1259764521938,5.23483860208128,1.795852176366));
#3885=CARTESIAN_POINT('Ctrl Pts',(9.75,4.94512003375623,1.98238391083256));
#3886=CARTESIAN_POINT('Ctrl Pts',(9.75,4.94512003375623,1.80775794189945));
#3887=CARTESIAN_POINT('Ctrl Pts',(9.75,5.07608875347707,1.72441455524937));
#3888=CARTESIAN_POINT('Ctrl Pts',(9.75,5.23483860208128,1.795852176366));
#3889=CARTESIAN_POINT('Ctrl Pts',(10.15,9.57268285168741,2.75232086580769));
#3890=CARTESIAN_POINT('Ctrl Pts',(9.75,9.57268285168741,2.75232086580769));
#3891=CARTESIAN_POINT('Ctrl Pts',(10.15,9.57268285168741,2.57769641083256));
#3892=CARTESIAN_POINT('Ctrl Pts',(9.75,9.57268285168741,2.57769641083256));
#3893=CARTESIAN_POINT('Ctrl Pts',(10.15,9.44568259431455,2.3713212291576));
#3894=CARTESIAN_POINT('Ctrl Pts',(9.75,9.44568259431455,2.3713212291576));
#3895=CARTESIAN_POINT('Ctrl Pts',(10.15,9.28693274571035,2.29194592636601));
#3896=CARTESIAN_POINT('Ctrl Pts',(9.75,9.28693274571035,2.29194592636601));
#3897=CARTESIAN_POINT('',(9.85458087428075,9.57268285168741,2.75232086580769));
#3898=CARTESIAN_POINT('',(9.90282867420531,9.28693274571035,2.29194592636601));
#3899=CARTESIAN_POINT('Ctrl Pts',(9.85458087428075,9.57268285168741,2.75232086580769));
#3900=CARTESIAN_POINT('Ctrl Pts',(9.85458087428075,9.57268285168741,2.73132911848616));
#3901=CARTESIAN_POINT('Ctrl Pts',(9.85490436439938,9.57084876750135,2.71021208568734));
#3902=CARTESIAN_POINT('Ctrl Pts',(9.85549230593891,9.56751220323786,2.68929973427838));
#3903=CARTESIAN_POINT('Ctrl Pts',(9.85606615027191,9.56425564052608,2.66888880302213));
#3904=CARTESIAN_POINT('Ctrl Pts',(9.85689191643848,9.55956798443511,2.64867291035323));
#3905=CARTESIAN_POINT('Ctrl Pts',(9.85791471148174,9.5537424436334,2.62891120929171));
#3906=CARTESIAN_POINT('Ctrl Pts',(9.85823305444292,9.55192925542768,2.62276041840219));
#3907=CARTESIAN_POINT('Ctrl Pts',(9.85857048464504,9.55000571067735,2.61665327075901));
#3908=CARTESIAN_POINT('Ctrl Pts',(9.85892534694121,9.54798029937868,2.61059660101706));
#3909=CARTESIAN_POINT('Ctrl Pts',(9.86060809181696,9.53837586824912,2.58187608017804));
#3910=CARTESIAN_POINT('Ctrl Pts',(9.86272422660135,9.52624512036853,2.55358117274436));
#3911=CARTESIAN_POINT('Ctrl Pts',(9.86518448320583,9.51204338721693,2.52631443648327));
#3912=CARTESIAN_POINT('Ctrl Pts',(9.8677231593132,9.49738898061169,2.49817858604148));
#3913=CARTESIAN_POINT('Ctrl Pts',(9.87062824430026,9.48052940829801,2.47113735858957));
#3914=CARTESIAN_POINT('Ctrl Pts',(9.87380165896952,9.46193051713218,2.44580935103729));
#3915=CARTESIAN_POINT('Ctrl Pts',(9.87469647689024,9.45668612808903,2.43866753144667));
#3916=CARTESIAN_POINT('Ctrl Pts',(9.87561262940645,9.45130324641423,2.43166167775207));
#3917=CARTESIAN_POINT('Ctrl Pts',(9.87654791764362,9.44579185317208,2.42480508662705));
#3918=CARTESIAN_POINT('Ctrl Pts',(9.87917683753464,9.43030036001975,2.40553249441762));
#3919=CARTESIAN_POINT('Ctrl Pts',(9.88200308156623,9.41353461323474,2.38711703603102));
#3920=CARTESIAN_POINT('Ctrl Pts',(9.8849915148804,9.39563907308612,2.37000040413917));
#3921=CARTESIAN_POINT('Ctrl Pts',(9.88630764847686,9.38775771213862,2.36246208157251));
#3922=CARTESIAN_POINT('Ctrl Pts',(9.8876552403527,9.37965764796576,2.35517621870838));
#3923=CARTESIAN_POINT('Ctrl Pts',(9.88903128922167,9.37135323012026,2.3481830168405));
#3924=CARTESIAN_POINT('Ctrl Pts',(9.89177713590603,9.3547821193691,2.33422838151098));
#3925=CARTESIAN_POINT('Ctrl Pts',(9.89466407227166,9.33722994614552,2.32129818333079));
#3926=CARTESIAN_POINT('Ctrl Pts',(9.89766186104392,9.31882389129695,2.30983571363615));
#3927=CARTESIAN_POINT('Ctrl Pts',(9.89935075035727,9.30845431835628,2.30337800629166));
#3928=CARTESIAN_POINT('Ctrl Pts',(9.90107482368942,9.29781448535877,2.29738682213433));
#3929=CARTESIAN_POINT('Ctrl Pts',(9.90282867420531,9.28693274571035,2.29194592636601));
#3930=CARTESIAN_POINT('',(9.75,9.57268285168741,2.75232086580769));
#3931=CARTESIAN_POINT('',(10.15,9.57268285168741,2.75232086580769));
#3932=CARTESIAN_POINT('',(9.75,9.28693274571035,2.29194592636601));
#3933=CARTESIAN_POINT('Ctrl Pts',(9.75,9.57268285168741,2.75232086580769));
#3934=CARTESIAN_POINT('Ctrl Pts',(9.75,9.57268285168741,2.57769641083256));
#3935=CARTESIAN_POINT('Ctrl Pts',(9.75,9.44568259431455,2.3713212291576));
#3936=CARTESIAN_POINT('Ctrl Pts',(9.75,9.28693274571035,2.29194592636601));
#3937=CARTESIAN_POINT('',(10.15,9.28693274571035,2.29194592636601));
#3938=CARTESIAN_POINT('Origin',(10.15,9.57268285168741,3.10950897139088));
#3939=CARTESIAN_POINT('',(9.85458087428075,9.57268285168741,3.10950897139088));
#3940=CARTESIAN_POINT('',(9.85458087428074,9.57268285168747,22.));
#3941=CARTESIAN_POINT('',(9.75,9.57268285168741,3.10950897139088));
#3942=CARTESIAN_POINT('',(10.15,9.57268285168741,3.10950897139088));
#3943=CARTESIAN_POINT('',(9.75,9.57268285168741,2.75232086580769));
#3944=CARTESIAN_POINT('Ctrl Pts',(10.15,9.28693274571035,3.56591582697407));
#3945=CARTESIAN_POINT('Ctrl Pts',(9.75,9.28693274571035,3.56591582697407));
#3946=CARTESIAN_POINT('Ctrl Pts',(10.15,9.44171375347708,3.49050860804096));
#3947=CARTESIAN_POINT('Ctrl Pts',(9.75,9.44171375347708,3.49050860804096));
#3948=CARTESIAN_POINT('Ctrl Pts',(10.15,9.57268285168741,3.284133426366));
#3949=CARTESIAN_POINT('Ctrl Pts',(9.75,9.57268285168741,3.284133426366));
#3950=CARTESIAN_POINT('Ctrl Pts',(10.15,9.57268285168741,3.10950897139088));
#3951=CARTESIAN_POINT('Ctrl Pts',(9.75,9.57268285168741,3.10950897139088));
#3952=CARTESIAN_POINT('',(9.90282867420531,9.28693274571035,3.56591582697407));
#3953=CARTESIAN_POINT('Ctrl Pts',(9.90282867420531,9.28693274571035,3.56591582697407));
#3954=CARTESIAN_POINT('Ctrl Pts',(9.8998994765771,9.30510690917533,3.55706161970986));
#3955=CARTESIAN_POINT('Ctrl Pts',(9.89704631213875,9.32265710997191,3.54654704918824));
#3956=CARTESIAN_POINT('Ctrl Pts',(9.8942964864475,9.33942852489898,3.53480893825665));
#3957=CARTESIAN_POINT('Ctrl Pts',(9.89161449869973,9.35578619058318,3.52336040542755));
#3958=CARTESIAN_POINT('Ctrl Pts',(9.88903081387695,9.37140305929957,3.51074816370531));
#3959=CARTESIAN_POINT('Ctrl Pts',(9.88657076610464,9.38617166410689,3.49734323876882));
#3960=CARTESIAN_POINT('Ctrl Pts',(9.88563471674462,9.39179112533603,3.49224265838612));
#3961=CARTESIAN_POINT('Ctrl Pts',(9.88471656763291,9.39728815121891,3.48702693761308));
#3962=CARTESIAN_POINT('Ctrl Pts',(9.88381771440352,9.40265821966316,3.48171508650827));
#3963=CARTESIAN_POINT('Ctrl Pts',(9.87988012142243,9.42618279867412,3.45844553933084));
#3964=CARTESIAN_POINT('Ctrl Pts',(9.87618097284313,9.4480177560144,3.43259458084687));
#3965=CARTESIAN_POINT('Ctrl Pts',(9.87282624426992,9.46765097977545,3.40506472518288));
#3966=CARTESIAN_POINT('Ctrl Pts',(9.86934451318633,9.48802747341657,3.37649265084066));
#3967=CARTESIAN_POINT('Ctrl Pts',(9.86623377367513,9.50603251351955,3.34611201200012));
#3968=CARTESIAN_POINT('Ctrl Pts',(9.86361249874364,9.52111711628134,3.31488134069289));
#3969=CARTESIAN_POINT('Ctrl Pts',(9.86330226310651,9.52290242361116,3.31118509841985));
#3970=CARTESIAN_POINT('Ctrl Pts',(9.86299888360642,9.52464684772264,3.30747689501284));
#3971=CARTESIAN_POINT('Ctrl Pts',(9.86270255665027,9.52634949772269,3.30375827666148));
#3972=CARTESIAN_POINT('Ctrl Pts',(9.86106128919221,9.53577997301194,3.28316194830762));
#3973=CARTESIAN_POINT('Ctrl Pts',(9.85960635265379,9.54409623866079,3.26188077456505));
#3974=CARTESIAN_POINT('Ctrl Pts',(9.85839724037707,9.55099183445814,3.24018746618874));
#3975=CARTESIAN_POINT('Ctrl Pts',(9.8577782276538,9.55452207860107,3.22908143893788));
#3976=CARTESIAN_POINT('Ctrl Pts',(9.8572236453017,9.55767960306942,3.21786817278529));
#3977=CARTESIAN_POINT('Ctrl Pts',(9.85674147634046,9.56042112781882,3.20658905274396));
#3978=CARTESIAN_POINT('Ctrl Pts',(9.85590156688023,9.56519669978131,3.18694150097818));
#3979=CARTESIAN_POINT('Ctrl Pts',(9.85527254799505,9.56876274947765,3.16687693051136));
#3980=CARTESIAN_POINT('Ctrl Pts',(9.85491581484289,9.57078482782938,3.1466863335848));
#3981=CARTESIAN_POINT('Ctrl Pts',(9.85469722924973,9.57202384134206,3.13431469506756));
#3982=CARTESIAN_POINT('Ctrl Pts',(9.85458087428075,9.57268285168741,3.12189681439086));
#3983=CARTESIAN_POINT('Ctrl Pts',(9.85458087428075,9.57268285168741,3.10950897139088));
#3984=CARTESIAN_POINT('',(9.75,9.28693274571035,3.56591582697407));
#3985=CARTESIAN_POINT('',(10.15,9.28693274571035,3.56591582697407));
#3986=CARTESIAN_POINT('Ctrl Pts',(9.75,9.28693274571035,3.56591582697407));
#3987=CARTESIAN_POINT('Ctrl Pts',(9.75,9.44171375347708,3.49050860804096));
#3988=CARTESIAN_POINT('Ctrl Pts',(9.75,9.57268285168741,3.284133426366));
#3989=CARTESIAN_POINT('Ctrl Pts',(9.75,9.57268285168741,3.10950897139088));
#3990=CARTESIAN_POINT('Origin',(10.15,3.38143307878111,6.3956350008823));
#3991=CARTESIAN_POINT('Origin',(-9.25,6.2,5.04507140597081));
#3992=CARTESIAN_POINT('',(9.75,9.28693274571035,3.56591582697407));
#3993=CARTESIAN_POINT('Origin',(10.15,3.11552604152296,-0.537771733584251));
#3994=CARTESIAN_POINT('',(9.90322480418055,3.11552604152296,-0.537771733584251));
#3995=CARTESIAN_POINT('',(9.90322480418055,3.11552604152296,22.));
#3996=CARTESIAN_POINT('',(9.75,3.11552604152296,-0.537771733584251));
#3997=CARTESIAN_POINT('',(10.15,3.11552604152296,-0.537771733584251));
#3998=CARTESIAN_POINT('',(9.75,3.11552604152296,0.410759274182473));
#3999=CARTESIAN_POINT('Ctrl Pts',(10.15,3.37349464012716,-0.728271551909294));
#4000=CARTESIAN_POINT('Ctrl Pts',(9.75,3.37349464012716,-0.728271551909294));
#4001=CARTESIAN_POINT('Ctrl Pts',(10.15,3.25046360208128,-0.791771491350977));
#4002=CARTESIAN_POINT('Ctrl Pts',(9.75,3.25046360208128,-0.791771491350977));
#4003=CARTESIAN_POINT('Ctrl Pts',(10.15,3.11552604152296,-0.712396188559381));
#4004=CARTESIAN_POINT('Ctrl Pts',(9.75,3.11552604152296,-0.712396188559381));
#4005=CARTESIAN_POINT('Ctrl Pts',(10.15,3.11552604152296,-0.537771733584251));
#4006=CARTESIAN_POINT('Ctrl Pts',(9.75,3.11552604152296,-0.537771733584251));
#4007=CARTESIAN_POINT('',(9.94299006019151,3.37349464012716,-0.728271551909296));
#4008=CARTESIAN_POINT('Ctrl Pts',(9.94299006019151,3.37349464012716,-0.728271551909294));
#4009=CARTESIAN_POINT('Ctrl Pts',(9.94132201708362,3.36216802626533,-0.734117550656677));
#4010=CARTESIAN_POINT('Ctrl Pts',(9.93957917901914,3.35041660391079,-0.738920012272063));
#4011=CARTESIAN_POINT('Ctrl Pts',(9.93777628067338,3.33832829347324,-0.742513612607473));
#4012=CARTESIAN_POINT('Ctrl Pts',(9.93597338232762,3.32623998303569,-0.746107212942883));
#4013=CARTESIAN_POINT('Ctrl Pts',(9.9341104237006,3.31381387478476,-0.748491907051728));
#4014=CARTESIAN_POINT('Ctrl Pts',(9.93220213946763,3.30118626320979,-0.749478821222537));
#4015=CARTESIAN_POINT('Ctrl Pts',(9.92997845574996,3.28647157146357,-0.750628851671066));
#4016=CARTESIAN_POINT('Ctrl Pts',(9.9277410500369,3.27178894593179,-0.749854915052789));
#4017=CARTESIAN_POINT('Ctrl Pts',(9.92553751183275,3.25742652744803,-0.747075248660117));
#4018=CARTESIAN_POINT('Ctrl Pts',(9.92450859138276,3.25072013766937,-0.74577731082987));
#4019=CARTESIAN_POINT('Ctrl Pts',(9.92348705517072,3.2440842650991,-0.74404199660245));
#4020=CARTESIAN_POINT('Ctrl Pts',(9.92247774820826,3.23755219548781,-0.741860713606719));
#4021=CARTESIAN_POINT('Ctrl Pts',(9.92012159265711,3.22230354205772,-0.736768663090705));
#4022=CARTESIAN_POINT('Ctrl Pts',(9.91790011514731,3.20804604432354,-0.729389616820567));
#4023=CARTESIAN_POINT('Ctrl Pts',(9.91586516947314,3.19506798577593,-0.719985839190055));
#4024=CARTESIAN_POINT('Ctrl Pts',(9.91527080131155,3.19127734659677,-0.717239178139985));
#4025=CARTESIAN_POINT('Ctrl Pts',(9.91469234638217,3.18759559454094,-0.714319563280014));
#4026=CARTESIAN_POINT('Ctrl Pts',(9.91413109676289,3.18402929289993,-0.711232994380947));
#4027=CARTESIAN_POINT('Ctrl Pts',(9.9126288135672,3.17448346009765,-0.702971250532813));
#4028=CARTESIAN_POINT('Ctrl Pts',(9.91128049929938,3.16595597266318,-0.693680702252651));
#4029=CARTESIAN_POINT('Ctrl Pts',(9.91008876619168,3.15844967412966,-0.683585553118553));
#4030=CARTESIAN_POINT('Ctrl Pts',(9.90914376408494,3.15249744549543,-0.675580457734388));
#4031=CARTESIAN_POINT('Ctrl Pts',(9.90829721908064,3.14718652422974,-0.667068341418031));
#4032=CARTESIAN_POINT('Ctrl Pts',(9.90755043366489,3.14250733744361,-0.658140715786699));
#4033=CARTESIAN_POINT('Ctrl Pts',(9.90660561932234,3.13658734664867,-0.646845705783085));
#4034=CARTESIAN_POINT('Ctrl Pts',(9.90583054115709,3.13174556401001,-0.635014916727208));
#4035=CARTESIAN_POINT('Ctrl Pts',(9.90521140005274,3.12788599132586,-0.622850229201289));
#4036=CARTESIAN_POINT('Ctrl Pts',(9.90488996976108,3.12588227429784,-0.616534869048481));
#4037=CARTESIAN_POINT('Ctrl Pts',(9.9046105679485,3.12414300297871,-0.610128632371214));
#4038=CARTESIAN_POINT('Ctrl Pts',(9.90437126379063,3.12265349873116,-0.603654491707928));
#4039=CARTESIAN_POINT('Ctrl Pts',(9.90387136543496,3.11954197433997,-0.590130229109169));
#4040=CARTESIAN_POINT('Ctrl Pts',(9.90354730802247,3.11752806913838,-0.576345054475945));
#4041=CARTESIAN_POINT('Ctrl Pts',(9.90337531573451,3.11646012860176,-0.562484091970855));
#4042=CARTESIAN_POINT('Ctrl Pts',(9.90327332194343,3.11582682518293,-0.554264350663509));
#4043=CARTESIAN_POINT('Ctrl Pts',(9.90322480418055,3.11552604152296,-0.546016867918765));
#4044=CARTESIAN_POINT('Ctrl Pts',(9.90322480418055,3.11552604152296,-0.537771733584251));
#4045=CARTESIAN_POINT('',(9.75,3.37349464012716,-0.728271551909294));
#4046=CARTESIAN_POINT('',(10.15,3.37349464012716,-0.728271551909294));
#4047=CARTESIAN_POINT('Ctrl Pts',(9.75,3.37349464012716,-0.728271551909294));
#4048=CARTESIAN_POINT('Ctrl Pts',(9.75,3.25046360208128,-0.791771491350977));
#4049=CARTESIAN_POINT('Ctrl Pts',(9.75,3.11552604152296,-0.712396188559381));
#4050=CARTESIAN_POINT('Ctrl Pts',(9.75,3.11552604152296,-0.537771733584251));
#4051=CARTESIAN_POINT('Ctrl Pts',(10.15,9.28693274571035,2.29194592636601));
#4052=CARTESIAN_POINT('Ctrl Pts',(9.75,9.28693274571035,2.29194592636601));
#4053=CARTESIAN_POINT('Ctrl Pts',(10.15,3.49255683733556,-0.664771612467614));
#4054=CARTESIAN_POINT('Ctrl Pts',(9.75,3.49255683733556,-0.664771612467614));
#4055=CARTESIAN_POINT('Ctrl Pts',(10.15,3.37349464012716,-0.728271551909294));
#4056=CARTESIAN_POINT('Ctrl Pts',(9.75,3.37349464012716,-0.728271551909294));
#4057=CARTESIAN_POINT('',(10.15,6.2,0.716493032161853));
#4058=CARTESIAN_POINT('Ctrl Pts',(10.15,6.2,0.716493032161853));
#4059=CARTESIAN_POINT('Ctrl Pts',(10.15,6.16836341087083,0.700342885757521));
#4060=CARTESIAN_POINT('Ctrl Pts',(10.1499226128519,6.13672687624403,0.684192581610513));
#4061=CARTESIAN_POINT('Ctrl Pts',(10.1489625985871,5.94049689624634,0.584016875817619));
#4062=CARTESIAN_POINT('Ctrl Pts',(10.1460626663125,5.77591485542715,0.499992272669704));
#4063=CARTESIAN_POINT('Ctrl Pts',(10.1301479336749,5.2516274499184,0.232303683469863));
#4064=CARTESIAN_POINT('Ctrl Pts',(10.1092149614747,4.89214464111145,0.0487321093904553));
#4065=CARTESIAN_POINT('Ctrl Pts',(10.0479459365514,4.18160201898367,-0.314270847706204));
#4066=CARTESIAN_POINT('Ctrl Pts',(10.0083266018112,3.83422272296989,-0.491534227594888));
#4067=CARTESIAN_POINT('Ctrl Pts',(9.95569163205806,3.46096040310848,-0.68308673550791));
#4068=CARTESIAN_POINT('Ctrl Pts',(9.95156614103034,3.43222869165243,-0.697841979038584));
#4069=CARTESIAN_POINT('Ctrl Pts',(9.94656084960981,3.3978364968344,-0.715590950877348));
#4070=CARTESIAN_POINT('Ctrl Pts',(9.94398816196989,3.38027211091613,-0.724656895076492));
#4071=CARTESIAN_POINT('Ctrl Pts',(9.94299006019151,3.37349464012716,-0.728271551909294));
#4072=CARTESIAN_POINT('Ctrl Pts',(9.90282867420531,9.28693274571035,2.29194592636601));
#4073=CARTESIAN_POINT('Ctrl Pts',(9.92350545338627,9.15864397436038,2.22648354244686));
#4074=CARTESIAN_POINT('Ctrl Pts',(9.94288603088193,9.03025679913687,2.16096993808953));
#4075=CARTESIAN_POINT('Ctrl Pts',(9.96097000386201,8.90171481751719,2.09537621841278));
#4076=CARTESIAN_POINT('Ctrl Pts',(9.97858194133609,8.77652809303054,2.03149465373048));
#4077=CARTESIAN_POINT('Ctrl Pts',(9.99496407990879,8.65119451406668,1.96753708918884));
#4078=CARTESIAN_POINT('Ctrl Pts',(10.0101160474781,8.52570640344042,1.90349948038099));
#4079=CARTESIAN_POINT('Ctrl Pts',(10.0250542936403,8.4019883266699,1.84036513432102));
#4080=CARTESIAN_POINT('Ctrl Pts',(10.0387968276444,8.27811992690962,1.77715292498451));
#4081=CARTESIAN_POINT('Ctrl Pts',(10.0513432929129,8.15413879982929,1.71388189305983));
#4082=CARTESIAN_POINT('Ctrl Pts',(10.0636458840885,8.0325675773921,1.65184070278284));
#4083=CARTESIAN_POINT('Ctrl Pts',(10.0747984522128,7.91088788709157,1.58974291352288));
#4084=CARTESIAN_POINT('Ctrl Pts',(10.0848006611,7.78918011332062,1.52762938638723));
#4085=CARTESIAN_POINT('Ctrl Pts',(10.086122726184,7.77309310694345,1.51941938733638));
#4086=CARTESIAN_POINT('Ctrl Pts',(10.0874246935238,7.75700567648176,1.51120914726187));
#4087=CARTESIAN_POINT('Ctrl Pts',(10.088706562343,7.74091806907188,1.50299879187869));
#4088=CARTESIAN_POINT('Ctrl Pts',(10.0970454423259,7.63626412524195,1.44958835928899));
#4089=CARTESIAN_POINT('Ctrl Pts',(10.1045335889528,7.5315803212775,1.39616163153407));
#4090=CARTESIAN_POINT('Ctrl Pts',(10.1111709189003,7.42683923965609,1.34270448766797));
#4091=CARTESIAN_POINT('Ctrl Pts',(10.1176580916679,7.32446772916378,1.29045671172885));
#4092=CARTESIAN_POINT('Ctrl Pts',(10.123332508576,7.2220414403132,1.23817984821704));
#4093=CARTESIAN_POINT('Ctrl Pts',(10.128194091829,7.11957885249871,1.18588318350964));
#4094=CARTESIAN_POINT('Ctrl Pts',(10.1311565185371,7.05714283301151,1.15401598547734));
#4095=CARTESIAN_POINT('Ctrl Pts',(10.1338171298064,6.99469419621211,1.12214187391537));
#4096=CARTESIAN_POINT('Ctrl Pts',(10.1361759080349,6.93224563006611,1.09026728664909));
#4097=CARTESIAN_POINT('Ctrl Pts',(10.139618517206,6.84110267989431,1.04374670021696));
#4098=CARTESIAN_POINT('Ctrl Pts',(10.1424181519933,6.74994754308731,0.997218805037092));
#4099=CARTESIAN_POINT('Ctrl Pts',(10.1445748017144,6.65877267001565,0.950679607552243));
#4100=CARTESIAN_POINT('Ctrl Pts',(10.1459112503643,6.60227275033268,0.921839853446558));
#4101=CARTESIAN_POINT('Ctrl Pts',(10.1470007847315,6.54576612052783,0.892996202045708));
#4102=CARTESIAN_POINT('Ctrl Pts',(10.1478434022738,6.48925998835357,0.864152293323658));
#4103=CARTESIAN_POINT('Ctrl Pts',(10.1490801104005,6.40632604815771,0.8218181446406));
#4104=CARTESIAN_POINT('Ctrl Pts',(10.1497849081318,6.32339200741158,0.779482844816503));
#4105=CARTESIAN_POINT('Ctrl Pts',(10.1499578331672,6.24045015621109,0.737142311534022));
#4106=CARTESIAN_POINT('Ctrl Pts',(10.1499859444436,6.22696684944126,0.730259291794495));
#4107=CARTESIAN_POINT('Ctrl Pts',(10.1500000000005,6.2134834358724,0.723376184529627));
#4108=CARTESIAN_POINT('Ctrl Pts',(10.15,6.20000000000048,0.716493032162099));
#4109=CARTESIAN_POINT('Ctrl Pts',(9.75,9.28693274571035,2.29194592636601));
#4110=CARTESIAN_POINT('Ctrl Pts',(9.75,3.49255683733556,-0.664771612467614));
#4111=CARTESIAN_POINT('Ctrl Pts',(9.75,3.37349464012716,-0.728271551909294));
#4112=CARTESIAN_POINT('Origin',(9.75,6.34212040467594,2.84161940616146));
#4113=CARTESIAN_POINT('Origin',(-9.25,6.2,22.));
#4114=CARTESIAN_POINT('Origin',(10.15,8.51699427677725,-4.951022823634));
#4115=CARTESIAN_POINT('',(10.0111406080061,8.51699427677725,-4.951022823634));
#4116=CARTESIAN_POINT('',(10.0111406080061,8.51699427677725,-3.462741573634));
#4117=CARTESIAN_POINT('',(10.0111406080061,8.51699427677725,22.));
#4118=CARTESIAN_POINT('',(9.75,8.51699427677725,-4.951022823634));
#4119=CARTESIAN_POINT('',(10.15,8.51699427677725,-4.951022823634));
#4120=CARTESIAN_POINT('',(9.75,8.51699427677725,-3.462741573634));
#4121=CARTESIAN_POINT('',(9.75,8.51699427677725,-3.462741573634));
#4122=CARTESIAN_POINT('',(10.15,8.51699427677725,-3.462741573634));
#4123=CARTESIAN_POINT('Ctrl Pts',(10.15,8.51699427677725,-3.462741573634));
#4124=CARTESIAN_POINT('Ctrl Pts',(9.75,8.51699427677725,-3.462741573634));
#4125=CARTESIAN_POINT('Ctrl Pts',(10.15,8.51699427677725,-3.28811711865887));
#4126=CARTESIAN_POINT('Ctrl Pts',(9.75,8.51699427677725,-3.28811711865887));
#4127=CARTESIAN_POINT('Ctrl Pts',(10.15,8.37411979152296,-3.14524187642559));
#4128=CARTESIAN_POINT('Ctrl Pts',(9.75,8.37411979152296,-3.14524187642559));
#4129=CARTESIAN_POINT('Ctrl Pts',(10.15,8.19949457956884,-3.14524187642559));
#4130=CARTESIAN_POINT('Ctrl Pts',(9.75,8.19949457956884,-3.14524187642559));
#4131=CARTESIAN_POINT('',(10.0466842080777,8.19949457956884,-3.14524187642559));
#4132=CARTESIAN_POINT('Ctrl Pts',(10.0111406080061,8.51699427677725,-3.462741573634));
#4133=CARTESIAN_POINT('Ctrl Pts',(10.0111406080061,8.51699427677725,-3.44108967369032));
#4134=CARTESIAN_POINT('Ctrl Pts',(10.0114060701178,8.51479805228867,-3.41964668513752));
#4135=CARTESIAN_POINT('Ctrl Pts',(10.011927826665,8.5104475547411,-3.39864065884272));
#4136=CARTESIAN_POINT('Ctrl Pts',(10.0123748605354,8.50672010797073,-3.38064298294136));
#4137=CARTESIAN_POINT('Ctrl Pts',(10.0130100357407,8.50141090249656,-3.36296643582186));
#4138=CARTESIAN_POINT('Ctrl Pts',(10.0138275862519,8.4945471725725,-3.34578506138301));
#4139=CARTESIAN_POINT('Ctrl Pts',(10.0151564781939,8.48339048529314,-3.31785750249524));
#4140=CARTESIAN_POINT('Ctrl Pts',(10.0169434831358,8.4683160036928,-3.2917216641845));
#4141=CARTESIAN_POINT('Ctrl Pts',(10.0190927030784,8.44990605372879,-3.268118261971));
#4142=CARTESIAN_POINT('Ctrl Pts',(10.0198333191652,8.44356202870375,-3.25998458563775));
#4143=CARTESIAN_POINT('Ctrl Pts',(10.0206169473861,8.43682223405749,-3.25215196045581));
#4144=CARTESIAN_POINT('Ctrl Pts',(10.0214396635839,8.42971148197365,-3.24465174841827));
#4145=CARTESIAN_POINT('Ctrl Pts',(10.023799475202,8.40931558430601,-3.22313875578403));
#4146=CARTESIAN_POINT('Ctrl Pts',(10.0264567456327,8.38605481994033,-3.20455800026513));
#4147=CARTESIAN_POINT('Ctrl Pts',(10.0293025943283,8.36066528333161,-3.18948628026736));
#4148=CARTESIAN_POINT('Ctrl Pts',(10.0304879873563,8.35008967552574,-3.18320839492771));
#4149=CARTESIAN_POINT('Ctrl Pts',(10.0317060988371,8.33914429984334,-3.17753887508707));
#4150=CARTESIAN_POINT('Ctrl Pts',(10.0329490600891,8.3278805290737,-3.17251745459713));
#4151=CARTESIAN_POINT('Ctrl Pts',(10.0351417741782,8.30801005537614,-3.16365914188726));
#4152=CARTESIAN_POINT('Ctrl Pts',(10.0373960864092,8.28729718920513,-3.15688378285845));
#4153=CARTESIAN_POINT('Ctrl Pts',(10.039673594486,8.2660330631889,-3.15230351901098));
#4154=CARTESIAN_POINT('Ctrl Pts',(10.0418472748706,8.24573833225527,-3.14793206154696));
#4155=CARTESIAN_POINT('Ctrl Pts',(10.0440242467677,8.22510726293679,-3.14559441602626));
#4156=CARTESIAN_POINT('Ctrl Pts',(10.0461798409153,8.2043560249441,-3.14527882434424));
#4157=CARTESIAN_POINT('Ctrl Pts',(10.0463480974617,8.20273627122472,-3.14525419059463));
#4158=CARTESIAN_POINT('Ctrl Pts',(10.0465162237598,8.20111575942474,-3.14524187642559));
#4159=CARTESIAN_POINT('Ctrl Pts',(10.0466842080777,8.19949457956884,-3.14524187642559));
#4160=CARTESIAN_POINT('',(9.75,8.19949457956884,-3.14524187642559));
#4161=CARTESIAN_POINT('Ctrl Pts',(9.75,8.51699427677725,-3.462741573634));
#4162=CARTESIAN_POINT('Ctrl Pts',(9.75,8.51699427677725,-3.28811711865887));
#4163=CARTESIAN_POINT('Ctrl Pts',(9.75,8.37411979152296,-3.14524187642559));
#4164=CARTESIAN_POINT('Ctrl Pts',(9.75,8.19949457956884,-3.14524187642559));
#4165=CARTESIAN_POINT('',(10.15,8.19949457956884,-3.14524187642559));
#4166=CARTESIAN_POINT('Origin',(10.15,8.19949457956884,-3.14524187642559));
#4167=CARTESIAN_POINT('',(10.1329640071458,7.01283842040632,-3.14524187642559));
#4168=CARTESIAN_POINT('Origin',(-9.25,6.2,-3.14524187642559));
#4169=CARTESIAN_POINT('',(9.75,7.01283842040632,-3.14524187642559));
#4170=CARTESIAN_POINT('',(9.75,7.01283842040632,-3.14524187642559));
#4171=CARTESIAN_POINT('',(10.15,7.01283842040632,-3.14524187642559));
#4172=CARTESIAN_POINT('Ctrl Pts',(10.15,7.01283842040632,-3.14524187642559));
#4173=CARTESIAN_POINT('Ctrl Pts',(9.75,7.01283842040632,-3.14524187642559));
#4174=CARTESIAN_POINT('Ctrl Pts',(10.15,6.83821396543119,-3.14524187642559));
#4175=CARTESIAN_POINT('Ctrl Pts',(9.75,6.83821396543119,-3.14524187642559));
#4176=CARTESIAN_POINT('Ctrl Pts',(10.15,6.69533872319791,-3.28811711865887));
#4177=CARTESIAN_POINT('Ctrl Pts',(9.75,6.69533872319791,-3.28811711865887));
#4178=CARTESIAN_POINT('Ctrl Pts',(10.15,6.69533872319791,-3.462741573634));
#4179=CARTESIAN_POINT('Ctrl Pts',(9.75,6.69533872319791,-3.462741573634));
#4180=CARTESIAN_POINT('',(10.1436752460512,6.69533872319791,-3.462741573634));
#4181=CARTESIAN_POINT('Ctrl Pts',(10.1329640071458,7.01283842040632,-3.14524187642559));
#4182=CARTESIAN_POINT('Ctrl Pts',(10.1338673905306,6.99129631905868,-3.14524187642559));
#4183=CARTESIAN_POINT('Ctrl Pts',(10.1347259233867,6.96995494653777,-3.14741592648515));
#4184=CARTESIAN_POINT('Ctrl Pts',(10.1355340840104,6.94903978423551,-3.15172618045511));
#4185=CARTESIAN_POINT('Ctrl Pts',(10.1362460827718,6.93061328680679,-3.15552356354718));
#4186=CARTESIAN_POINT('Ctrl Pts',(10.1369189835549,6.91251782962048,-3.16097939962792));
#4187=CARTESIAN_POINT('Ctrl Pts',(10.1375490104833,6.8949412680987,-3.16806660564246));
#4188=CARTESIAN_POINT('Ctrl Pts',(10.1385088435725,6.86816373751731,-3.17886381848502));
#4189=CARTESIAN_POINT('Ctrl Pts',(10.1393534262389,6.84302500203292,-3.19327591571179));
#4190=CARTESIAN_POINT('Ctrl Pts',(10.1400839328349,6.8201918566292,-3.21080086445927));
#4191=CARTESIAN_POINT('Ctrl Pts',(10.1403825027669,6.81085957858031,-3.2179635961641));
#4192=CARTESIAN_POINT('Ctrl Pts',(10.1406620164065,6.80191288209598,-3.22564591194311));
#4193=CARTESIAN_POINT('Ctrl Pts',(10.1409225539334,6.79339911303874,-3.23381179998078));
#4194=CARTESIAN_POINT('Ctrl Pts',(10.141597576611,6.77134091953199,-3.25496867389624));
#4195=CARTESIAN_POINT('Ctrl Pts',(10.1421400020029,6.7524024245194,-3.27916676680824));
#4196=CARTESIAN_POINT('Ctrl Pts',(10.1425602707419,6.73722626191778,-3.30560872942406));
#4197=CARTESIAN_POINT('Ctrl Pts',(10.1427177036837,6.73154126157806,-3.31551390574563));
#4198=CARTESIAN_POINT('Ctrl Pts',(10.1428579949144,6.72638383410512,-3.325734316218));
#4199=CARTESIAN_POINT('Ctrl Pts',(10.142981693257,6.72178639786704,-3.33622934868264));
#4200=CARTESIAN_POINT('Ctrl Pts',(10.1432128062137,6.71319673482492,-3.35583784085503));
#4201=CARTESIAN_POINT('Ctrl Pts',(10.1433841258981,6.70662794969838,-3.37625386173681));
#4202=CARTESIAN_POINT('Ctrl Pts',(10.143499119056,6.70218713561192,-3.39720112092924));
#4203=CARTESIAN_POINT('Ctrl Pts',(10.1436104912995,6.69788615426038,-3.41748879102721));
#4204=CARTESIAN_POINT('Ctrl Pts',(10.1436682127688,6.69561568771642,-3.43810587807023));
#4205=CARTESIAN_POINT('Ctrl Pts',(10.1436746412209,6.69536254991901,-3.45883725659506));
#4206=CARTESIAN_POINT('Ctrl Pts',(10.1436750446354,6.69534666437817,-3.46013824429272));
#4207=CARTESIAN_POINT('Ctrl Pts',(10.1436752460512,6.69533872319791,-3.46143969884667));
#4208=CARTESIAN_POINT('Ctrl Pts',(10.1436752460512,6.69533872319791,-3.462741573634));
#4209=CARTESIAN_POINT('',(9.75,6.69533872319791,-3.462741573634));
#4210=CARTESIAN_POINT('Ctrl Pts',(9.75,7.01283842040632,-3.14524187642559));
#4211=CARTESIAN_POINT('Ctrl Pts',(9.75,6.83821396543119,-3.14524187642559));
#4212=CARTESIAN_POINT('Ctrl Pts',(9.75,6.69533872319791,-3.28811711865887));
#4213=CARTESIAN_POINT('Ctrl Pts',(9.75,6.69533872319791,-3.462741573634));
#4214=CARTESIAN_POINT('',(10.15,6.69533872319791,-3.462741573634));
#4215=CARTESIAN_POINT('Origin',(10.15,6.69533872319791,-3.462741573634));
#4216=CARTESIAN_POINT('',(10.1436752460512,6.69533872319791,-4.951022823634));
#4217=CARTESIAN_POINT('',(10.1436752460512,6.69533872319791,22.));
#4218=CARTESIAN_POINT('',(9.75,6.69533872319791,-4.951022823634));
#4219=CARTESIAN_POINT('',(9.75,6.69533872319791,-4.951022823634));
#4220=CARTESIAN_POINT('',(10.15,6.69533872319791,-4.951022823634));
#4221=CARTESIAN_POINT('Ctrl Pts',(10.15,6.69533872319791,-4.951022823634));
#4222=CARTESIAN_POINT('Ctrl Pts',(9.75,6.69533872319791,-4.951022823634));
#4223=CARTESIAN_POINT('Ctrl Pts',(10.15,6.69533872319791,-5.12564727860913));
#4224=CARTESIAN_POINT('Ctrl Pts',(9.75,6.69533872319791,-5.12564727860913));
#4225=CARTESIAN_POINT('Ctrl Pts',(10.15,6.69930756403539,-5.41139776307568));
#4226=CARTESIAN_POINT('Ctrl Pts',(9.75,6.69930756403539,-5.41139776307568));
#4227=CARTESIAN_POINT('Ctrl Pts',(10.15,6.70724524571035,-5.58602221805081));
#4228=CARTESIAN_POINT('Ctrl Pts',(9.75,6.70724524571035,-5.58602221805081));
#4229=CARTESIAN_POINT('',(10.1433674811958,6.70724524571035,-5.58602221805081));
#4230=CARTESIAN_POINT('Ctrl Pts',(10.1436752460512,6.69533872319791,-4.951022823634));
#4231=CARTESIAN_POINT('Ctrl Pts',(10.1436752460512,6.69533872319791,-4.96679264022146));
#4232=CARTESIAN_POINT('Ctrl Pts',(10.1436744644814,6.69537103899665,-4.98312015429331));
#4233=CARTESIAN_POINT('Ctrl Pts',(10.1436729637163,6.69543174712121,-4.99977932544681));
#4234=CARTESIAN_POINT('Ctrl Pts',(10.1436713939558,6.69549524620858,-5.01720437641004));
#4235=CARTESIAN_POINT('Ctrl Pts',(10.1436690373522,6.69558980670127,-5.03499264061712));
#4236=CARTESIAN_POINT('Ctrl Pts',(10.1436659652842,6.69571162936518,-5.05294368128558));
#4237=CARTESIAN_POINT('Ctrl Pts',(10.1436626437364,6.69584334513874,-5.07235250992311));
#4238=CARTESIAN_POINT('Ctrl Pts',(10.1436584858013,6.69600692455028,-5.09195177895305));
#4239=CARTESIAN_POINT('Ctrl Pts',(10.1436535816981,6.69619842232592,-5.11155100011086));
#4240=CARTESIAN_POINT('Ctrl Pts',(10.14364842264,6.69639987570649,-5.13216914747804));
#4241=CARTESIAN_POINT('Ctrl Pts',(10.1436424378132,6.69663222311242,-5.15278779822212));
#4242=CARTESIAN_POINT('Ctrl Pts',(10.1436357322522,6.69689184930642,-5.17324600028252));
#4243=CARTESIAN_POINT('Ctrl Pts',(10.1436283978666,6.69717582235716,-5.19562270258114));
#4244=CARTESIAN_POINT('Ctrl Pts',(10.1436202012324,6.69749241927122,-5.2178078408261));
#4245=CARTESIAN_POINT('Ctrl Pts',(10.143611279791,6.69783816945196,-5.23965458671216));
#4246=CARTESIAN_POINT('Ctrl Pts',(10.1436073220401,6.69799155196187,-5.24934629160211));
#4247=CARTESIAN_POINT('Ctrl Pts',(10.1436032216465,6.69815068852122,-5.25897215231256));
#4248=CARTESIAN_POINT('Ctrl Pts',(10.1435989906096,6.69831535339069,-5.26852249559365));
#4249=CARTESIAN_POINT('Ctrl Pts',(10.1435908755392,6.69863117834023,-5.28683992234433));
#4250=CARTESIAN_POINT('Ctrl Pts',(10.1435817485393,6.69898459595642,-5.30588205643796));
#4251=CARTESIAN_POINT('Ctrl Pts',(10.1435715266336,6.6993799010308,-5.32542947052648));
#4252=CARTESIAN_POINT('Ctrl Pts',(10.1435611395032,6.69978159573544,-5.34529284501268));
#4253=CARTESIAN_POINT('Ctrl Pts',(10.1435496217853,6.70022655555355,-5.3656778710906));
#4254=CARTESIAN_POINT('Ctrl Pts',(10.1435368864148,6.70071866500233,-5.38630022839496));
#4255=CARTESIAN_POINT('Ctrl Pts',(10.1435233791312,6.70124060206406,-5.40817254278371));
#4256=CARTESIAN_POINT('Ctrl Pts',(10.1435085021135,6.70181559880373,-5.43031176303761));
#4257=CARTESIAN_POINT('Ctrl Pts',(10.1434921514861,6.70244732353205,-5.45231882469043));
#4258=CARTESIAN_POINT('Ctrl Pts',(10.1434745920561,6.70312575169664,-5.4759528693557));
#4259=CARTESIAN_POINT('Ctrl Pts',(10.1434553330739,6.70386963719071,-5.49943385993269));
#4260=CARTESIAN_POINT('Ctrl Pts',(10.1434342458803,6.70468201321592,-5.52220535166972));
#4261=CARTESIAN_POINT('Ctrl Pts',(10.143413756372,6.70547136364016,-5.5443314190392));
#4262=CARTESIAN_POINT('Ctrl Pts',(10.1433915408194,6.7063253807626,-5.56578571553928));
#4263=CARTESIAN_POINT('Ctrl Pts',(10.1433674811958,6.70724524571035,-5.58602221805081));
#4264=CARTESIAN_POINT('',(9.75,6.70724524571035,-5.58602221805081));
#4265=CARTESIAN_POINT('Ctrl Pts',(9.75,6.69533872319791,-4.951022823634));
#4266=CARTESIAN_POINT('Ctrl Pts',(9.75,6.69533872319791,-5.12564727860913));
#4267=CARTESIAN_POINT('Ctrl Pts',(9.75,6.69930756403539,-5.41139776307568));
#4268=CARTESIAN_POINT('Ctrl Pts',(9.75,6.70724524571035,-5.58602221805081));
#4269=CARTESIAN_POINT('',(10.15,6.70724524571035,-5.58602221805081));
#4270=CARTESIAN_POINT('Ctrl Pts',(10.15,6.70724524571035,-5.58602221805081));
#4271=CARTESIAN_POINT('Ctrl Pts',(9.75,6.70724524571035,-5.58602221805081));
#4272=CARTESIAN_POINT('Ctrl Pts',(10.15,6.7191510112438,-5.80430316525921));
#4273=CARTESIAN_POINT('Ctrl Pts',(9.75,6.7191510112438,-5.80430316525921));
#4274=CARTESIAN_POINT('Ctrl Pts',(10.15,6.76280750347707,-6.00274066525921));
#4275=CARTESIAN_POINT('Ctrl Pts',(9.75,6.76280750347707,-6.00274066525921));
#4276=CARTESIAN_POINT('',(10.141834562878,6.76280750347707,-6.00274066525921));
#4277=CARTESIAN_POINT('Ctrl Pts',(10.1433674811958,6.70724524571035,-5.58602221805081));
#4278=CARTESIAN_POINT('Ctrl Pts',(10.143265724769,6.71113567109157,-5.65734948674845));
#4279=CARTESIAN_POINT('Ctrl Pts',(10.1430949055479,6.71764773680177,-5.72853466713459));
#4280=CARTESIAN_POINT('Ctrl Pts',(10.1428383082234,6.72708856096701,-5.79934131381396));
#4281=CARTESIAN_POINT('Ctrl Pts',(10.1425909063404,6.73619106303292,-5.86761052806885));
#4282=CARTESIAN_POINT('Ctrl Pts',(10.1422640491786,6.74800932250743,-5.93547657953118));
#4283=CARTESIAN_POINT('Ctrl Pts',(10.141834562878,6.76280750347707,-6.00274066525921));
#4284=CARTESIAN_POINT('',(9.75,6.76280750347707,-6.00274066525921));
#4285=CARTESIAN_POINT('Ctrl Pts',(9.75,6.70724524571035,-5.58602221805081));
#4286=CARTESIAN_POINT('Ctrl Pts',(9.75,6.7191510112438,-5.80430316525921));
#4287=CARTESIAN_POINT('Ctrl Pts',(9.75,6.76280750347707,-6.00274066525921));
#4288=CARTESIAN_POINT('',(10.15,6.76280750347707,-6.00274066525921));
#4289=CARTESIAN_POINT('Origin',(10.15,3.38143156482313,-6.58217477399334));
#4290=CARTESIAN_POINT('',(9.94415723537308,3.38143156482313,-6.58217477399334));
#4291=CARTESIAN_POINT('',(10.1368147799602,5.48486876203153,-5.08595584231838));
#4292=CARTESIAN_POINT('Origin',(-9.25,6.2,-4.57726801541268));
#4293=CARTESIAN_POINT('',(9.75,3.38143156482313,-6.58217477399334));
#4294=CARTESIAN_POINT('',(10.15,3.38143156482313,-6.58217477399334));
#4295=CARTESIAN_POINT('',(9.75,5.48486876203153,-5.08595584231838));
#4296=CARTESIAN_POINT('',(9.75,5.48486876203153,-5.08595584231838));
#4297=CARTESIAN_POINT('',(10.15,5.48486876203153,-5.08595584231838));
#4298=CARTESIAN_POINT('Ctrl Pts',(10.15,5.48486876203153,-5.08595584231838));
#4299=CARTESIAN_POINT('Ctrl Pts',(9.75,5.48486876203153,-5.08595584231838));
#4300=CARTESIAN_POINT('Ctrl Pts',(10.15,5.62774400426481,-4.98276749450191));
#4301=CARTESIAN_POINT('Ctrl Pts',(9.75,5.62774400426481,-4.98276749450191));
#4302=CARTESIAN_POINT('Ctrl Pts',(10.15,5.74680620147321,-4.75654886561856));
#4303=CARTESIAN_POINT('Ctrl Pts',(9.75,5.74680620147321,-4.75654886561856));
#4304=CARTESIAN_POINT('Ctrl Pts',(10.15,5.74680620147321,-4.58192441064342));
#4305=CARTESIAN_POINT('Ctrl Pts',(9.75,5.74680620147321,-4.58192441064342));
#4306=CARTESIAN_POINT('',(10.1447058596148,5.74680620147321,-4.58192441064342));
#4307=CARTESIAN_POINT('Ctrl Pts',(10.1368147799602,5.48486876203153,-5.08595584231838));
#4308=CARTESIAN_POINT('Ctrl Pts',(10.1377261802657,5.50957632335264,-5.06811137611523));
#4309=CARTESIAN_POINT('Ctrl Pts',(10.1385632026291,5.53358160536633,-5.04658686337824));
#4310=CARTESIAN_POINT('Ctrl Pts',(10.139322177178,5.55644397721391,-5.02220087947055));
#4311=CARTESIAN_POINT('Ctrl Pts',(10.1398838397564,5.573362777374,-5.00415456340184));
#4312=CARTESIAN_POINT('Ctrl Pts',(10.1404027600929,5.58965546418125,-4.98453939672862));
#4313=CARTESIAN_POINT('Ctrl Pts',(10.140877450897,5.60512885067871,-4.9636762404336));
#4314=CARTESIAN_POINT('Ctrl Pts',(10.1417123865362,5.632345054856,-4.9269799476343));
#4315=CARTESIAN_POINT('Ctrl Pts',(10.1424041174314,5.65679266151891,-4.88673385794825));
#4316=CARTESIAN_POINT('Ctrl Pts',(10.1429597158698,5.67740421171419,-4.84499420186975));
#4317=CARTESIAN_POINT('Ctrl Pts',(10.1432603433921,5.68855686952665,-4.82240938427753));
#4318=CARTESIAN_POINT('Ctrl Pts',(10.143521114601,5.69858677803956,-4.79938638074285));
#4319=CARTESIAN_POINT('Ctrl Pts',(10.1437431498708,5.70732704880341,-4.77624508963491));
#4320=CARTESIAN_POINT('Ctrl Pts',(10.1443775265278,5.73229886411678,-4.71012813933966));
#4321=CARTESIAN_POINT('Ctrl Pts',(10.1447058596148,5.74680620147321,-4.64287949788221));
#4322=CARTESIAN_POINT('Ctrl Pts',(10.1447058596148,5.74680620147321,-4.58192441064342));
#4323=CARTESIAN_POINT('',(9.75,5.74680620147321,-4.58192441064342));
#4324=CARTESIAN_POINT('Ctrl Pts',(9.75,5.48486876203153,-5.08595584231838));
#4325=CARTESIAN_POINT('Ctrl Pts',(9.75,5.62774400426481,-4.98276749450191));
#4326=CARTESIAN_POINT('Ctrl Pts',(9.75,5.74680620147321,-4.75654886561856));
#4327=CARTESIAN_POINT('Ctrl Pts',(9.75,5.74680620147321,-4.58192441064342));
#4328=CARTESIAN_POINT('',(10.15,5.74680620147321,-4.58192441064342));
#4329=CARTESIAN_POINT('Origin',(10.15,5.74680620147321,-4.58192441064342));
#4330=CARTESIAN_POINT('',(10.1446127138742,5.74283736063573,-3.14126773673519));
#4331=CARTESIAN_POINT('',(10.1446592867445,5.74482178105447,-3.86159607368931));
#4332=CARTESIAN_POINT('',(9.75,5.74283736063573,-3.14126773673519));
#4333=CARTESIAN_POINT('',(9.75,5.74283736063573,-3.14126773673519));
#4334=CARTESIAN_POINT('',(10.15,5.74283736063573,-3.14126773673519));
#4335=CARTESIAN_POINT('Ctrl Pts',(10.15,9.47346296621893,-6.66155007678494));
#4336=CARTESIAN_POINT('Ctrl Pts',(9.75,9.47346296621893,-6.66155007678494));
#4337=CARTESIAN_POINT('Ctrl Pts',(10.15,9.40202534510229,-6.98301937180981));
#4338=CARTESIAN_POINT('Ctrl Pts',(9.75,9.40202534510229,-6.98301937180981));
#4339=CARTESIAN_POINT('Ctrl Pts',(10.15,9.29090007258985,-7.25686257678494));
#4340=CARTESIAN_POINT('Ctrl Pts',(9.75,9.29090007258985,-7.25686257678494));
#4341=CARTESIAN_POINT('Ctrl Pts',(10.15,9.14008790566061,-7.48705080348477));
#4342=CARTESIAN_POINT('Ctrl Pts',(9.75,9.14008790566061,-7.48705080348477));
#4343=CARTESIAN_POINT('',(9.87183150769803,9.47346296621893,-6.66155007678494));
#4344=CARTESIAN_POINT('',(9.92591935493546,9.14008790566061,-7.48705080348477));
#4345=CARTESIAN_POINT('Ctrl Pts',(9.87183150769803,9.47346296621893,-6.66155007678494));
#4346=CARTESIAN_POINT('Ctrl Pts',(9.87581288886843,9.45020585266854,-6.76620708776166));
#4347=CARTESIAN_POINT('Ctrl Pts',(9.88063330811429,9.42184036926099,-6.86987889243147));
#4348=CARTESIAN_POINT('Ctrl Pts',(9.8863658779613,9.38741168516579,-6.97138371655131));
#4349=CARTESIAN_POINT('Ctrl Pts',(9.88889079449514,9.37224753435205,-7.01609162513765));
#4350=CARTESIAN_POINT('Ctrl Pts',(9.891592665643,9.35590688948882,-7.06037972534213));
#4351=CARTESIAN_POINT('Ctrl Pts',(9.89447773859611,9.33830720554854,-7.10415021156603));
#4352=CARTESIAN_POINT('Ctrl Pts',(9.90117833613696,9.29743184438913,-7.20580740260397));
#4353=CARTESIAN_POINT('Ctrl Pts',(9.90883957408105,9.24994267180089,-7.30423417505483));
#4354=CARTESIAN_POINT('Ctrl Pts',(9.91743832246175,9.19489276837912,-7.39848675435764));
#4355=CARTESIAN_POINT('Ctrl Pts',(9.92017090223333,9.17739856505353,-7.42843910093402));
#4356=CARTESIAN_POINT('Ctrl Pts',(9.922998160496,9.15914059754894,-7.45797022299228));
#4357=CARTESIAN_POINT('Ctrl Pts',(9.92591935493546,9.14008790566061,-7.48705080348477));
#4358=CARTESIAN_POINT('',(9.75,9.47346296621893,-6.66155007678494));
#4359=CARTESIAN_POINT('',(10.15,9.47346296621893,-6.66155007678494));
#4360=CARTESIAN_POINT('',(9.75,9.14008790566061,-7.48705080348477));
#4361=CARTESIAN_POINT('Ctrl Pts',(9.75,9.47346296621893,-6.66155007678494));
#4362=CARTESIAN_POINT('Ctrl Pts',(9.75,9.40202534510229,-6.98301937180981));
#4363=CARTESIAN_POINT('Ctrl Pts',(9.75,9.29090007258985,-7.25686257678494));
#4364=CARTESIAN_POINT('Ctrl Pts',(9.75,9.14008790566061,-7.48705080348477));
#4365=CARTESIAN_POINT('',(10.15,9.14008790566061,-7.48705080348477));
#4366=CARTESIAN_POINT('Ctrl Pts',(10.15,9.14008790566061,-7.48705080348477));
#4367=CARTESIAN_POINT('Ctrl Pts',(9.75,9.14008790566061,-7.48705080348477));
#4368=CARTESIAN_POINT('Ctrl Pts',(10.15,8.98530689789388,-7.7172390301846));
#4369=CARTESIAN_POINT('Ctrl Pts',(9.75,8.98530689789388,-7.7172390301846));
#4370=CARTESIAN_POINT('Ctrl Pts',(10.15,8.79083823873136,-7.89186499911771));
#4371=CARTESIAN_POINT('Ctrl Pts',(9.75,8.79083823873136,-7.89186499911771));
#4372=CARTESIAN_POINT('Ctrl Pts',(10.15,8.54874424649809,-8.0148952801846));
#4373=CARTESIAN_POINT('Ctrl Pts',(9.75,8.54874424649809,-8.0148952801846));
#4374=CARTESIAN_POINT('',(10.0072947338026,8.54874424649809,-8.0148952801846));
#4375=CARTESIAN_POINT('Ctrl Pts',(9.92591935493546,9.14008790566061,-7.48705080348477));
#4376=CARTESIAN_POINT('Ctrl Pts',(9.93312576261388,9.09308608227495,-7.5569512811526));
#4377=CARTESIAN_POINT('Ctrl Pts',(9.94084607524769,9.0416288137163,-7.62291224082809));
#4378=CARTESIAN_POINT('Ctrl Pts',(9.94903868751405,8.98514361746757,-7.68448415120903));
#4379=CARTESIAN_POINT('Ctrl Pts',(9.95356221532124,8.95395547531965,-7.71848090825001));
#4380=CARTESIAN_POINT('Ctrl Pts',(9.95822973147135,8.92123390512661,-7.75114029985051));
#4381=CARTESIAN_POINT('Ctrl Pts',(9.96303423249093,8.88687840832658,-7.78239208032285));
#4382=CARTESIAN_POINT('Ctrl Pts',(9.97297368130714,8.81580449230339,-7.84704509447645));
#4383=CARTESIAN_POINT('Ctrl Pts',(9.98322207578387,8.73967720480322,-7.90390825903619));
#4384=CARTESIAN_POINT('Ctrl Pts',(9.99359124920992,8.65850503885138,-7.95359165106141));
#4385=CARTESIAN_POINT('Ctrl Pts',(9.99814112211682,8.62288763489023,-7.9753921466275));
#4386=CARTESIAN_POINT('Ctrl Pts',(10.002714249229,8.5862995237869,-7.99580998080247));
#4387=CARTESIAN_POINT('Ctrl Pts',(10.0072947338026,8.54874424649809,-8.01489528018459));
#4388=CARTESIAN_POINT('',(9.75,8.54874424649809,-8.0148952801846));
#4389=CARTESIAN_POINT('Ctrl Pts',(9.75,9.14008790566061,-7.48705080348477));
#4390=CARTESIAN_POINT('Ctrl Pts',(9.75,8.98530689789388,-7.7172390301846));
#4391=CARTESIAN_POINT('Ctrl Pts',(9.75,8.79083823873136,-7.89186499911771));
#4392=CARTESIAN_POINT('Ctrl Pts',(9.75,8.54874424649809,-8.0148952801846));
#4393=CARTESIAN_POINT('',(10.15,8.54874424649809,-8.0148952801846));
#4394=CARTESIAN_POINT('Ctrl Pts',(10.15,5.74283736063573,-3.14126773673519));
#4395=CARTESIAN_POINT('Ctrl Pts',(9.75,5.74283736063573,-3.14126773673519));
#4396=CARTESIAN_POINT('Ctrl Pts',(10.15,5.73886851979826,-3.14126773673519));
#4397=CARTESIAN_POINT('Ctrl Pts',(9.75,5.73886851979826,-3.14126773673519));
#4398=CARTESIAN_POINT('Ctrl Pts',(10.15,5.73886851979826,-3.1372996528767));
#4399=CARTESIAN_POINT('Ctrl Pts',(9.75,5.73886851979826,-3.1372996528767));
#4400=CARTESIAN_POINT('',(10.1445187555136,5.73886851979826,-3.1372996528767));
#4401=CARTESIAN_POINT('Ctrl Pts',(10.1446127138742,5.74283736063573,-3.14126773673519));
#4402=CARTESIAN_POINT('Ctrl Pts',(10.1445979667242,5.7422117293219,-3.14126773673519));
#4403=CARTESIAN_POINT('Ctrl Pts',(10.1445825902274,5.74156080484791,-3.14119378443476));
#4404=CARTESIAN_POINT('Ctrl Pts',(10.144568696381,5.74097376833475,-3.1409748437336));
#4405=CARTESIAN_POINT('Ctrl Pts',(10.1445595449594,5.74058710660711,-3.14083063466335));
#4406=CARTESIAN_POINT('Ctrl Pts',(10.1445511734573,5.74023389490916,-3.14062578422213));
#4407=CARTESIAN_POINT('Ctrl Pts',(10.1445440099292,5.73993191055954,-3.14034441766462));
#4408=CARTESIAN_POINT('Ctrl Pts',(10.1445374923236,5.73965715560426,-3.14008842143162));
#4409=CARTESIAN_POINT('Ctrl Pts',(10.1445324132334,5.73944327368924,-3.13978629973552));
#4410=CARTESIAN_POINT('Ctrl Pts',(10.1445285757556,5.73928173012246,-3.1394472560134));
#4411=CARTESIAN_POINT('Ctrl Pts',(10.1445250957171,5.73913523342269,-3.13913979229103));
#4412=CARTESIAN_POINT('Ctrl Pts',(10.1445227408179,5.73903616189621,-3.13881113300407));
#4413=CARTESIAN_POINT('Ctrl Pts',(10.1445212113999,5.73897182238005,-3.13847673732703));
#4414=CARTESIAN_POINT('Ctrl Pts',(10.1445194480328,5.73889764109938,-3.13809119044924));
#4415=CARTESIAN_POINT('Ctrl Pts',(10.1445187555136,5.73886851979826,-3.13769213852187));
#4416=CARTESIAN_POINT('Ctrl Pts',(10.1445187555136,5.73886851979826,-3.1372996528767));
#4417=CARTESIAN_POINT('',(9.75,5.73886851979826,-3.1372996528767));
#4418=CARTESIAN_POINT('Ctrl Pts',(9.75,5.74283736063573,-3.14126773673519));
#4419=CARTESIAN_POINT('Ctrl Pts',(9.75,5.73886851979826,-3.14126773673519));
#4420=CARTESIAN_POINT('Ctrl Pts',(9.75,5.73886851979826,-3.1372996528767));
#4421=CARTESIAN_POINT('',(10.15,5.73886851979826,-3.1372996528767));
#4422=CARTESIAN_POINT('Ctrl Pts',(10.15,8.54874424649809,-8.0148952801846));
#4423=CARTESIAN_POINT('Ctrl Pts',(9.75,8.54874424649809,-8.0148952801846));
#4424=CARTESIAN_POINT('Ctrl Pts',(10.15,8.30665025426481,-8.13792556125149));
#4425=CARTESIAN_POINT('Ctrl Pts',(9.75,8.30665025426481,-8.13792556125149));
#4426=CARTESIAN_POINT('Ctrl Pts',(10.15,8.00899400426481,-8.20142701465115));
#4427=CARTESIAN_POINT('Ctrl Pts',(9.75,8.00899400426481,-8.20142701465115));
#4428=CARTESIAN_POINT('Ctrl Pts',(10.15,7.65577549649809,-8.20142701465115));
#4429=CARTESIAN_POINT('Ctrl Pts',(9.75,7.65577549649809,-8.20142701465115));
#4430=CARTESIAN_POINT('',(10.0953022127801,7.65577549649809,-8.20142701465115));
#4431=CARTESIAN_POINT('Ctrl Pts',(10.0072947338026,8.54874424649809,-8.0148952801846));
#4432=CARTESIAN_POINT('Ctrl Pts',(10.0176316860433,8.4639918362494,-8.05796579489586));
#4433=CARTESIAN_POINT('Ctrl Pts',(10.0278627090272,8.37534592341231,-8.09225960921103));
#4434=CARTESIAN_POINT('Ctrl Pts',(10.0377081982949,8.28426655574221,-8.11907784629414));
#4435=CARTESIAN_POINT('Ctrl Pts',(10.0419583725744,8.24494873462205,-8.13065494301061));
#4436=CARTESIAN_POINT('Ctrl Pts',(10.0461367010786,8.20517680822616,-8.14083910506589));
#4437=CARTESIAN_POINT('Ctrl Pts',(10.0502206905476,8.16506521422982,-8.14973538373592));
#4438=CARTESIAN_POINT('Ctrl Pts',(10.0596101648842,8.07284490237845,-8.17018876171292));
#4439=CARTESIAN_POINT('Ctrl Pts',(10.0685020275735,7.978739090041,-8.18385507502226));
#4440=CARTESIAN_POINT('Ctrl Pts',(10.0767516681339,7.88409041977747,-8.19197169243374));
#4441=CARTESIAN_POINT('Ctrl Pts',(10.0833739562918,7.80811247096117,-8.19848719804553));
#4442=CARTESIAN_POINT('Ctrl Pts',(10.0895824055015,7.73178405734401,-8.20142701465115));
#4443=CARTESIAN_POINT('Ctrl Pts',(10.0953022127801,7.65577549649809,-8.20142701465115));
#4444=CARTESIAN_POINT('',(9.75,7.65577549649809,-8.20142701465115));
#4445=CARTESIAN_POINT('Ctrl Pts',(9.75,8.54874424649809,-8.0148952801846));
#4446=CARTESIAN_POINT('Ctrl Pts',(9.75,8.30665025426481,-8.13792556125149));
#4447=CARTESIAN_POINT('Ctrl Pts',(9.75,8.00899400426481,-8.20142701465115));
#4448=CARTESIAN_POINT('Ctrl Pts',(9.75,7.65577549649809,-8.20142701465115));
#4449=CARTESIAN_POINT('',(10.15,7.65577549649809,-8.20142701465115));
#4450=CARTESIAN_POINT('Origin',(10.15,5.73886851979825,-3.1372996528767));
#4451=CARTESIAN_POINT('',(9.94821622471814,3.40921269370649,-3.1372996528767));
#4452=CARTESIAN_POINT('Origin',(-9.25,6.2,-3.1372996528767));
#4453=CARTESIAN_POINT('',(9.75,3.40921269370649,-3.1372996528767));
#4454=CARTESIAN_POINT('',(9.75,3.40921269370649,-3.1372996528767));
#4455=CARTESIAN_POINT('',(10.15,3.40921269370649,-3.1372996528767));
#4456=CARTESIAN_POINT('Ctrl Pts',(10.15,7.65577549649809,-8.20142701465115));
#4457=CARTESIAN_POINT('Ctrl Pts',(9.75,7.65577549649809,-8.20142701465115));
#4458=CARTESIAN_POINT('Ctrl Pts',(10.15,7.1160260112438,-8.20142701465115));
#4459=CARTESIAN_POINT('Ctrl Pts',(9.75,7.1160260112438,-8.20142701465115));
#4460=CARTESIAN_POINT('Ctrl Pts',(10.15,6.6993068070564,-8.04267640906796));
#4461=CARTESIAN_POINT('Ctrl Pts',(9.75,6.6993068070564,-8.04267640906796));
#4462=CARTESIAN_POINT('Ctrl Pts',(10.15,6.41355707956884,-7.72120862800107));
#4463=CARTESIAN_POINT('Ctrl Pts',(9.75,6.41355707956884,-7.72120862800107));
#4464=CARTESIAN_POINT('',(10.1488245358776,6.41355707956884,-7.72120862800107));
#4465=CARTESIAN_POINT('Ctrl Pts',(10.0953022127801,7.65577549649808,-8.20142701465115));
#4466=CARTESIAN_POINT('Ctrl Pts',(10.1125158364331,7.42702954456722,-8.20142701465115));
#4467=CARTESIAN_POINT('Ctrl Pts',(10.1256757808527,7.19496495007151,-8.1729461241406));
#4468=CARTESIAN_POINT('Ctrl Pts',(10.138743336553,6.86974730024846,-8.05781269830442));
#4469=CARTESIAN_POINT('Ctrl Pts',(10.1419807869447,6.76604888712449,-8.00740513710363));
#4470=CARTESIAN_POINT('Ctrl Pts',(10.146617253122,6.57451724012279,-7.88053122512507));
#4471=CARTESIAN_POINT('Ctrl Pts',(10.1479912379481,6.48925112985484,-7.80636425911698));
#4472=CARTESIAN_POINT('Ctrl Pts',(10.1488245358776,6.41355707956884,-7.72120862800107));
#4473=CARTESIAN_POINT('',(9.75,6.41355707956884,-7.72120862800107));
#4474=CARTESIAN_POINT('Ctrl Pts',(9.75,7.65577549649809,-8.20142701465115));
#4475=CARTESIAN_POINT('Ctrl Pts',(9.75,7.1160260112438,-8.20142701465115));
#4476=CARTESIAN_POINT('Ctrl Pts',(9.75,6.6993068070564,-8.04267640906796));
#4477=CARTESIAN_POINT('Ctrl Pts',(9.75,6.41355707956884,-7.72120862800107));
#4478=CARTESIAN_POINT('',(10.15,6.41355707956884,-7.72120862800107));
#4479=CARTESIAN_POINT('Ctrl Pts',(10.15,3.40921269370649,-3.1372996528767));
#4480=CARTESIAN_POINT('Ctrl Pts',(9.75,3.40921269370649,-3.1372996528767));
#4481=CARTESIAN_POINT('Ctrl Pts',(10.15,3.23458823873136,-3.1372996528767));
#4482=CARTESIAN_POINT('Ctrl Pts',(9.75,3.23458823873136,-3.1372996528767));
#4483=CARTESIAN_POINT('Ctrl Pts',(10.15,3.12346296621892,-2.99442441064342));
#4484=CARTESIAN_POINT('Ctrl Pts',(9.75,3.12346296621892,-2.99442441064342));
#4485=CARTESIAN_POINT('Ctrl Pts',(10.15,3.12346296621892,-2.8197999556683));
#4486=CARTESIAN_POINT('Ctrl Pts',(9.75,3.12346296621892,-2.8197999556683));
#4487=CARTESIAN_POINT('',(9.90450129551207,3.12346296621892,-2.8197999556683));
#4488=CARTESIAN_POINT('Ctrl Pts',(9.94821622471814,3.40921269370649,-3.1372996528767));
#4489=CARTESIAN_POINT('Ctrl Pts',(9.94544486159448,3.39014809915092,-3.1372996528767));
#4490=CARTESIAN_POINT('Ctrl Pts',(9.94267234073489,3.37129406571022,-3.13559711533317));
#4491=CARTESIAN_POINT('Ctrl Pts',(9.93992952798205,3.35280790648764,-3.13204311784624));
#4492=CARTESIAN_POINT('Ctrl Pts',(9.93732696947089,3.33526704046484,-3.12867085468367));
#4493=CARTESIAN_POINT('Ctrl Pts',(9.9347511584883,3.31805718590973,-3.1236309297366));
#4494=CARTESIAN_POINT('Ctrl Pts',(9.93222846388273,3.30136064592599,-3.11679800608453));
#4495=CARTESIAN_POINT('Ctrl Pts',(9.93209251357944,3.30046085422323,-3.11642977362357));
#4496=CARTESIAN_POINT('Ctrl Pts',(9.93195671753833,3.2995625659139,-3.11605633590931));
#4497=CARTESIAN_POINT('Ctrl Pts',(9.93182107988642,3.29866581393575,-3.11567767413406));
#4498=CARTESIAN_POINT('Ctrl Pts',(9.92835670954529,3.27576154721699,-3.10600613673247));
#4499=CARTESIAN_POINT('Ctrl Pts',(9.92510826188309,3.2545658413993,-3.09322328141451));
#4500=CARTESIAN_POINT('Ctrl Pts',(9.92214232242391,3.23538356483148,-3.07763307127693));
#4501=CARTESIAN_POINT('Ctrl Pts',(9.92104733707512,3.22830172378671,-3.07187737332009));
#4502=CARTESIAN_POINT('Ctrl Pts',(9.91999085725718,3.22149466752244,-3.06573938079519));
#4503=CARTESIAN_POINT('Ctrl Pts',(9.91897623353399,3.21497903554947,-3.0592356852874));
#4504=CARTESIAN_POINT('Ctrl Pts',(9.91650408654761,3.19910359367085,-3.04338932679778));
#4505=CARTESIAN_POINT('Ctrl Pts',(9.91433259564552,3.185280258281,-3.02569566165466));
#4506=CARTESIAN_POINT('Ctrl Pts',(9.91247654355108,3.17353022743707,-3.00663349544922));
#4507=CARTESIAN_POINT('Ctrl Pts',(9.9113286885971,3.16626355041118,-2.99484470892866));
#4508=CARTESIAN_POINT('Ctrl Pts',(9.91030147850352,3.15978942559548,-2.9825315612495));
#4509=CARTESIAN_POINT('Ctrl Pts',(9.90939840986267,3.15410890343207,-2.96979816964782));
#4510=CARTESIAN_POINT('Ctrl Pts',(9.90809839028422,3.14593146298704,-2.95146771542362));
#4511=CARTESIAN_POINT('Ctrl Pts',(9.90706389798712,3.13945512831944,-2.93239537202655));
#4512=CARTESIAN_POINT('Ctrl Pts',(9.90628770433697,3.13460540790479,-2.91289075051656));
#4513=CARTESIAN_POINT('Ctrl Pts',(9.90609654061014,3.13341100154971,-2.90808708311037));
#4514=CARTESIAN_POINT('Ctrl Pts',(9.90592104413923,3.13231520963273,-2.90325695148543));
#4515=CARTESIAN_POINT('Ctrl Pts',(9.90576110693948,3.1313168273892,-2.89840451250767));
#4516=CARTESIAN_POINT('Ctrl Pts',(9.905109974544,3.12725223814514,-2.87864938224136));
#4517=CARTESIAN_POINT('Ctrl Pts',(9.90471787896766,3.12481068620691,-2.85857024704216));
#4518=CARTESIAN_POINT('Ctrl Pts',(9.90456949363925,3.12388724592291,-2.83840993061148));
#4519=CARTESIAN_POINT('Ctrl Pts',(9.90452387981898,3.12360337931966,-2.83221262620018));
#4520=CARTESIAN_POINT('Ctrl Pts',(9.90450129551207,3.12346296621892,-2.8260072724019));
#4521=CARTESIAN_POINT('Ctrl Pts',(9.90450129551207,3.12346296621892,-2.8197999556683));
#4522=CARTESIAN_POINT('',(9.75,3.12346296621892,-2.8197999556683));
#4523=CARTESIAN_POINT('Ctrl Pts',(9.75,3.40921269370649,-3.1372996528767));
#4524=CARTESIAN_POINT('Ctrl Pts',(9.75,3.23458823873136,-3.1372996528767));
#4525=CARTESIAN_POINT('Ctrl Pts',(9.75,3.12346296621892,-2.99442441064342));
#4526=CARTESIAN_POINT('Ctrl Pts',(9.75,3.12346296621892,-2.8197999556683));
#4527=CARTESIAN_POINT('',(10.15,3.12346296621892,-2.8197999556683));
#4528=CARTESIAN_POINT('Ctrl Pts',(10.15,6.41355707956884,-7.72120862800107));
#4529=CARTESIAN_POINT('Ctrl Pts',(9.75,6.41355707956884,-7.72120862800107));
#4530=CARTESIAN_POINT('Ctrl Pts',(10.15,6.1238385112438,-7.39974084693417));
#4531=CARTESIAN_POINT('Ctrl Pts',(9.75,6.1238385112438,-7.39974084693417));
#4532=CARTESIAN_POINT('Ctrl Pts',(10.15,5.9254010112438,-6.73299072581753));
#4533=CARTESIAN_POINT('Ctrl Pts',(9.75,5.9254010112438,-6.73299072581753));
#4534=CARTESIAN_POINT('',(10.15,6.2,-7.41532069434925));
#4535=CARTESIAN_POINT('Ctrl Pts',(10.1488245358776,6.41355707956884,-7.72120862800106));
#4536=CARTESIAN_POINT('Ctrl Pts',(10.1493719203762,6.36383446740207,-7.66603709414146));
#4537=CARTESIAN_POINT('Ctrl Pts',(10.1496895166491,6.31836392563847,-7.60571195550254));
#4538=CARTESIAN_POINT('Ctrl Pts',(10.1498536304725,6.27681310874565,-7.5425672890912));
#4539=CARTESIAN_POINT('Ctrl Pts',(10.1499612960571,6.24955402174112,-7.50114172674861));
#4540=CARTESIAN_POINT('Ctrl Pts',(10.1500029041315,6.22398151355912,-7.45850431584438));
#4541=CARTESIAN_POINT('Ctrl Pts',(10.15,6.19999999999987,-7.41532069434902));
#4542=CARTESIAN_POINT('',(9.75,5.9254010112438,-6.73299072581753));
#4543=CARTESIAN_POINT('Ctrl Pts',(9.75,6.41355707956884,-7.72120862800107));
#4544=CARTESIAN_POINT('Ctrl Pts',(9.75,6.1238385112438,-7.39974084693417));
#4545=CARTESIAN_POINT('Ctrl Pts',(9.75,5.9254010112438,-6.73299072581753));
#4546=CARTESIAN_POINT('',(10.1480564850032,5.9254010112438,-6.73299072581753));
#4547=CARTESIAN_POINT('',(10.15,5.9254010112438,-6.73299072581753));
#4548=CARTESIAN_POINT('Ctrl Pts',(10.15,6.19999999999987,-7.41532069434902));
#4549=CARTESIAN_POINT('Ctrl Pts',(10.1499994700985,6.18127520774278,-7.38160287502074));
#4550=CARTESIAN_POINT('Ctrl Pts',(10.1499730021989,6.16352033514878,-7.34755225368574));
#4551=CARTESIAN_POINT('Ctrl Pts',(10.1499267544134,6.1466903067442,-7.31348408550373));
#4552=CARTESIAN_POINT('Ctrl Pts',(10.149809035852,6.10385135328368,-7.22676737676448));
#4553=CARTESIAN_POINT('Ctrl Pts',(10.1495685233055,6.06504186849342,-7.13595408974874));
#4554=CARTESIAN_POINT('Ctrl Pts',(10.1492604302486,6.02987179480554,-7.04359657671627));
#4555=CARTESIAN_POINT('Ctrl Pts',(10.1489174705084,5.99072154761549,-6.94078702626813));
#4556=CARTESIAN_POINT('Ctrl Pts',(10.1484907686527,5.9560794154213,-6.83607018257857));
#4557=CARTESIAN_POINT('Ctrl Pts',(10.1480564850032,5.9254010112438,-6.73299072581753));
#4558=CARTESIAN_POINT('Origin',(10.15,3.12346296621892,-2.8197999556683));
#4559=CARTESIAN_POINT('',(9.90450129551207,3.12346296621892,-2.06176876622662));
#4560=CARTESIAN_POINT('',(9.90450129551207,3.12346296621891,22.));
#4561=CARTESIAN_POINT('',(9.75,3.12346296621892,-2.06176876622662));
#4562=CARTESIAN_POINT('',(9.75,3.12346296621892,-2.06176876622662));
#4563=CARTESIAN_POINT('',(10.15,3.12346296621892,-2.06176876622662));
#4564=CARTESIAN_POINT('Ctrl Pts',(10.15,3.12346296621892,-2.06176876622662));
#4565=CARTESIAN_POINT('Ctrl Pts',(9.75,3.12346296621892,-2.06176876622662));
#4566=CARTESIAN_POINT('Ctrl Pts',(10.15,3.12346296621892,-1.88714431125149));
#4567=CARTESIAN_POINT('Ctrl Pts',(9.75,3.12346296621892,-1.88714431125149));
#4568=CARTESIAN_POINT('Ctrl Pts',(10.15,3.23458748175237,-1.74426906901821));
#4569=CARTESIAN_POINT('Ctrl Pts',(9.75,3.23458748175237,-1.74426906901821));
#4570=CARTESIAN_POINT('Ctrl Pts',(10.15,3.40921269370649,-1.74426906901821));
#4571=CARTESIAN_POINT('Ctrl Pts',(9.75,3.40921269370649,-1.74426906901821));
#4572=CARTESIAN_POINT('',(9.94821622471814,3.40921269370649,-1.74426906901821));
#4573=CARTESIAN_POINT('Ctrl Pts',(9.90450129551207,3.12346296621892,-2.06176876622662));
#4574=CARTESIAN_POINT('Ctrl Pts',(9.90450129551207,3.12346296621892,-2.02729190491697));
#4575=CARTESIAN_POINT('Ctrl Pts',(9.90519834286314,3.12779036742707,-1.99409035776967));
#4576=CARTESIAN_POINT('Ctrl Pts',(9.90652320138817,3.13607555631433,-1.9629659047238));
#4577=CARTESIAN_POINT('Ctrl Pts',(9.90714591753678,3.13996979922165,-1.94833664494859));
#4578=CARTESIAN_POINT('Ctrl Pts',(9.90790733171401,3.14473913807657,-1.93416645975246));
#4579=CARTESIAN_POINT('Ctrl Pts',(9.90880025448174,3.15034873979494,-1.92054042624037));
#4580=CARTESIAN_POINT('Ctrl Pts',(9.91015252949646,3.15884412654099,-1.89990466093803));
#4581=CARTESIAN_POINT('Ctrl Pts',(9.9118234885656,3.16936817859605,-1.88027149057312));
#4582=CARTESIAN_POINT('Ctrl Pts',(9.9138002844045,3.18192148817624,-1.86207040742955));
#4583=CARTESIAN_POINT('Ctrl Pts',(9.91531998466942,3.19157208917372,-1.84807797061291));
#4584=CARTESIAN_POINT('Ctrl Pts',(9.91702043644678,3.20242162900807,-1.83493283544689));
#4585=CARTESIAN_POINT('Ctrl Pts',(9.91889580260195,3.21446257618674,-1.82284962064291));
#4586=CARTESIAN_POINT('Ctrl Pts',(9.92161994745767,3.23195317887491,-1.80529762027316));
#4587=CARTESIAN_POINT('Ctrl Pts',(9.92464695667043,3.25154936259563,-1.79039792389793));
#4588=CARTESIAN_POINT('Ctrl Pts',(9.92791125609686,3.27293512049683,-1.77845727914078));
#4589=CARTESIAN_POINT('Ctrl Pts',(9.92929936166572,3.28202916664852,-1.77337965809017));
#4590=CARTESIAN_POINT('Ctrl Pts',(9.9307303758838,3.29144728745096,-1.76883663889288));
#4591=CARTESIAN_POINT('Ctrl Pts',(9.93219925643407,3.30116718549343,-1.76484985157246));
#4592=CARTESIAN_POINT('Ctrl Pts',(9.93479620404908,3.31835174555511,-1.75780130169452));
#4593=CARTESIAN_POINT('Ctrl Pts',(9.93744853970278,3.33607649626081,-1.75265535872434));
#4594=CARTESIAN_POINT('Ctrl Pts',(9.94012759166138,3.35414158684979,-1.74927249562431));
#4595=CARTESIAN_POINT('Ctrl Pts',(9.94280664361998,3.37220667743876,-1.74588963252428));
#4596=CARTESIAN_POINT('Ctrl Pts',(9.94551241188349,3.39061278703724,-1.74426906901821));
#4597=CARTESIAN_POINT('Ctrl Pts',(9.94821622471814,3.40921269370649,-1.74426906901821));
#4598=CARTESIAN_POINT('',(9.75,3.40921269370649,-1.74426906901821));
#4599=CARTESIAN_POINT('Ctrl Pts',(9.75,3.12346296621892,-2.06176876622662));
#4600=CARTESIAN_POINT('Ctrl Pts',(9.75,3.12346296621892,-1.88714431125149));
#4601=CARTESIAN_POINT('Ctrl Pts',(9.75,3.23458748175237,-1.74426906901821));
#4602=CARTESIAN_POINT('Ctrl Pts',(9.75,3.40921269370649,-1.74426906901821));
#4603=CARTESIAN_POINT('',(10.15,3.40921269370649,-1.74426906901821));
#4604=CARTESIAN_POINT('Ctrl Pts',(10.15,6.76280750347707,-6.00274066525921));
#4605=CARTESIAN_POINT('Ctrl Pts',(9.75,6.76280750347707,-6.00274066525921));
#4606=CARTESIAN_POINT('Ctrl Pts',(10.15,6.80646323873136,-6.20117816525922));
#4607=CARTESIAN_POINT('Ctrl Pts',(9.75,6.80646323873136,-6.20117816525922));
#4608=CARTESIAN_POINT('Ctrl Pts',(10.15,6.86996317817304,-6.35595917302594));
#4609=CARTESIAN_POINT('Ctrl Pts',(9.75,6.86996317817304,-6.35595917302594));
#4610=CARTESIAN_POINT('Ctrl Pts',(10.15,6.94933848096464,-6.47105328637585));
#4611=CARTESIAN_POINT('Ctrl Pts',(9.75,6.94933848096464,-6.47105328637585));
#4612=CARTESIAN_POINT('',(10.135522738398,6.94933848096464,-6.47105328637585));
#4613=CARTESIAN_POINT('Ctrl Pts',(10.141834562878,6.76280750347707,-6.00274066525921));
#4614=CARTESIAN_POINT('Ctrl Pts',(10.1414982323308,6.7743959529724,-6.05541605678188));
#4615=CARTESIAN_POINT('Ctrl Pts',(10.1410921193387,6.78810667933177,-6.10830857314593));
#4616=CARTESIAN_POINT('Ctrl Pts',(10.1405846566208,6.80437787733885,-6.1602681813053));
#4617=CARTESIAN_POINT('Ctrl Pts',(10.1402276652298,6.81582438839231,-6.1968208819037));
#4618=CARTESIAN_POINT('Ctrl Pts',(10.1398205170433,6.82853810670326,-6.23291041569118));
#4619=CARTESIAN_POINT('Ctrl Pts',(10.1393522220539,6.84266663919372,-6.2681220481926));
#4620=CARTESIAN_POINT('Ctrl Pts',(10.1387799528132,6.85993209098126,-6.31115162282988));
#4621=CARTESIAN_POINT('Ctrl Pts',(10.1381067948163,6.87962158482257,-6.35364830833287));
#4622=CARTESIAN_POINT('Ctrl Pts',(10.1372909939024,6.90213565094827,-6.39446711578019));
#4623=CARTESIAN_POINT('Ctrl Pts',(10.1367646826736,6.9166605253437,-6.42080123276436));
#4624=CARTESIAN_POINT('Ctrl Pts',(10.1361790014368,6.93236083683727,-6.44643571858226));
#4625=CARTESIAN_POINT('Ctrl Pts',(10.135522738398,6.94933848096464,-6.47105328637585));
#4626=CARTESIAN_POINT('',(9.75,6.94933848096464,-6.47105328637585));
#4627=CARTESIAN_POINT('Ctrl Pts',(9.75,6.76280750347707,-6.00274066525921));
#4628=CARTESIAN_POINT('Ctrl Pts',(9.75,6.80646323873136,-6.20117816525922));
#4629=CARTESIAN_POINT('Ctrl Pts',(9.75,6.86996317817304,-6.35595917302594));
#4630=CARTESIAN_POINT('Ctrl Pts',(9.75,6.94933848096464,-6.47105328637585));
#4631=CARTESIAN_POINT('',(10.15,6.94933848096464,-6.47105328637585));
#4632=CARTESIAN_POINT('Ctrl Pts',(10.15,8.50508775426481,-5.58602221805081));
#4633=CARTESIAN_POINT('Ctrl Pts',(9.75,8.50508775426481,-5.58602221805081));
#4634=CARTESIAN_POINT('Ctrl Pts',(10.15,8.50905659510229,-5.41139776307568));
#4635=CARTESIAN_POINT('Ctrl Pts',(9.75,8.50905659510229,-5.41139776307568));
#4636=CARTESIAN_POINT('Ctrl Pts',(10.15,8.51699427677725,-5.12564727860913));
#4637=CARTESIAN_POINT('Ctrl Pts',(9.75,8.51699427677725,-5.12564727860913));
#4638=CARTESIAN_POINT('Ctrl Pts',(10.15,8.51699427677725,-4.951022823634));
#4639=CARTESIAN_POINT('Ctrl Pts',(9.75,8.51699427677725,-4.951022823634));
#4640=CARTESIAN_POINT('',(10.0125691548438,8.50508775426481,-5.58602221805081));
#4641=CARTESIAN_POINT('Ctrl Pts',(10.0125691548438,8.50508775426481,-5.58602221805081));
#4642=CARTESIAN_POINT('Ctrl Pts',(10.0125220857536,8.50548108922695,-5.56871592984253));
#4643=CARTESIAN_POINT('Ctrl Pts',(10.0124694823344,8.50591832132449,-5.55010618421586));
#4644=CARTESIAN_POINT('Ctrl Pts',(10.012413022973,8.50638805544986,-5.53041898108254));
#4645=CARTESIAN_POINT('Ctrl Pts',(10.0123496226756,8.50691553720931,-5.50831149519527));
#4646=CARTESIAN_POINT('Ctrl Pts',(10.0122813600847,8.50748398089162,-5.4848454562258));
#4647=CARTESIAN_POINT('Ctrl Pts',(10.0122106118112,8.50807432384255,-5.46041056381364));
#4648=CARTESIAN_POINT('Ctrl Pts',(10.0121285192349,8.50875932676059,-5.43205759952795));
#4649=CARTESIAN_POINT('Ctrl Pts',(10.0120430799203,8.50947370922723,-5.40240145314991));
#4650=CARTESIAN_POINT('Ctrl Pts',(10.0119580068442,8.51018491954648,-5.37213049699768));
#4651=CARTESIAN_POINT('Ctrl Pts',(10.0118621714571,8.51098610270955,-5.33803006321181));
#4652=CARTESIAN_POINT('Ctrl Pts',(10.011766800833,8.51178292131821,-5.30315489419732));
#4653=CARTESIAN_POINT('Ctrl Pts',(10.0116772028812,8.51252920673576,-5.26852827889937));
#4654=CARTESIAN_POINT('Ctrl Pts',(10.0116376959401,8.51285827066463,-5.25326016591524));
#4655=CARTESIAN_POINT('Ctrl Pts',(10.0115963093139,8.51320138727616,-5.2369398314577));
#4656=CARTESIAN_POINT('Ctrl Pts',(10.0115547911614,8.51354632845689,-5.21984156868546));
#4657=CARTESIAN_POINT('Ctrl Pts',(10.0115115330828,8.51390572529357,-5.20202675880953));
#4658=CARTESIAN_POINT('Ctrl Pts',(10.0114681322231,8.51426706962878,-5.18336764542638));
#4659=CARTESIAN_POINT('Ctrl Pts',(10.0114265658636,8.51461411741083,-5.16423252556183));
#4660=CARTESIAN_POINT('Ctrl Pts',(10.01137836271,8.51501657742402,-5.14204215008192));
#4661=CARTESIAN_POINT('Ctrl Pts',(10.0113326266447,8.51539970602619,-5.1192124126794));
#4662=CARTESIAN_POINT('Ctrl Pts',(10.011292441345,8.51573593836515,-5.09639003085886));
#4663=CARTESIAN_POINT('Ctrl Pts',(10.0112475587271,8.51611147339217,-5.07089990757));
#4664=CARTESIAN_POINT('Ctrl Pts',(10.0112096003924,8.51642809569143,-5.04542504203298));
#4665=CARTESIAN_POINT('Ctrl Pts',(10.0111828627121,8.51664892295753,-5.02089730148303));
#4666=CARTESIAN_POINT('Ctrl Pts',(10.0111626991918,8.51681545404837,-5.00240034926457));
#4667=CARTESIAN_POINT('Ctrl Pts',(10.0111489168876,8.516927477723,-4.9844438481257));
#4668=CARTESIAN_POINT('Ctrl Pts',(10.0111433583937,8.51697222182708,-4.96739671768503));
#4669=CARTESIAN_POINT('Ctrl Pts',(10.0111415460897,8.51698681029644,-4.96183863254035));
#4670=CARTESIAN_POINT('Ctrl Pts',(10.0111406080061,8.51699427677725,-4.95637683863688));
#4671=CARTESIAN_POINT('Ctrl Pts',(10.0111406080061,8.51699427677725,-4.951022823634));
#4672=CARTESIAN_POINT('',(9.75,8.50508775426481,-5.58602221805081));
#4673=CARTESIAN_POINT('',(10.15,8.50508775426481,-5.58602221805081));
#4674=CARTESIAN_POINT('Ctrl Pts',(9.75,8.50508775426481,-5.58602221805081));
#4675=CARTESIAN_POINT('Ctrl Pts',(9.75,8.50905659510229,-5.41139776307568));
#4676=CARTESIAN_POINT('Ctrl Pts',(9.75,8.51699427677725,-5.12564727860913));
#4677=CARTESIAN_POINT('Ctrl Pts',(9.75,8.51699427677725,-4.951022823634));
#4678=CARTESIAN_POINT('Ctrl Pts',(10.15,8.44952549649808,-6.00274066525921));
#4679=CARTESIAN_POINT('Ctrl Pts',(9.75,8.44952549649808,-6.00274066525921));
#4680=CARTESIAN_POINT('Ctrl Pts',(10.15,8.49715007258985,-5.80827276307568));
#4681=CARTESIAN_POINT('Ctrl Pts',(9.75,8.49715007258985,-5.80827276307568));
#4682=CARTESIAN_POINT('Ctrl Pts',(10.15,8.50508775426481,-5.58602221805081));
#4683=CARTESIAN_POINT('Ctrl Pts',(9.75,8.50508775426481,-5.58602221805081));
#4684=CARTESIAN_POINT('',(10.019136852506,8.44952549649808,-6.00274066525921));
#4685=CARTESIAN_POINT('Ctrl Pts',(10.019136852506,8.44952549649808,-6.00274066525921));
#4686=CARTESIAN_POINT('Ctrl Pts',(10.0172402080804,8.46577190093066,-5.93640087922228));
#4687=CARTESIAN_POINT('Ctrl Pts',(10.0157725229254,8.47817730837255,-5.869176643416));
#4688=CARTESIAN_POINT('Ctrl Pts',(10.0147000221347,8.48721075923594,-5.80145899336666));
#4689=CARTESIAN_POINT('Ctrl Pts',(10.0135686259983,8.4967402733332,-5.73002269393507));
#4690=CARTESIAN_POINT('Ctrl Pts',(10.012877004886,8.50251519158582,-5.65805250106407));
#4691=CARTESIAN_POINT('Ctrl Pts',(10.0125691548438,8.50508775426481,-5.58602221805081));
#4692=CARTESIAN_POINT('',(9.75,8.44952549649808,-6.00274066525921));
#4693=CARTESIAN_POINT('',(10.15,8.44952549649808,-6.00274066525921));
#4694=CARTESIAN_POINT('Ctrl Pts',(9.75,8.44952549649808,-6.00274066525921));
#4695=CARTESIAN_POINT('Ctrl Pts',(9.75,8.49715007258985,-5.80827276307568));
#4696=CARTESIAN_POINT('Ctrl Pts',(9.75,8.50508775426481,-5.58602221805081));
#4697=CARTESIAN_POINT('Ctrl Pts',(10.15,8.25902567817304,-6.47105328637585));
#4698=CARTESIAN_POINT('Ctrl Pts',(9.75,8.25902567817304,-6.47105328637585));
#4699=CARTESIAN_POINT('Ctrl Pts',(10.15,8.34236906482313,-6.35595917302594));
#4700=CARTESIAN_POINT('Ctrl Pts',(9.75,8.34236906482313,-6.35595917302594));
#4701=CARTESIAN_POINT('Ctrl Pts',(10.15,8.40586900426481,-6.20117816525922));
#4702=CARTESIAN_POINT('Ctrl Pts',(9.75,8.40586900426481,-6.20117816525922));
#4703=CARTESIAN_POINT('Ctrl Pts',(10.15,8.44952549649808,-6.00274066525921));
#4704=CARTESIAN_POINT('Ctrl Pts',(9.75,8.44952549649808,-6.00274066525921));
#4705=CARTESIAN_POINT('',(10.0404228376836,8.25902567817304,-6.47105328637585));
#4706=CARTESIAN_POINT('Ctrl Pts',(10.0404228376836,8.25902567817304,-6.47105328637585));
#4707=CARTESIAN_POINT('Ctrl Pts',(10.0373388704272,8.28791848559317,-6.43115339526427));
#4708=CARTESIAN_POINT('Ctrl Pts',(10.034593295142,8.31306111087564,-6.38836526483243));
#4709=CARTESIAN_POINT('Ctrl Pts',(10.03215924216,8.33503725154323,-6.3440330704492));
#4710=CARTESIAN_POINT('Ctrl Pts',(10.0308094220775,8.3472242648197,-6.31944836061794));
#4711=CARTESIAN_POINT('Ctrl Pts',(10.0295554053816,8.35843729571565,-6.29439003043721));
#4712=CARTESIAN_POINT('Ctrl Pts',(10.0283926095997,8.36877347598385,-6.26909335184191));
#4713=CARTESIAN_POINT('Ctrl Pts',(10.0262183251496,8.38810085606239,-6.2217916882438));
#4714=CARTESIAN_POINT('Ctrl Pts',(10.0243211697783,8.40472536960432,-6.17276270234875));
#4715=CARTESIAN_POINT('Ctrl Pts',(10.0226682817133,8.41907837642137,-6.12311940411863));
#4716=CARTESIAN_POINT('Ctrl Pts',(10.021338809635,8.43062297052109,-6.08318967126592));
#4717=CARTESIAN_POINT('Ctrl Pts',(10.0201673665948,8.44069824957991,-6.04286429225529));
#4718=CARTESIAN_POINT('Ctrl Pts',(10.019136852506,8.44952549649808,-6.00274066525921));
#4719=CARTESIAN_POINT('',(9.75,8.25902567817304,-6.47105328637585));
#4720=CARTESIAN_POINT('',(10.15,8.25902567817304,-6.47105328637585));
#4721=CARTESIAN_POINT('Ctrl Pts',(9.75,8.25902567817304,-6.47105328637585));
#4722=CARTESIAN_POINT('Ctrl Pts',(9.75,8.34236906482313,-6.35595917302594));
#4723=CARTESIAN_POINT('Ctrl Pts',(9.75,8.40586900426481,-6.20117816525922));
#4724=CARTESIAN_POINT('Ctrl Pts',(9.75,8.44952549649808,-6.00274066525921));
#4725=CARTESIAN_POINT('Ctrl Pts',(10.15,7.969307109848,-6.71711536246762));
#4726=CARTESIAN_POINT('Ctrl Pts',(9.75,7.969307109848,-6.71711536246762));
#4727=CARTESIAN_POINT('Ctrl Pts',(10.15,8.08043162538145,-6.66949078637585));
#4728=CARTESIAN_POINT('Ctrl Pts',(9.75,8.08043162538145,-6.66949078637585));
#4729=CARTESIAN_POINT('Ctrl Pts',(10.15,8.17568229152296,-6.58614739972577));
#4730=CARTESIAN_POINT('Ctrl Pts',(9.75,8.17568229152296,-6.58614739972577));
#4731=CARTESIAN_POINT('Ctrl Pts',(10.15,8.25902567817304,-6.47105328637585));
#4732=CARTESIAN_POINT('Ctrl Pts',(9.75,8.25902567817304,-6.47105328637585));
#4733=CARTESIAN_POINT('',(10.069149886862,7.969307109848,-6.71711536246762));
#4734=CARTESIAN_POINT('Ctrl Pts',(10.069149886862,7.969307109848,-6.71711536246762));
#4735=CARTESIAN_POINT('Ctrl Pts',(10.064417674462,8.02097836586883,-6.69497063902556));
#4736=CARTESIAN_POINT('Ctrl Pts',(10.0598830537047,8.0682463528814,-6.66551725212557));
#4737=CARTESIAN_POINT('Ctrl Pts',(10.0555761793439,8.1117350227807,-6.63011186305309));
#4738=CARTESIAN_POINT('Ctrl Pts',(10.0551756675465,8.11577919121607,-6.62681938808753));
#4739=CARTESIAN_POINT('Ctrl Pts',(10.0547771252571,8.11979064891845,-6.62347546571275));
#4740=CARTESIAN_POINT('Ctrl Pts',(10.0543805767259,8.12376987941106,-6.62008120027395));
#4741=CARTESIAN_POINT('Ctrl Pts',(10.0509348729793,8.15834635198736,-6.59058762706194));
#4742=CARTESIAN_POINT('Ctrl Pts',(10.0476879708652,8.19000780146054,-6.55770042978818));
#4743=CARTESIAN_POINT('Ctrl Pts',(10.0446456098595,8.21907707171525,-6.52265596688704));
#4744=CARTESIAN_POINT('Ctrl Pts',(10.0431910560654,8.23297509935218,-6.50590119768733));
#4745=CARTESIAN_POINT('Ctrl Pts',(10.0417832562622,8.24628030549666,-6.48865417141862));
#4746=CARTESIAN_POINT('Ctrl Pts',(10.0404228376836,8.25902567817304,-6.47105328637585));
#4747=CARTESIAN_POINT('',(9.75,7.969307109848,-6.71711536246762));
#4748=CARTESIAN_POINT('',(10.15,7.969307109848,-6.71711536246762));
#4749=CARTESIAN_POINT('Ctrl Pts',(9.75,7.969307109848,-6.71711536246762));
#4750=CARTESIAN_POINT('Ctrl Pts',(9.75,8.08043162538145,-6.66949078637585));
#4751=CARTESIAN_POINT('Ctrl Pts',(9.75,8.17568229152296,-6.58614739972577));
#4752=CARTESIAN_POINT('Ctrl Pts',(9.75,8.25902567817304,-6.47105328637585));
#4753=CARTESIAN_POINT('Ctrl Pts',(10.15,7.60418207956884,-6.79252106744275));
#4754=CARTESIAN_POINT('Ctrl Pts',(9.75,7.60418207956884,-6.79252106744275));
#4755=CARTESIAN_POINT('Ctrl Pts',(10.15,7.73911964012716,-6.79252106744275));
#4756=CARTESIAN_POINT('Ctrl Pts',(9.75,7.73911964012716,-6.79252106744275));
#4757=CARTESIAN_POINT('Ctrl Pts',(10.15,7.85818183733556,-6.76473993855939));
#4758=CARTESIAN_POINT('Ctrl Pts',(9.75,7.85818183733556,-6.76473993855939));
#4759=CARTESIAN_POINT('Ctrl Pts',(10.15,7.969307109848,-6.71711536246762));
#4760=CARTESIAN_POINT('Ctrl Pts',(9.75,7.969307109848,-6.71711536246762));
#4761=CARTESIAN_POINT('',(10.0991155531052,7.60418207956884,-6.79252106744275));
#4762=CARTESIAN_POINT('Ctrl Pts',(10.0991155531052,7.60418207956884,-6.79252106744275));
#4763=CARTESIAN_POINT('Ctrl Pts',(10.0959434727963,7.64789218620897,-6.79252106744275));
#4764=CARTESIAN_POINT('Ctrl Pts',(10.0926552338553,7.6911674595593,-6.78960635391125));
#4765=CARTESIAN_POINT('Ctrl Pts',(10.0892444902286,7.73415813818032,-6.78354957023676));
#4766=CARTESIAN_POINT('Ctrl Pts',(10.0876392835938,7.75439094665602,-6.78069905128718));
#4767=CARTESIAN_POINT('Ctrl Pts',(10.0860069427953,7.77456133393381,-6.7771525244931));
#4768=CARTESIAN_POINT('Ctrl Pts',(10.0843468063036,7.79468917773275,-6.77288677160724));
#4769=CARTESIAN_POINT('Ctrl Pts',(10.0797656518488,7.85023205733489,-6.76111540646161));
#4770=CARTESIAN_POINT('Ctrl Pts',(10.0751112336116,7.90377848471753,-6.74422489509148));
#4771=CARTESIAN_POINT('Ctrl Pts',(10.0703498292778,7.95615625602082,-6.72264278867705));
#4772=CARTESIAN_POINT('Ctrl Pts',(10.0699506072168,7.96054789351785,-6.72083322737964));
#4773=CARTESIAN_POINT('Ctrl Pts',(10.0695506330373,7.96493134298224,-6.71899066983332));
#4774=CARTESIAN_POINT('Ctrl Pts',(10.069149886862,7.969307109848,-6.71711536246762));
#4775=CARTESIAN_POINT('',(9.75,7.60418207956884,-6.79252106744275));
#4776=CARTESIAN_POINT('',(10.15,7.60418207956884,-6.79252106744275));
#4777=CARTESIAN_POINT('Ctrl Pts',(9.75,7.60418207956884,-6.79252106744275));
#4778=CARTESIAN_POINT('Ctrl Pts',(9.75,7.73911964012716,-6.79252106744275));
#4779=CARTESIAN_POINT('Ctrl Pts',(9.75,7.85818183733556,-6.76473993855939));
#4780=CARTESIAN_POINT('Ctrl Pts',(9.75,7.969307109848,-6.71711536246762));
#4781=CARTESIAN_POINT('Ctrl Pts',(10.15,7.23905704928968,-6.71711536246762));
#4782=CARTESIAN_POINT('Ctrl Pts',(9.75,7.23905704928968,-6.71711536246762));
#4783=CARTESIAN_POINT('Ctrl Pts',(10.15,7.35018232180212,-6.76870802241787));
#4784=CARTESIAN_POINT('Ctrl Pts',(9.75,7.35018232180212,-6.76870802241787));
#4785=CARTESIAN_POINT('Ctrl Pts',(10.15,7.473213359848,-6.79252106744275));
#4786=CARTESIAN_POINT('Ctrl Pts',(9.75,7.473213359848,-6.79252106744275));
#4787=CARTESIAN_POINT('Ctrl Pts',(10.15,7.60418207956884,-6.79252106744275));
#4788=CARTESIAN_POINT('Ctrl Pts',(9.75,7.60418207956884,-6.79252106744275));
#4789=CARTESIAN_POINT('',(10.1221542541949,7.23905704928968,-6.71711536246762));
#4790=CARTESIAN_POINT('Ctrl Pts',(10.1221542541949,7.23905704928968,-6.71711536246762));
#4791=CARTESIAN_POINT('Ctrl Pts',(10.119156327246,7.29495032611869,-6.74306520051748));
#4792=CARTESIAN_POINT('Ctrl Pts',(10.1157761374671,7.35341669297601,-6.76178390672391));
#4793=CARTESIAN_POINT('Ctrl Pts',(10.1119934321908,7.41375876178156,-6.7740800865782));
#4794=CARTESIAN_POINT('Ctrl Pts',(10.108630609293,7.4674028275638,-6.78501138366547));
#4795=CARTESIAN_POINT('Ctrl Pts',(10.1049874238447,7.52190888413303,-6.7907407304156));
#4796=CARTESIAN_POINT('Ctrl Pts',(10.1010986711069,7.57658087577568,-6.79216405894657));
#4797=CARTESIAN_POINT('Ctrl Pts',(10.1004445251952,7.58577751599099,-6.79240348392477));
#4798=CARTESIAN_POINT('Ctrl Pts',(10.0997834306546,7.59497897117762,-6.79252106744275));
#4799=CARTESIAN_POINT('Ctrl Pts',(10.0991155531052,7.60418207956884,-6.79252106744275));
#4800=CARTESIAN_POINT('',(9.75,7.23905704928968,-6.71711536246762));
#4801=CARTESIAN_POINT('',(10.15,7.23905704928968,-6.71711536246762));
#4802=CARTESIAN_POINT('Ctrl Pts',(9.75,7.23905704928968,-6.71711536246762));
#4803=CARTESIAN_POINT('Ctrl Pts',(9.75,7.35018232180212,-6.76870802241787));
#4804=CARTESIAN_POINT('Ctrl Pts',(9.75,7.473213359848,-6.79252106744275));
#4805=CARTESIAN_POINT('Ctrl Pts',(9.75,7.60418207956884,-6.79252106744275));
#4806=CARTESIAN_POINT('Ctrl Pts',(10.15,6.94933848096464,-6.47105328637585));
#4807=CARTESIAN_POINT('Ctrl Pts',(9.75,6.94933848096464,-6.47105328637585));
#4808=CARTESIAN_POINT('Ctrl Pts',(10.15,7.03268186761472,-6.58614588576779));
#4809=CARTESIAN_POINT('Ctrl Pts',(9.75,7.03268186761472,-6.58614588576779));
#4810=CARTESIAN_POINT('Ctrl Pts',(10.15,7.12793177677724,-6.66949078637585));
#4811=CARTESIAN_POINT('Ctrl Pts',(9.75,7.12793177677724,-6.66949078637585));
#4812=CARTESIAN_POINT('Ctrl Pts',(10.15,7.23905704928968,-6.71711536246762));
#4813=CARTESIAN_POINT('Ctrl Pts',(9.75,7.23905704928968,-6.71711536246762));
#4814=CARTESIAN_POINT('Ctrl Pts',(10.135522738398,6.94933848096464,-6.47105328637586));
#4815=CARTESIAN_POINT('Ctrl Pts',(10.1344995178219,6.9758093832976,-6.50760813589908));
#4816=CARTESIAN_POINT('Ctrl Pts',(10.1333306855227,7.00470155745122,-6.54264630890318));
#4817=CARTESIAN_POINT('Ctrl Pts',(10.1319659202902,7.03631764132224,-6.57492646609089));
#4818=CARTESIAN_POINT('Ctrl Pts',(10.1313119601039,7.05146725065017,-6.59039428216935));
#4819=CARTESIAN_POINT('Ctrl Pts',(10.1306130121796,7.06724275439192,-6.60522931746688));
#4820=CARTESIAN_POINT('Ctrl Pts',(10.1298635400703,7.08367933564983,-6.61929905920982));
#4821=CARTESIAN_POINT('Ctrl Pts',(10.1279302863606,7.126077286548,-6.65559177788452));
#4822=CARTESIAN_POINT('Ctrl Pts',(10.1256936267051,7.17214384823388,-6.68616914297862));
#4823=CARTESIAN_POINT('Ctrl Pts',(10.1230361908897,7.22248363379082,-6.70969343216902));
#4824=CARTESIAN_POINT('Ctrl Pts',(10.1227472371622,7.22795728195576,-6.71225132312811));
#4825=CARTESIAN_POINT('Ctrl Pts',(10.1224533085599,7.2334814870103,-6.71472586290532));
#4826=CARTESIAN_POINT('Ctrl Pts',(10.1221542541949,7.23905704928968,-6.71711536246762));
#4827=CARTESIAN_POINT('Ctrl Pts',(9.75,6.94933848096464,-6.47105328637585));
#4828=CARTESIAN_POINT('Ctrl Pts',(9.75,7.03268186761472,-6.58614588576779));
#4829=CARTESIAN_POINT('Ctrl Pts',(9.75,7.12793177677724,-6.66949078637585));
#4830=CARTESIAN_POINT('Ctrl Pts',(9.75,7.23905704928968,-6.71711536246762));
#4831=CARTESIAN_POINT('Ctrl Pts',(10.15,5.9254010112438,-6.73299072581753));
#4832=CARTESIAN_POINT('Ctrl Pts',(9.75,5.9254010112438,-6.73299072581753));
#4833=CARTESIAN_POINT('Ctrl Pts',(10.15,5.87380759431455,-6.56630243855938));
#4834=CARTESIAN_POINT('Ctrl Pts',(9.75,5.87380759431455,-6.56630243855938));
#4835=CARTESIAN_POINT('Ctrl Pts',(10.15,5.71505774571035,-6.51074018079266));
#4836=CARTESIAN_POINT('Ctrl Pts',(9.75,5.71505774571035,-6.51074018079266));
#4837=CARTESIAN_POINT('Ctrl Pts',(10.15,5.57218250347707,-6.60995893079266));
#4838=CARTESIAN_POINT('Ctrl Pts',(9.75,5.57218250347707,-6.60995893079266));
#4839=CARTESIAN_POINT('',(10.1398387097742,5.57218250347707,-6.60995893079266));
#4840=CARTESIAN_POINT('Ctrl Pts',(10.1480564850032,5.9254010112438,-6.73299072581753));
#4841=CARTESIAN_POINT('Ctrl Pts',(10.147942826768,5.9173720346015,-6.70705066515483));
#4842=CARTESIAN_POINT('Ctrl Pts',(10.1477879872959,5.90675622365873,-6.683815556847));
#4843=CARTESIAN_POINT('Ctrl Pts',(10.1475865689166,5.89399425525484,-6.66341146127401));
#4844=CARTESIAN_POINT('Ctrl Pts',(10.1474918386478,5.88799209844773,-6.65381509045876));
#4845=CARTESIAN_POINT('Ctrl Pts',(10.1473868052619,5.88151472096948,-6.6448455212362));
#4846=CARTESIAN_POINT('Ctrl Pts',(10.1472709072256,5.87460585177268,-6.63651920658426));
#4847=CARTESIAN_POINT('Ctrl Pts',(10.1470985108341,5.86432902433818,-6.62413395273071));
#4848=CARTESIAN_POINT('Ctrl Pts',(10.1468985673076,5.85289090957092,-6.61292353761969));
#4849=CARTESIAN_POINT('Ctrl Pts',(10.1466657155743,5.84033383322739,-6.60313275439953));
#4850=CARTESIAN_POINT('Ctrl Pts',(10.1464877748795,5.83073796354449,-6.59565083127476));
#4851=CARTESIAN_POINT('Ctrl Pts',(10.1462906167315,5.82048912369496,-6.58899861448295));
#4852=CARTESIAN_POINT('Ctrl Pts',(10.1460718487012,5.80961962136838,-6.58330107122623));
#4853=CARTESIAN_POINT('Ctrl Pts',(10.1456090305793,5.78662447602534,-6.5712475446387));
#4854=CARTESIAN_POINT('Ctrl Pts',(10.1450668552796,5.7617642079378,-6.56394637076028));
#4855=CARTESIAN_POINT('Ctrl Pts',(10.144448137171,5.73590792445371,-6.56157027418284));
#4856=CARTESIAN_POINT('Ctrl Pts',(10.1440769929059,5.72039777338652,-6.5601449488112));
#4857=CARTESIAN_POINT('Ctrl Pts',(10.1436867598602,5.70487632528803,-6.56052220776888));
#4858=CARTESIAN_POINT('Ctrl Pts',(10.1432828923195,5.68953244367622,-6.5625084419466));
#4859=CARTESIAN_POINT('Ctrl Pts',(10.1429753764015,5.6778491877471,-6.56402081559627));
#4860=CARTESIAN_POINT('Ctrl Pts',(10.1426599555839,5.66626760220687,-6.56646627580748));
#4861=CARTESIAN_POINT('Ctrl Pts',(10.1423390376855,5.65485171975101,-6.56976474040009));
#4862=CARTESIAN_POINT('Ctrl Pts',(10.1419233234922,5.64006368707889,-6.57403754211752));
#4863=CARTESIAN_POINT('Ctrl Pts',(10.1415034799934,5.62572371857866,-6.5796915247355));
#4864=CARTESIAN_POINT('Ctrl Pts',(10.1410849458034,5.6119229818647,-6.5864709450993));
#4865=CARTESIAN_POINT('Ctrl Pts',(10.1406664116135,5.59812224515074,-6.59325036546311));
#4866=CARTESIAN_POINT('Ctrl Pts',(10.1402491867323,5.58485988512875,-6.60115520846057));
#4867=CARTESIAN_POINT('Ctrl Pts',(10.1398387097742,5.57218250347707,-6.60995893079266));
#4868=CARTESIAN_POINT('',(9.75,5.57218250347707,-6.60995893079266));
#4869=CARTESIAN_POINT('Ctrl Pts',(9.75,5.9254010112438,-6.73299072581753));
#4870=CARTESIAN_POINT('Ctrl Pts',(9.75,5.87380759431455,-6.56630243855938));
#4871=CARTESIAN_POINT('Ctrl Pts',(9.75,5.71505774571035,-6.51074018079266));
#4872=CARTESIAN_POINT('Ctrl Pts',(9.75,5.57218250347707,-6.60995893079266));
#4873=CARTESIAN_POINT('',(10.15,5.57218250347707,-6.60995893079266));
#4874=CARTESIAN_POINT('Ctrl Pts',(10.15,9.56474403454397,-5.90748697120175));
#4875=CARTESIAN_POINT('Ctrl Pts',(9.75,9.56474403454397,-5.90748697120175));
#4876=CARTESIAN_POINT('Ctrl Pts',(10.15,9.54093174649809,-6.34008078176007));
#4877=CARTESIAN_POINT('Ctrl Pts',(9.75,9.54093174649809,-6.34008078176007));
#4878=CARTESIAN_POINT('Ctrl Pts',(10.15,9.47346296621893,-6.66155007678494));
#4879=CARTESIAN_POINT('Ctrl Pts',(9.75,9.47346296621893,-6.66155007678494));
#4880=CARTESIAN_POINT('',(9.85598067574656,9.56474403454397,-5.90748697120175));
#4881=CARTESIAN_POINT('Ctrl Pts',(9.85598067574656,9.56474403454397,-5.90748697120175));
#4882=CARTESIAN_POINT('Ctrl Pts',(9.85728434557938,9.55734142371303,-6.04196895047503));
#4883=CARTESIAN_POINT('Ctrl Pts',(9.85923931055306,9.54622812930498,-6.1783293979726));
#4884=CARTESIAN_POINT('Ctrl Pts',(9.86205838475227,9.53004869301043,-6.31204293581553));
#4885=CARTESIAN_POINT('Ctrl Pts',(9.86451478645507,9.51595073316412,-6.42855429338687));
#4886=CARTESIAN_POINT('Ctrl Pts',(9.8677053632416,9.49756570997578,-6.54670744865943));
#4887=CARTESIAN_POINT('Ctrl Pts',(9.87183150769803,9.47346296621893,-6.66155007678494));
#4888=CARTESIAN_POINT('',(9.75,9.56474403454397,-5.90748697120175));
#4889=CARTESIAN_POINT('',(10.15,9.56474403454397,-5.90748697120175));
#4890=CARTESIAN_POINT('Ctrl Pts',(9.75,9.56474403454397,-5.90748697120175));
#4891=CARTESIAN_POINT('Ctrl Pts',(9.75,9.54093174649809,-6.34008078176007));
#4892=CARTESIAN_POINT('Ctrl Pts',(9.75,9.47346296621893,-6.66155007678494));
#4893=CARTESIAN_POINT('Ctrl Pts',(10.15,9.58061901940439,-5.27248757678494));
#4894=CARTESIAN_POINT('Ctrl Pts',(9.75,9.58061901940439,-5.27248757678494));
#4895=CARTESIAN_POINT('Ctrl Pts',(10.15,9.58061901940439,-5.44711203176007));
#4896=CARTESIAN_POINT('Ctrl Pts',(9.75,9.58061901940439,-5.44711203176007));
#4897=CARTESIAN_POINT('Ctrl Pts',(10.15,9.57268171621893,-5.73286251622662));
#4898=CARTESIAN_POINT('Ctrl Pts',(9.75,9.57268171621893,-5.73286251622662));
#4899=CARTESIAN_POINT('Ctrl Pts',(10.15,9.56474403454397,-5.90748697120175));
#4900=CARTESIAN_POINT('Ctrl Pts',(9.75,9.56474403454397,-5.90748697120175));
#4901=CARTESIAN_POINT('',(9.85317813992325,9.58061901940439,-5.27248757678494));
#4902=CARTESIAN_POINT('Ctrl Pts',(9.85317813992324,9.58061901940439,-5.27248757678494));
#4903=CARTESIAN_POINT('Ctrl Pts',(9.85317813992324,9.58061901940439,-5.29321580391126));
#4904=CARTESIAN_POINT('Ctrl Pts',(9.85319743464857,9.58050723453673,-5.31516109837982));
#4905=CARTESIAN_POINT('Ctrl Pts',(9.85323221579637,9.58030781900151,-5.33775657400197));
#4906=CARTESIAN_POINT('Ctrl Pts',(9.85326442445627,9.58012315266479,-5.3586808400315));
#4907=CARTESIAN_POINT('Ctrl Pts',(9.85330991343783,9.5798633633207,-5.38016247129667));
#4908=CARTESIAN_POINT('Ctrl Pts',(9.85336565849088,9.5795468352463,-5.40179595731483));
#4909=CARTESIAN_POINT('Ctrl Pts',(9.85342014485215,9.57923745419687,-5.42294097144942));
#4910=CARTESIAN_POINT('Ctrl Pts',(9.85348442936118,9.57887388658374,-5.44423077688236));
#4911=CARTESIAN_POINT('Ctrl Pts',(9.85355568803463,9.57847219566344,-5.46533492271801));
#4912=CARTESIAN_POINT('Ctrl Pts',(9.85362843704791,9.57806210357667,-5.48688045130171));
#4913=CARTESIAN_POINT('Ctrl Pts',(9.85370845499861,9.57761229971851,-5.50823198730695));
#4914=CARTESIAN_POINT('Ctrl Pts',(9.85379273698514,9.5771383856306,-5.52909507054085));
#4915=CARTESIAN_POINT('Ctrl Pts',(9.85387701897166,9.57666447154268,-5.54995815377476));
#4916=CARTESIAN_POINT('Ctrl Pts',(9.85396556499402,9.57616645885463,-5.57033269586286));
#4917=CARTESIAN_POINT('Ctrl Pts',(9.85405537015062,9.57565821940243,-5.58998488436154));
#4918=CARTESIAN_POINT('Ctrl Pts',(9.85415080946871,9.57511809421832,-5.61087000432804));
#4919=CARTESIAN_POINT('Ctrl Pts',(9.85425481708162,9.57453285389603,-5.63223665669167));
#4920=CARTESIAN_POINT('Ctrl Pts',(9.85436657463729,9.57390371000202,-5.65392550462553));
#4921=CARTESIAN_POINT('Ctrl Pts',(9.8544756228697,9.57328981835813,-5.67508855275955));
#4922=CARTESIAN_POINT('Ctrl Pts',(9.85459204983801,9.5726341083253,-5.69655887282311));
#4923=CARTESIAN_POINT('Ctrl Pts',(9.85471509527656,9.5719389721466,-5.71813655944756));
#4924=CARTESIAN_POINT('Ctrl Pts',(9.85482850574296,9.57129826803622,-5.73802462301893));
#4925=CARTESIAN_POINT('Ctrl Pts',(9.85494753875328,9.57062406812165,-5.75800384050585));
#4926=CARTESIAN_POINT('Ctrl Pts',(9.85507159901799,9.56991945253335,-5.77787080298324));
#4927=CARTESIAN_POINT('Ctrl Pts',(9.85519178839206,9.56923682214628,-5.79711788254116));
#4928=CARTESIAN_POINT('Ctrl Pts',(9.85531669619706,9.56852563366473,-5.8162598940458));
#4929=CARTESIAN_POINT('Ctrl Pts',(9.85544578114506,9.56778997629085,-5.83506379786724));
#4930=CARTESIAN_POINT('Ctrl Pts',(9.85556941899565,9.56708536202025,-5.85307421881329));
#4931=CARTESIAN_POINT('Ctrl Pts',(9.855696888895,9.56635829343093,-5.8707746236958));
#4932=CARTESIAN_POINT('Ctrl Pts',(9.85582771522775,9.56561368727994,-5.88791237136888));
#4933=CARTESIAN_POINT('Ctrl Pts',(9.85587821114877,9.56532628662752,-5.89452714329313));
#4934=CARTESIAN_POINT('Ctrl Pts',(9.85592920710466,9.56503628823918,-5.90105755713215));
#4935=CARTESIAN_POINT('Ctrl Pts',(9.85598067574656,9.56474403454397,-5.90748697120175));
#4936=CARTESIAN_POINT('',(9.75,9.58061901940439,-5.27248757678494));
#4937=CARTESIAN_POINT('',(10.15,9.58061901940439,-5.27248757678494));
#4938=CARTESIAN_POINT('Ctrl Pts',(9.75,9.58061901940439,-5.27248757678494));
#4939=CARTESIAN_POINT('Ctrl Pts',(9.75,9.58061901940439,-5.44711203176007));
#4940=CARTESIAN_POINT('Ctrl Pts',(9.75,9.57268171621893,-5.73286251622662));
#4941=CARTESIAN_POINT('Ctrl Pts',(9.75,9.56474403454397,-5.90748697120175));
#4942=CARTESIAN_POINT('Origin',(10.15,9.58061901940439,-2.06176876622662));
#4943=CARTESIAN_POINT('',(9.85317813992325,9.58061901940439,-2.06176876622662));
#4944=CARTESIAN_POINT('',(9.85317813992325,9.58061901940439,22.));
#4945=CARTESIAN_POINT('',(9.75,9.58061901940439,-2.06176876622662));
#4946=CARTESIAN_POINT('',(10.15,9.58061901940439,-2.06176876622662));
#4947=CARTESIAN_POINT('',(9.75,9.58061901940439,-5.27248757678494));
#4948=CARTESIAN_POINT('Ctrl Pts',(10.15,9.26311894370649,-1.74426906901822));
#4949=CARTESIAN_POINT('Ctrl Pts',(9.75,9.26311894370649,-1.74426906901822));
#4950=CARTESIAN_POINT('Ctrl Pts',(10.15,9.43774415566061,-1.74426906901822));
#4951=CARTESIAN_POINT('Ctrl Pts',(9.75,9.43774415566061,-1.74426906901822));
#4952=CARTESIAN_POINT('Ctrl Pts',(10.15,9.58061901940439,-1.88714431125149));
#4953=CARTESIAN_POINT('Ctrl Pts',(9.75,9.58061901940439,-1.88714431125149));
#4954=CARTESIAN_POINT('Ctrl Pts',(10.15,9.58061901940439,-2.06176876622662));
#4955=CARTESIAN_POINT('Ctrl Pts',(9.75,9.58061901940439,-2.06176876622662));
#4956=CARTESIAN_POINT('',(9.90665164731839,9.26311894370649,-1.74426906901822));
#4957=CARTESIAN_POINT('Ctrl Pts',(9.90665164731839,9.26311894370649,-1.74426906901822));
#4958=CARTESIAN_POINT('Ctrl Pts',(9.9032122176715,9.28462903091558,-1.74426906901822));
#4959=CARTESIAN_POINT('Ctrl Pts',(9.89976476490762,9.3059395300959,-1.74643663502742));
#4960=CARTESIAN_POINT('Ctrl Pts',(9.89635387405003,9.3268260720306,-1.75073448103256));
#4961=CARTESIAN_POINT('Ctrl Pts',(9.89325853109864,9.34578036082374,-1.75463472524841));
#4962=CARTESIAN_POINT('Ctrl Pts',(9.89019329814571,9.36438546292787,-1.76028974702576));
#4963=CARTESIAN_POINT('Ctrl Pts',(9.88719149571746,9.3824364339665,-1.76767036973618));
#4964=CARTESIAN_POINT('Ctrl Pts',(9.88297399252024,9.40779787259811,-1.77804007281381));
#4965=CARTESIAN_POINT('Ctrl Pts',(9.87894542253173,9.43170118889971,-1.79167087076863));
#4966=CARTESIAN_POINT('Ctrl Pts',(9.87522713229511,9.45356107352432,-1.80815082632598));
#4967=CARTESIAN_POINT('Ctrl Pts',(9.87336001129782,9.46453790615002,-1.81642615425833));
#4968=CARTESIAN_POINT('Ctrl Pts',(9.87157112722844,9.4749989112884,-1.82541932103403));
#4969=CARTESIAN_POINT('Ctrl Pts',(9.86987584446341,9.48486646491188,-1.83507466207887));
#4970=CARTESIAN_POINT('Ctrl Pts',(9.8657258880966,9.50902167832495,-1.85871039109674));
#4971=CARTESIAN_POINT('Ctrl Pts',(9.86218403461221,9.52936915711246,-1.88606794401842));
#4972=CARTESIAN_POINT('Ctrl Pts',(9.85944716827864,9.54500188116441,-1.91610010299154));
#4973=CARTESIAN_POINT('Ctrl Pts',(9.85876963493372,9.54887188814544,-1.92353480627775));
#4974=CARTESIAN_POINT('Ctrl Pts',(9.85814143522439,9.55245312798402,-1.93113359979614));
#4975=CARTESIAN_POINT('Ctrl Pts',(9.85756555619916,9.55573218769784,-1.93888094438763));
#4976=CARTESIAN_POINT('Ctrl Pts',(9.85614713376239,9.56380869624532,-1.95796308996425));
#4977=CARTESIAN_POINT('Ctrl Pts',(9.85505689862779,9.56998796952083,-1.977794994325));
#4978=CARTESIAN_POINT('Ctrl Pts',(9.85431869482394,9.57416763166868,-1.99812999251265));
#4979=CARTESIAN_POINT('Ctrl Pts',(9.85355833132785,9.57847276055938,-2.01907541467681));
#4980=CARTESIAN_POINT('Ctrl Pts',(9.85317813992324,9.58061901940439,-2.04036576267099));
#4981=CARTESIAN_POINT('Ctrl Pts',(9.85317813992324,9.58061901940439,-2.06176876622662));
#4982=CARTESIAN_POINT('',(9.75,9.26311894370649,-1.74426906901822));
#4983=CARTESIAN_POINT('',(10.15,9.26311894370649,-1.74426906901822));
#4984=CARTESIAN_POINT('Ctrl Pts',(9.75,9.26311894370649,-1.74426906901822));
#4985=CARTESIAN_POINT('Ctrl Pts',(9.75,9.43774415566061,-1.74426906901822));
#4986=CARTESIAN_POINT('Ctrl Pts',(9.75,9.58061901940439,-1.88714431125149));
#4987=CARTESIAN_POINT('Ctrl Pts',(9.75,9.58061901940439,-2.06176876622662));
#4988=CARTESIAN_POINT('Origin',(10.15,3.40921269370649,-1.74426906901821));
#4989=CARTESIAN_POINT('Origin',(-9.25,6.2,-1.74426906901822));
#4990=CARTESIAN_POINT('',(9.75,9.26311894370649,-1.74426906901822));
#4991=CARTESIAN_POINT('Ctrl Pts',(10.15,3.12346296621892,-7.0266743500851));
#4992=CARTESIAN_POINT('Ctrl Pts',(9.75,3.12346296621892,-7.0266743500851));
#4993=CARTESIAN_POINT('Ctrl Pts',(10.15,3.12346296621892,-6.85204989510998));
#4994=CARTESIAN_POINT('Ctrl Pts',(9.75,3.12346296621892,-6.85204989510998));
#4995=CARTESIAN_POINT('Ctrl Pts',(10.15,3.19490058733556,-6.72108041841015));
#4996=CARTESIAN_POINT('Ctrl Pts',(9.75,3.19490058733556,-6.72108041841015));
#4997=CARTESIAN_POINT('Ctrl Pts',(10.15,3.38143156482313,-6.58217477399334));
#4998=CARTESIAN_POINT('Ctrl Pts',(9.75,3.38143156482313,-6.58217477399334));
#4999=CARTESIAN_POINT('',(9.90450129551207,3.12346296621892,-7.0266743500851));
#5000=CARTESIAN_POINT('Ctrl Pts',(9.90450129551207,3.12346296621892,-7.0266743500851));
#5001=CARTESIAN_POINT('Ctrl Pts',(9.90450129551207,3.12346296621892,-6.98231149029792));
#5002=CARTESIAN_POINT('Ctrl Pts',(9.90524546431323,3.12806958780044,-6.94070497139858));
#5003=CARTESIAN_POINT('Ctrl Pts',(9.90684140881283,3.13805995288013,-6.90099561891774));
#5004=CARTESIAN_POINT('Ctrl Pts',(9.90761630654718,3.1429106925315,-6.88171506920083));
#5005=CARTESIAN_POINT('Ctrl Pts',(9.90859201110164,3.14903137069578,-6.86288176226094));
#5006=CARTESIAN_POINT('Ctrl Pts',(9.90978083990131,3.15651545643094,-6.84439674295031));
#5007=CARTESIAN_POINT('Ctrl Pts',(9.91109661472563,3.16479871100569,-6.82393784841232));
#5008=CARTESIAN_POINT('Ctrl Pts',(9.91264008417607,3.17453573250134,-6.80444492952268));
#5009=CARTESIAN_POINT('Ctrl Pts',(9.91437480970697,3.18556127956263,-6.78575990841856));
#5010=CARTESIAN_POINT('Ctrl Pts',(9.91615294636343,3.19686273851854,-6.76660729876348));
#5011=CARTESIAN_POINT('Ctrl Pts',(9.91813203115534,3.20951785930511,-6.74830350314465));
#5012=CARTESIAN_POINT('Ctrl Pts',(9.92027282090841,3.22331208242074,-6.7307193423879));
#5013=CARTESIAN_POINT('Ctrl Pts',(9.92110974650855,3.22870482986035,-6.72384494742532));
#5014=CARTESIAN_POINT('Ctrl Pts',(9.92197138644855,3.23427129936188,-6.71708097498051));
#5015=CARTESIAN_POINT('Ctrl Pts',(9.92285539594553,3.23999730301431,-6.71042135032161));
#5016=CARTESIAN_POINT('Ctrl Pts',(9.92496316558467,3.25364998060831,-6.69454261291873));
#5017=CARTESIAN_POINT('Ctrl Pts',(9.92719912487608,3.26821505234781,-6.67925309085331));
#5018=CARTESIAN_POINT('Ctrl Pts',(9.9295151248158,3.28343869039866,-6.66452965992055));
#5019=CARTESIAN_POINT('Ctrl Pts',(9.93194332220614,3.29939982992748,-6.64909295979172));
#5020=CARTESIAN_POINT('Ctrl Pts',(9.93445950314751,3.31608470384833,-6.63427827313116));
#5021=CARTESIAN_POINT('Ctrl Pts',(9.93700817650078,3.33315043795377,-6.62009110733856));
#5022=CARTESIAN_POINT('Ctrl Pts',(9.93937797395553,3.34901843186306,-6.60689965252061));
#5023=CARTESIAN_POINT('Ctrl Pts',(9.94177586298278,3.36521466707994,-6.59425115220033));
#5024=CARTESIAN_POINT('Ctrl Pts',(9.94415723537308,3.38143156482313,-6.58217477399334));
#5025=CARTESIAN_POINT('',(9.75,3.12346296621892,-7.0266743500851));
#5026=CARTESIAN_POINT('',(10.15,3.12346296621892,-7.0266743500851));
#5027=CARTESIAN_POINT('Ctrl Pts',(9.75,3.12346296621892,-7.0266743500851));
#5028=CARTESIAN_POINT('Ctrl Pts',(9.75,3.12346296621892,-6.85204989510998));
#5029=CARTESIAN_POINT('Ctrl Pts',(9.75,3.19490058733556,-6.72108041841015));
#5030=CARTESIAN_POINT('Ctrl Pts',(9.75,3.38143156482313,-6.58217477399334));
#5031=CARTESIAN_POINT('Origin',(10.15,3.12346296621892,-8.01886185008511));
#5032=CARTESIAN_POINT('',(9.90450129551207,3.12346296621892,-8.01886185008511));
#5033=CARTESIAN_POINT('',(9.90450129551207,3.1234629662189,22.));
#5034=CARTESIAN_POINT('',(9.75,3.12346296621892,-8.01886185008511));
#5035=CARTESIAN_POINT('',(10.15,3.12346296621892,-8.01886185008511));
#5036=CARTESIAN_POINT('',(9.75,3.12346296621892,-7.0266743500851));
#5037=CARTESIAN_POINT('Ctrl Pts',(10.15,3.37349388314817,-8.16173709231838));
#5038=CARTESIAN_POINT('Ctrl Pts',(9.75,3.37349388314817,-8.16173709231838));
#5039=CARTESIAN_POINT('Ctrl Pts',(10.15,3.29015049649808,-8.22126894790157));
#5040=CARTESIAN_POINT('Ctrl Pts',(9.75,3.29015049649808,-8.22126894790157));
#5041=CARTESIAN_POINT('Ctrl Pts',(10.15,3.12346296621892,-8.19348781901821));
#5042=CARTESIAN_POINT('Ctrl Pts',(9.75,3.12346296621892,-8.19348781901821));
#5043=CARTESIAN_POINT('Ctrl Pts',(10.15,3.12346296621892,-8.01886185008511));
#5044=CARTESIAN_POINT('Ctrl Pts',(9.75,3.12346296621892,-8.01886185008511));
#5045=CARTESIAN_POINT('',(9.94298994871303,3.37349388314817,-8.16173709231838));
#5046=CARTESIAN_POINT('Ctrl Pts',(9.94298994871303,3.37349388314817,-8.16173709231838));
#5047=CARTESIAN_POINT('Ctrl Pts',(9.941714401557,3.36483246062419,-8.16792391259972));
#5048=CARTESIAN_POINT('Ctrl Pts',(9.94032148476165,3.35541010527636,-8.17307012678569));
#5049=CARTESIAN_POINT('Ctrl Pts',(9.93885773782351,3.3455715365496,-8.1772004368054));
#5050=CARTESIAN_POINT('Ctrl Pts',(9.9379029823104,3.33915415148924,-8.17989450649697));
#5051=CARTESIAN_POINT('Ctrl Pts',(9.93691809184782,3.33255865100705,-8.18215664660065));
#5052=CARTESIAN_POINT('Ctrl Pts',(9.93591598160813,3.32586918414043,-8.18399686794099));
#5053=CARTESIAN_POINT('Ctrl Pts',(9.93399191792676,3.31302532751065,-8.18753011498946));
#5054=CARTESIAN_POINT('Ctrl Pts',(9.93198058967508,3.29968494937472,-8.18955095043278));
#5055=CARTESIAN_POINT('Ctrl Pts',(9.92994832790573,3.28630825521192,-8.19003976222888));
#5056=CARTESIAN_POINT('Ctrl Pts',(9.92858774128655,3.27735264163827,-8.19036701868724));
#5057=CARTESIAN_POINT('Ctrl Pts',(9.92721777180578,3.26837946246558,-8.19000751719212));
#5058=CARTESIAN_POINT('Ctrl Pts',(9.92585832420456,3.25951406566305,-8.18895396960773));
#5059=CARTESIAN_POINT('Ctrl Pts',(9.92329179268601,3.24277688484217,-8.18696495356973));
#5060=CARTESIAN_POINT('Ctrl Pts',(9.9207506655737,3.22635589075114,-8.18249395758837));
#5061=CARTESIAN_POINT('Ctrl Pts',(9.91836571302695,3.21106103501585,-8.17542409238503));
#5062=CARTESIAN_POINT('Ctrl Pts',(9.91779195186252,3.20738146736642,-8.17372325599022));
#5063=CARTESIAN_POINT('Ctrl Pts',(9.91722722954687,3.20376683800312,-8.17187197597246));
#5064=CARTESIAN_POINT('Ctrl Pts',(9.91667336688263,3.200228000792,-8.16986856153166));
#5065=CARTESIAN_POINT('Ctrl Pts',(9.91500001433241,3.18953632096898,-8.16381576382552));
#5066=CARTESIAN_POINT('Ctrl Pts',(9.91345852172185,3.17974078001861,-8.15648970703825));
#5067=CARTESIAN_POINT('Ctrl Pts',(9.91207775173148,3.1710076254658,-8.14797161350096));
#5068=CARTESIAN_POINT('Ctrl Pts',(9.91134615614195,3.16638039761613,-8.14345833489086));
#5069=CARTESIAN_POINT('Ctrl Pts',(9.91065968132032,3.16205051338464,-8.1386099605264));
#5070=CARTESIAN_POINT('Ctrl Pts',(9.91002262051363,3.1580379388615,-8.13343540668272));
#5071=CARTESIAN_POINT('Ctrl Pts',(9.90895261607859,3.15129843693237,-8.12474424956881));
#5072=CARTESIAN_POINT('Ctrl Pts',(9.90805137263914,3.14563993979718,-8.11537356107381));
#5073=CARTESIAN_POINT('Ctrl Pts',(9.90730817712728,3.14098677015769,-8.10548475298052));
#5074=CARTESIAN_POINT('Ctrl Pts',(9.90680192730236,3.13781712465029,-8.09874869593238));
#5075=CARTESIAN_POINT('Ctrl Pts',(9.90636901266734,3.13511313077367,-8.09177119596549));
#5076=CARTESIAN_POINT('Ctrl Pts',(9.90600604712609,3.13284621799479,-8.08459043075416));
#5077=CARTESIAN_POINT('Ctrl Pts',(9.90542997391712,3.12924833453052,-8.07319362861195));
#5078=CARTESIAN_POINT('Ctrl Pts',(9.90503789523535,3.1268028456964,-8.06144608239995));
#5079=CARTESIAN_POINT('Ctrl Pts',(9.90479874580833,3.12531353150338,-8.04956682335862));
#5080=CARTESIAN_POINT('Ctrl Pts',(9.90459394191033,3.12403810569165,-8.03939360827979));
#5081=CARTESIAN_POINT('Ctrl Pts',(9.90450129551207,3.12346296621892,-8.02912285337191));
#5082=CARTESIAN_POINT('Ctrl Pts',(9.90450129551207,3.12346296621892,-8.01886185008511));
#5083=CARTESIAN_POINT('',(9.75,3.37349388314817,-8.16173709231838));
#5084=CARTESIAN_POINT('',(10.15,3.37349388314817,-8.16173709231838));
#5085=CARTESIAN_POINT('Ctrl Pts',(9.75,3.37349388314817,-8.16173709231838));
#5086=CARTESIAN_POINT('Ctrl Pts',(9.75,3.29015049649808,-8.22126894790157));
#5087=CARTESIAN_POINT('Ctrl Pts',(9.75,3.12346296621892,-8.19348781901821));
#5088=CARTESIAN_POINT('Ctrl Pts',(9.75,3.12346296621892,-8.01886185008511));
#5089=CARTESIAN_POINT('Ctrl Pts',(10.15,5.57218250347707,-6.60995893079266));
#5090=CARTESIAN_POINT('Ctrl Pts',(9.75,5.57218250347707,-6.60995893079266));
#5091=CARTESIAN_POINT('Ctrl Pts',(10.15,3.44890034510228,-8.09823563891872));
#5092=CARTESIAN_POINT('Ctrl Pts',(9.75,3.44890034510228,-8.09823563891872));
#5093=CARTESIAN_POINT('Ctrl Pts',(10.15,3.37349388314817,-8.16173709231838));
#5094=CARTESIAN_POINT('Ctrl Pts',(9.75,3.37349388314817,-8.16173709231838));
#5095=CARTESIAN_POINT('Ctrl Pts',(10.1398387097742,5.57218250347707,-6.60995893079266));
#5096=CARTESIAN_POINT('Ctrl Pts',(10.130696249215,5.2898220458017,-6.80787445077976));
#5097=CARTESIAN_POINT('Ctrl Pts',(10.1153866056789,5.00767800088377,-7.00576718877752));
#5098=CARTESIAN_POINT('Ctrl Pts',(10.0534462801481,4.19483539605146,-7.57667480351452));
#5099=CARTESIAN_POINT('Ctrl Pts',(9.99944838509663,3.77198131669918,-7.87388176359465));
#5100=CARTESIAN_POINT('Ctrl Pts',(9.96043430767526,3.49459324567934,-8.07286680028438));
#5101=CARTESIAN_POINT('Ctrl Pts',(9.94566714397599,3.39167299886509,-8.14642805593569));
#5102=CARTESIAN_POINT('Ctrl Pts',(9.94298994871303,3.37349388314816,-8.16173709231838));
#5103=CARTESIAN_POINT('Ctrl Pts',(9.75,5.57218250347707,-6.60995893079266));
#5104=CARTESIAN_POINT('Ctrl Pts',(9.75,3.44890034510228,-8.09823563891872));
#5105=CARTESIAN_POINT('Ctrl Pts',(9.75,3.37349388314817,-8.16173709231838));
#5106=CARTESIAN_POINT('Origin',(9.75,6.35204099281166,-4.98276900845989));
#5107=CARTESIAN_POINT('Origin',(-9.25,6.2,22.));
#5108=CARTESIAN_POINT('',(9.92441636729511,9.1498740606347,-39.751471231746));
#5109=CARTESIAN_POINT('',(0.956484792454295,22.6981110488868,-39.7514712240007));
#5110=CARTESIAN_POINT('Origin',(-9.25,6.2,-39.7514712240007));
#5111=CARTESIAN_POINT('',(-9.25,25.6,-22.0733209967908));
#5112=CARTESIAN_POINT('Origin',(-9.25,6.2,-22.0733209967908));
#5113=CARTESIAN_POINT('',(-9.25,25.6,20.96));
#5114=CARTESIAN_POINT('',(-9.25,25.6,22.96));
#5115=CARTESIAN_POINT('',(-9.25,-13.2,20.96));
#5116=CARTESIAN_POINT('Origin',(-9.25,6.2,20.96));
#5117=CARTESIAN_POINT('',(-9.25,-13.2,-22.0733209967908));
#5118=CARTESIAN_POINT('',(-9.25,-13.2,22.96));
#5119=CARTESIAN_POINT('',(0.956484792454295,-10.2981110488868,-39.7514712240007));
#5120=CARTESIAN_POINT('Origin',(-9.25,6.2,-22.0733209967908));
#5121=CARTESIAN_POINT('',(9.92441636734499,3.25012593968954,-39.7514712240007));
#5122=CARTESIAN_POINT('Origin',(-9.25,6.2,-39.7514712240007));
#5123=CARTESIAN_POINT('Ctrl Pts',(9.92441636732004,9.14987406047266,-39.7514712317495));
#5124=CARTESIAN_POINT('Ctrl Pts',(9.92633669988692,9.13739174582253,-39.1551201867016));
#5125=CARTESIAN_POINT('Ctrl Pts',(9.94597100140555,9.01256280377246,-37.9635405408044));
#5126=CARTESIAN_POINT('Ctrl Pts',(10.012669634705,8.53479337660389,-36.5307327508345));
#5127=CARTESIAN_POINT('Ctrl Pts',(10.0741247347864,7.9374883143569,-35.6470081307619));
#5128=CARTESIAN_POINT('Ctrl Pts',(10.107852221588,7.49412320348198,-35.2219770777357));
#5129=CARTESIAN_POINT('Ctrl Pts',(10.1377208399447,6.98285314257795,-34.873374813539));
#5130=CARTESIAN_POINT('Ctrl Pts',(10.1581737209234,6.1990407162594,-34.6561078994186));
#5131=CARTESIAN_POINT('Ctrl Pts',(10.1375663909363,5.41685036679205,-34.8746656125742));
#5132=CARTESIAN_POINT('Ctrl Pts',(10.1077401215604,4.90543538405984,-35.2229538227423));
#5133=CARTESIAN_POINT('Ctrl Pts',(10.0739897272208,4.46223379072062,-35.648357498065));
#5134=CARTESIAN_POINT('Ctrl Pts',(10.0125905666895,3.8648791069526,-36.5313836579314));
#5135=CARTESIAN_POINT('Ctrl Pts',(9.94586977088094,3.3871391668113,-37.9659290724646));
#5136=CARTESIAN_POINT('Ctrl Pts',(9.92633601953492,3.26260383183598,-39.155331488221));
#5137=CARTESIAN_POINT('Ctrl Pts',(9.92441636734499,3.25012593968954,-39.7514712240007));
#5138=CARTESIAN_POINT('',(10.0711747922992,4.45294400621455,8.49135279655457));
#5139=CARTESIAN_POINT('Ctrl Pts',(10.0711747922992,4.45294400621455,8.49135279655457));
#5140=CARTESIAN_POINT('Ctrl Pts',(10.0928322706395,4.69246004122491,8.47430513474759));
#5141=CARTESIAN_POINT('Ctrl Pts',(10.11006069188,4.93271611989639,8.45479539343235));
#5142=CARTESIAN_POINT('Ctrl Pts',(10.1259902335546,5.23326508004573,8.46870650020914));
#5143=CARTESIAN_POINT('Ctrl Pts',(10.1288971893377,5.29338633210625,8.47340365176566));
#5144=CARTESIAN_POINT('Ctrl Pts',(10.1341847172599,5.4144768125903,8.48188344536249));
#5145=CARTESIAN_POINT('Ctrl Pts',(10.1365526885273,5.47544558977541,8.48566625352542));
#5146=CARTESIAN_POINT('Ctrl Pts',(10.1406129419546,5.59361507749941,8.51952887672402));
#5147=CARTESIAN_POINT('Ctrl Pts',(10.1422601990327,5.65081190516974,8.549609005917));
#5148=CARTESIAN_POINT('Ctrl Pts',(10.1441122106706,5.72106904569351,8.64170488742474));
#5149=CARTESIAN_POINT('Ctrl Pts',(10.1444045195042,5.734137755503,8.70371977212989));
#5150=CARTESIAN_POINT('Ctrl Pts',(10.1454738721758,5.77949946103921,8.99466239856104));
#5151=CARTESIAN_POINT('Ctrl Pts',(10.145158348475,5.76654515161726,9.21606289039983));
#5152=CARTESIAN_POINT('Ctrl Pts',(10.1444289638131,5.73475901585178,9.66105963496538));
#5153=CARTESIAN_POINT('Ctrl Pts',(10.1439585473244,5.71592122793824,9.88465595630888));
#5154=CARTESIAN_POINT('Ctrl Pts',(10.1442809426683,5.72914586056608,10.1655460208958));
#5155=CARTESIAN_POINT('Ctrl Pts',(10.1443901965763,5.73362933576426,10.2217937480542));
#5156=CARTESIAN_POINT('Ctrl Pts',(10.1446343773048,5.74397145483756,10.3358529465495));
#5157=CARTESIAN_POINT('Ctrl Pts',(10.1447807469168,5.7498310797932,10.3936642990749));
#5158=CARTESIAN_POINT('Ctrl Pts',(10.1456750880522,5.79012503577308,10.4990865460773));
#5159=CARTESIAN_POINT('Ctrl Pts',(10.146411520495,5.82456284349584,10.5466974672521));
#5160=CARTESIAN_POINT('Ctrl Pts',(10.147941772936,5.91410799276355,10.6131038383145));
#5161=CARTESIAN_POINT('Ctrl Pts',(10.1487024482201,5.9691980508739,10.6319008246114));
#5162=CARTESIAN_POINT('Ctrl Pts',(10.1502020638528,6.13565629597861,10.6681141712713));
#5163=CARTESIAN_POINT('Ctrl Pts',(10.1502580142708,6.24826730189033,10.6653523134564));
#5164=CARTESIAN_POINT('Ctrl Pts',(10.1488536360141,6.41750267438044,10.6450284016723));
#5165=CARTESIAN_POINT('Ctrl Pts',(10.1481205254667,6.47397622675623,10.6355567838873));
#5166=CARTESIAN_POINT('Ctrl Pts',(10.1464544837005,6.57348849907543,10.5844808276146));
#5167=CARTESIAN_POINT('Ctrl Pts',(10.1455512231676,6.61651435128943,10.54287568196));
#5168=CARTESIAN_POINT('Ctrl Pts',(10.1415501572432,6.78620290634039,10.3024654978452));
#5169=CARTESIAN_POINT('Ctrl Pts',(10.1428406994114,6.72601610969784,10.0345720450558));
#5170=CARTESIAN_POINT('Ctrl Pts',(10.1440747691394,6.68145705725778,9.53541356126958));
#5171=CARTESIAN_POINT('Ctrl Pts',(10.1436337113585,6.69712254040601,9.30414426301971));
#5172=CARTESIAN_POINT('Ctrl Pts',(10.1435951894381,6.69885058443874,8.83030118411575));
#5173=CARTESIAN_POINT('Ctrl Pts',(10.1439508131806,6.68491743945208,8.58772713192618));
#5174=CARTESIAN_POINT('Ctrl Pts',(10.1433177366679,6.70926370673395,8.10928069740728));
#5175=CARTESIAN_POINT('Ctrl Pts',(10.1423357413875,6.74754144014232,7.87340914314372));
#5176=CARTESIAN_POINT('Ctrl Pts',(10.1441929579238,6.67475124831865,7.51386783547051));
#5177=CARTESIAN_POINT('Ctrl Pts',(10.1453657296661,6.63125430016533,7.39597007621616));
#5178=CARTESIAN_POINT('Ctrl Pts',(10.1484475149128,6.4614350575772,7.26807789565039));
#5179=CARTESIAN_POINT('Ctrl Pts',(10.1499303352666,6.33522306538804,7.25807441544693));
#5180=CARTESIAN_POINT('Ctrl Pts',(10.1501207415258,5.973590933729,7.24575691815143));
#5181=CARTESIAN_POINT('Ctrl Pts',(10.1461593057126,5.75425950781236,7.26112750307486));
#5182=CARTESIAN_POINT('Ctrl Pts',(10.130555765016,5.30227908987937,7.27448733070436));
#5183=CARTESIAN_POINT('Ctrl Pts',(10.1184413538862,5.0702926552858,7.2724847529232));
#5184=CARTESIAN_POINT('Ctrl Pts',(10.0863499828377,4.61340856851333,7.25449025132288));
#5185=CARTESIAN_POINT('Ctrl Pts',(10.0666068144184,4.38832054416545,7.23850196925963));
#5186=CARTESIAN_POINT('Ctrl Pts',(10.0284296434394,4.02760986787525,7.27959891835386));
#5187=CARTESIAN_POINT('Ctrl Pts',(10.01313667428,3.89738702111513,7.30703102384993));
#5188=CARTESIAN_POINT('Ctrl Pts',(9.98851744298258,3.70036752097272,7.44986378892092));
#5189=CARTESIAN_POINT('Ctrl Pts',(9.97955759206005,3.63349572047235,7.56526209493698));
#5190=CARTESIAN_POINT('Ctrl Pts',(9.95581037752292,3.4595895808646,7.91317363888369));
#5191=CARTESIAN_POINT('Ctrl Pts',(9.94394589535535,3.37930647287796,8.14740204392255));
#5192=CARTESIAN_POINT('Ctrl Pts',(9.91413481766654,3.18159283767398,8.86630676176647));
#5193=CARTESIAN_POINT('Ctrl Pts',(9.90203859449716,3.10724216234811,9.36720214965197));
#5194=CARTESIAN_POINT('Ctrl Pts',(9.88243083743637,2.99343392715053,10.8898894171145));
#5195=CARTESIAN_POINT('Ctrl Pts',(9.89877866459369,3.06114084863582,11.9316087986321));
#5196=CARTESIAN_POINT('Ctrl Pts',(9.99988348009234,3.77552033342673,13.3432504346177));
#5197=CARTESIAN_POINT('Ctrl Pts',(10.0494803097028,4.16823075712504,13.8112638424722));
#5198=CARTESIAN_POINT('Ctrl Pts',(10.1290234671259,5.16120424880951,14.4051413323631));
#5199=CARTESIAN_POINT('Ctrl Pts',(10.1541661374522,5.75842536776203,14.5313701704372));
#5200=CARTESIAN_POINT('Ctrl Pts',(10.1441562362273,7.11053373116798,14.5048782534482));
#5201=CARTESIAN_POINT('Ctrl Pts',(10.0873555904231,7.87010766197499,14.2619899048514));
#5202=CARTESIAN_POINT('Ctrl Pts',(9.9540054771704,9.00467797033481,13.3218164010686));
#5203=CARTESIAN_POINT('Ctrl Pts',(9.88925835030093,9.37389797384379,12.6237635631616));
#5204=CARTESIAN_POINT('Ctrl Pts',(9.82758875996705,9.72581994701869,11.1970875643304));
#5205=CARTESIAN_POINT('Ctrl Pts',(9.82629198255396,9.72951940147433,10.471941567873));
#5206=CARTESIAN_POINT('Ctrl Pts',(9.8532323755964,9.5808171053108,9.41681738304029));
#5207=CARTESIAN_POINT('Ctrl Pts',(9.86652584222271,9.50544066623201,9.07055281618051));
#5208=CARTESIAN_POINT('Ctrl Pts',(9.89031470507509,9.36351190528216,8.37284198679184));
#5209=CARTESIAN_POINT('Ctrl Pts',(9.90239704985945,9.29737188925608,8.02139463443338));
#5210=CARTESIAN_POINT('Ctrl Pts',(9.94679015044304,9.00144909381042,7.64067291124777));
#5211=CARTESIAN_POINT('Ctrl Pts',(9.95824587310394,8.92228973039671,7.56062285671264));
#5212=CARTESIAN_POINT('Ctrl Pts',(9.98277522256761,8.74336480567995,7.51886328373161));
#5213=CARTESIAN_POINT('Ctrl Pts',(9.99575099968904,8.64358089655763,7.5571547816574));
#5214=CARTESIAN_POINT('Ctrl Pts',(10.033635436451,8.33274034322675,7.67125009691218));
#5215=CARTESIAN_POINT('Ctrl Pts',(10.0560181495064,8.11004698009841,7.74627722628517));
#5216=CARTESIAN_POINT('Ctrl Pts',(10.0689541668504,7.97167764815324,8.01778218892544));
#5217=CARTESIAN_POINT('Ctrl Pts',(10.0685563048272,7.97596586087214,8.16266043448616));
#5218=CARTESIAN_POINT('Ctrl Pts',(10.0609846315643,8.05684928702545,8.41651235796446));
#5219=CARTESIAN_POINT('Ctrl Pts',(10.0535269766768,8.13341432935755,8.52548575981658));
#5220=CARTESIAN_POINT('Ctrl Pts',(10.0346458431008,8.31549301714275,8.87550512327219));
#5221=CARTESIAN_POINT('Ctrl Pts',(10.0278914951305,8.37353111711799,9.1396487947879));
#5222=CARTESIAN_POINT('Ctrl Pts',(10.0161100655016,8.47593138731073,9.66225260154755));
#5223=CARTESIAN_POINT('Ctrl Pts',(10.0107564119802,8.52024754100612,9.92071239702179));
#5224=CARTESIAN_POINT('Ctrl Pts',(10.0055307049734,8.56304096016315,10.4443061114786));
#5225=CARTESIAN_POINT('Ctrl Pts',(10.0057762086199,8.56152436605035,10.7094374855342));
#5226=CARTESIAN_POINT('Ctrl Pts',(10.0164584266071,8.47147702676786,11.5107795820009));
#5227=CARTESIAN_POINT('Ctrl Pts',(10.039255544382,8.29636096317512,12.0503241483118));
#5228=CARTESIAN_POINT('Ctrl Pts',(10.1040619373916,7.58832495738795,12.8108972926138));
#5229=CARTESIAN_POINT('Ctrl Pts',(10.1388316500701,7.05736803002099,13.0322073383766));
#5230=CARTESIAN_POINT('Ctrl Pts',(10.1565273881363,5.9787770042508,13.116267315843));
#5231=CARTESIAN_POINT('Ctrl Pts',(10.139605291002,5.42747751252965,12.9789432469401));
#5232=CARTESIAN_POINT('Ctrl Pts',(10.0877124857812,4.59544682203159,12.3430686584022));
#5233=CARTESIAN_POINT('Ctrl Pts',(10.0587196043953,4.31669295335137,11.8442525790063));
#5234=CARTESIAN_POINT('Ctrl Pts',(10.0330734181473,4.0704529869874,10.8554255802038));
#5235=CARTESIAN_POINT('Ctrl Pts',(10.033321529585,4.07540108177101,10.3691156222214));
#5236=CARTESIAN_POINT('Ctrl Pts',(10.0456271571776,4.18940691678302,9.41414997918104));
#5237=CARTESIAN_POINT('Ctrl Pts',(10.0572130027084,4.29853671872279,8.94550542276351));
#5238=CARTESIAN_POINT('Ctrl Pts',(10.0711747922992,4.45294400621455,8.49135279655457));
#5239=CARTESIAN_POINT('',(9.89949194384127,9.30756468842702,-15.6351435184479));
#5240=CARTESIAN_POINT('Ctrl Pts',(9.89949194384127,9.30756468842702,-15.6351435184479));
#5241=CARTESIAN_POINT('Ctrl Pts',(9.8873723923276,9.38224801036663,-15.6875579843393));
#5242=CARTESIAN_POINT('Ctrl Pts',(9.87481528902146,9.45635833679672,-15.7420182675889));
#5243=CARTESIAN_POINT('Ctrl Pts',(9.85776322809573,9.55493533829334,-15.8978329331873));
#5244=CARTESIAN_POINT('Ctrl Pts',(9.85496465172885,9.57048658743508,-16.0049415172113));
#5245=CARTESIAN_POINT('Ctrl Pts',(9.84592282480855,9.6215773581138,-16.4360639955392));
#5246=CARTESIAN_POINT('Ctrl Pts',(9.84436114680273,9.63029678336198,-16.7430762384022));
#5247=CARTESIAN_POINT('Ctrl Pts',(9.8533577840656,9.57959889597772,-17.1163402036329));
#5248=CARTESIAN_POINT('Ctrl Pts',(9.85497453951728,9.57052444098707,-17.1719609448157));
#5249=CARTESIAN_POINT('Ctrl Pts',(9.8637608043834,9.52035578761154,-17.2683889322094));
#5250=CARTESIAN_POINT('Ctrl Pts',(9.87075208811164,9.4800915084909,-17.3095450329535));
#5251=CARTESIAN_POINT('Ctrl Pts',(9.88674138416034,9.3855092631932,-17.3610383447296));
#5252=CARTESIAN_POINT('Ctrl Pts',(9.89578457715299,9.33081801676151,-17.3704465310441));
#5253=CARTESIAN_POINT('Ctrl Pts',(10.0075308775245,8.63481065903149,-17.4751344229601));
#5254=CARTESIAN_POINT('Ctrl Pts',(10.0780588767325,7.99097823206594,-17.4100050193266));
#5255=CARTESIAN_POINT('Ctrl Pts',(10.1545310487939,6.6954654874685,-17.3553807640007));
#5256=CARTESIAN_POINT('Ctrl Pts',(10.1600761115914,6.04336883324178,-17.3655796751645));
#5257=CARTESIAN_POINT('Ctrl Pts',(10.1069745392245,4.75922791527055,-17.4129550792249));
#5258=CARTESIAN_POINT('Ctrl Pts',(10.0499268490478,4.12383359436338,-17.4501977167677));
#5259=CARTESIAN_POINT('Ctrl Pts',(9.94706991974853,3.40056538734864,-17.3915657232304));
#5260=CARTESIAN_POINT('Ctrl Pts',(9.93750439071174,3.3360041235198,-17.3854816642665));
#5261=CARTESIAN_POINT('Ctrl Pts',(9.92270073415473,3.23870940255073,-17.3288636940791));
#5262=CARTESIAN_POINT('Ctrl Pts',(9.91699240054541,3.20222015828554,-17.2872311639555));
#5263=CARTESIAN_POINT('Ctrl Pts',(9.91015387799043,3.15882720244687,-17.1911418028938));
#5264=CARTESIAN_POINT('Ctrl Pts',(9.90937558155607,3.15400134644018,-17.1360255308719));
#5265=CARTESIAN_POINT('Ctrl Pts',(9.90582445847967,3.13167512248495,-16.842430422311));
#5266=CARTESIAN_POINT('Ctrl Pts',(9.90493948244802,3.12612628862503,-16.6100586736276));
#5267=CARTESIAN_POINT('Ctrl Pts',(9.90902371749749,3.15176251170454,-16.3183221982089));
#5268=CARTESIAN_POINT('Ctrl Pts',(9.91000698687962,3.15787551423519,-16.264003501329));
#5269=CARTESIAN_POINT('Ctrl Pts',(9.91665885063708,3.20006984723248,-16.1700717019265));
#5270=CARTESIAN_POINT('Ctrl Pts',(9.92185648719904,3.23325813520498,-16.1295524739601));
#5271=CARTESIAN_POINT('Ctrl Pts',(9.93468157158163,3.31730489275229,-16.0777385282182));
#5272=CARTESIAN_POINT('Ctrl Pts',(9.94239944671273,3.36900277809528,-16.0680837436356));
#5273=CARTESIAN_POINT('Ctrl Pts',(9.96708604590041,3.53956135367692,-16.0490086473971));
#5274=CARTESIAN_POINT('Ctrl Pts',(9.98291887842893,3.65661674386001,-16.0568455646037));
#5275=CARTESIAN_POINT('Ctrl Pts',(10.0309852058123,4.03795912590728,-16.0708016526741));
#5276=CARTESIAN_POINT('Ctrl Pts',(10.059141651267,4.30573016797065,-16.0628595181183));
#5277=CARTESIAN_POINT('Ctrl Pts',(10.1097056213036,4.90616498622621,-16.0527698698328));
#5278=CARTESIAN_POINT('Ctrl Pts',(10.1290942274596,5.23641864914088,-16.0527669672409));
#5279=CARTESIAN_POINT('Ctrl Pts',(10.1512389800682,5.92694078794093,-16.0567656429753));
#5280=CARTESIAN_POINT('Ctrl Pts',(10.1523671207768,6.28676469487978,-16.0607128600742));
#5281=CARTESIAN_POINT('Ctrl Pts',(10.1413351635709,6.81361006293689,-16.0432264523257));
#5282=CARTESIAN_POINT('Ctrl Pts',(10.1359571551428,7.00636045879348,-16.0274811665588));
#5283=CARTESIAN_POINT('Ctrl Pts',(10.10764150578,7.4898303668572,-16.0547109348672));
#5284=CARTESIAN_POINT('Ctrl Pts',(10.0955736031354,7.65181413077993,-16.0680694677939));
#5285=CARTESIAN_POINT('Ctrl Pts',(10.094617899723,7.66419051075817,-16.0181165908705));
#5286=CARTESIAN_POINT('Ctrl Pts',(10.1056576077641,7.51786594761086,-15.9556108180717));
#5287=CARTESIAN_POINT('Ctrl Pts',(10.1361101195937,7.01522273759236,-15.7274384724947));
#5288=CARTESIAN_POINT('Ctrl Pts',(10.1409466709296,6.82288666669257,-15.6045463898363));
#5289=CARTESIAN_POINT('Ctrl Pts',(10.1542381514219,6.21455955719155,-15.2436888123582));
#5290=CARTESIAN_POINT('Ctrl Pts',(10.1502464522918,5.73308834648268,-14.9835511396563));
#5291=CARTESIAN_POINT('Ctrl Pts',(10.0959942700296,4.61347199807905,-14.4348011480286));
#5292=CARTESIAN_POINT('Ctrl Pts',(10.0328875225221,3.99183871772282,-14.1767973761426));
#5293=CARTESIAN_POINT('Ctrl Pts',(9.94374489950779,3.37838392880188,-13.733878349851));
#5294=CARTESIAN_POINT('Ctrl Pts',(9.93891390965232,3.34581293253613,-13.7097503813624));
#5295=CARTESIAN_POINT('Ctrl Pts',(9.93287211327142,3.30552186155217,-13.6472825894606));
#5296=CARTESIAN_POINT('Ctrl Pts',(9.93137499269258,3.29567453984436,-13.6105660504033));
#5297=CARTESIAN_POINT('Ctrl Pts',(9.9313307067887,3.29538193317771,-13.5370558946108));
#5298=CARTESIAN_POINT('Ctrl Pts',(9.93278354308318,3.30493653877519,-13.5002622487521));
#5299=CARTESIAN_POINT('Ctrl Pts',(9.93875189043644,3.34472453056589,-13.4374635873634));
#5300=CARTESIAN_POINT('Ctrl Pts',(9.94355502402615,3.37709797749942,-13.4130639632904));
#5301=CARTESIAN_POINT('Ctrl Pts',(10.0322186818097,3.98679989951371,-12.9655117250932));
#5302=CARTESIAN_POINT('Ctrl Pts',(10.0955864853702,4.60878794557723,-12.7074914897459));
#5303=CARTESIAN_POINT('Ctrl Pts',(10.1500321086057,5.72584606251615,-12.1550435335742));
#5304=CARTESIAN_POINT('Ctrl Pts',(10.1542220530571,6.20521903806953,-11.892288473452));
#5305=CARTESIAN_POINT('Ctrl Pts',(10.1412750258667,6.81266341813628,-11.5300507147331));
#5306=CARTESIAN_POINT('Ctrl Pts',(10.1364929384906,7.00523738702211,-11.4072724913464));
#5307=CARTESIAN_POINT('Ctrl Pts',(10.1064991239826,7.50539063639191,-11.1755006684357));
#5308=CARTESIAN_POINT('Ctrl Pts',(10.0956025472419,7.65111804902514,-11.1116757602533));
#5309=CARTESIAN_POINT('Ctrl Pts',(10.0965099454019,7.63929417085397,-11.06139684891));
#5310=CARTESIAN_POINT('Ctrl Pts',(10.1086406888713,7.47500498268815,-11.0766694165867));
#5311=CARTESIAN_POINT('Ctrl Pts',(10.1368882355285,6.98533837014681,-11.1086804454986));
#5312=CARTESIAN_POINT('Ctrl Pts',(10.1420722154718,6.79058868491045,-11.0930185675481));
#5313=CARTESIAN_POINT('Ctrl Pts',(10.1525210418041,6.25851212762348,-11.0778036404976));
#5314=CARTESIAN_POINT('Ctrl Pts',(10.1508287067098,5.89523505219267,-11.0844991807001));
#5315=CARTESIAN_POINT('Ctrl Pts',(10.1272554801023,5.19944997826123,-11.0930904169714));
#5316=CARTESIAN_POINT('Ctrl Pts',(10.1071060699286,4.86736971975843,-11.0949390195013));
#5317=CARTESIAN_POINT('Ctrl Pts',(10.0551811665346,4.26587704711908,-11.0889746241865));
#5318=CARTESIAN_POINT('Ctrl Pts',(10.0265534329062,3.99888043250192,-11.083189015479));
#5319=CARTESIAN_POINT('Ctrl Pts',(9.97842271382577,3.62305604186197,-11.0985791062963));
#5320=CARTESIAN_POINT('Ctrl Pts',(9.96303808600898,3.51069180301987,-11.1062820174906));
#5321=CARTESIAN_POINT('Ctrl Pts',(9.93895437563877,3.34575791310878,-11.0900467036269));
#5322=CARTESIAN_POINT('Ctrl Pts',(9.93129369407017,3.29484527129665,-11.081375940143));
#5323=CARTESIAN_POINT('Ctrl Pts',(9.91833984960387,3.21061526774075,-11.0324133886227));
#5324=CARTESIAN_POINT('Ctrl Pts',(9.9129626114377,3.17653939228935,-10.9937298360562));
#5325=CARTESIAN_POINT('Ctrl Pts',(9.90598208908248,3.13262425467289,-10.9022746425362));
#5326=CARTESIAN_POINT('Ctrl Pts',(9.9048845575262,3.1258561240254,-10.8484214918077));
#5327=CARTESIAN_POINT('Ctrl Pts',(9.90074122255255,3.10007612366965,-10.5874348951196));
#5328=CARTESIAN_POINT('Ctrl Pts',(9.90103191567112,3.10190130421759,-10.3850506885425));
#5329=CARTESIAN_POINT('Ctrl Pts',(9.90434561350091,3.12251696845194,-10.1171061522536));
#5330=CARTESIAN_POINT('Ctrl Pts',(9.90527924785193,3.12823468941995,-10.0572216863148));
#5331=CARTESIAN_POINT('Ctrl Pts',(9.91284994153355,3.17583246704366,-9.95948713296931));
#5332=CARTESIAN_POINT('Ctrl Pts',(9.91855425555646,3.21197859139889,-9.91966071951504));
#5333=CARTESIAN_POINT('Ctrl Pts',(9.93214039995704,3.30042729714593,-9.87091259244976));
#5334=CARTESIAN_POINT('Ctrl Pts',(9.94012729250486,3.35360978522055,-9.86410202659957));
#5335=CARTESIAN_POINT('Ctrl Pts',(10.0430420247628,4.06149682693126,-9.78370263903643));
#5336=CARTESIAN_POINT('Ctrl Pts',(10.1030449362553,4.70440792254343,-9.82722933415277));
#5337=CARTESIAN_POINT('Ctrl Pts',(10.1597903000514,5.99830743950729,-9.87280772765282));
#5338=CARTESIAN_POINT('Ctrl Pts',(10.155654682722,6.65225475346999,-9.87497727080304));
#5339=CARTESIAN_POINT('Ctrl Pts',(10.0816823373041,7.95223261912433,-9.81001114644217));
#5340=CARTESIAN_POINT('Ctrl Pts',(10.0121198947717,8.59912513137535,-9.74264048401149));
#5341=CARTESIAN_POINT('Ctrl Pts',(9.90103332201091,9.29855585675909,-9.84451240707619));
#5342=CARTESIAN_POINT('Ctrl Pts',(9.8920722164917,9.35332539003577,-9.85365999490923));
#5343=CARTESIAN_POINT('Ctrl Pts',(9.87617221025386,9.44834662677114,-9.90467696584653));
#5344=CARTESIAN_POINT('Ctrl Pts',(9.86919158279901,9.48894868134719,-9.94566622955986));
#5345=CARTESIAN_POINT('Ctrl Pts',(9.86036286471031,9.53984586229146,-10.0418995493855));
#5346=CARTESIAN_POINT('Ctrl Pts',(9.85869318818159,9.54930835413771,-10.097497177824));
#5347=CARTESIAN_POINT('Ctrl Pts',(9.84869404114197,9.60616055555427,-10.4852412128195));
#5348=CARTESIAN_POINT('Ctrl Pts',(9.848706937044,9.60607871654804,-10.8078214790699));
#5349=CARTESIAN_POINT('Ctrl Pts',(9.85888105120993,9.54825737532656,-11.2494651656035));
#5350=CARTESIAN_POINT('Ctrl Pts',(9.86193947999929,9.53109000651962,-11.352239326063));
#5351=CARTESIAN_POINT('Ctrl Pts',(9.87884149139853,9.43268328953194,-11.5042270803249));
#5352=CARTESIAN_POINT('Ctrl Pts',(9.89144134051552,9.35774611200585,-11.557656299137));
#5353=CARTESIAN_POINT('Ctrl Pts',(9.99048052827959,8.74241930362792,-11.9784939279728));
#5354=CARTESIAN_POINT('Ctrl Pts',(10.0570932439446,8.18046173388926,-12.2509921447904));
#5355=CARTESIAN_POINT('Ctrl Pts',(10.1400918734205,7.04362127469027,-12.8085074430824));
#5356=CARTESIAN_POINT('Ctrl Pts',(10.1556756413539,6.47437798493142,-13.0940253319532));
#5357=CARTESIAN_POINT('Ctrl Pts',(10.1477450200126,5.9021336137328,-13.471095050522));
#5358=CARTESIAN_POINT('Ctrl Pts',(10.1472267000416,5.87067378996774,-13.4920950931932));
#5359=CARTESIAN_POINT('Ctrl Pts',(10.1465120768919,5.83136888827957,-13.5461114754233));
#5360=CARTESIAN_POINT('Ctrl Pts',(10.1462841569907,5.81992621382679,-13.575622778369));
#5361=CARTESIAN_POINT('Ctrl Pts',(10.1462811145881,5.81977695264626,-13.6347089611124));
#5362=CARTESIAN_POINT('Ctrl Pts',(10.1465046290478,5.83098117273553,-13.6642820882987));
#5363=CARTESIAN_POINT('Ctrl Pts',(10.1472228643478,5.87046508645895,-13.7182876272134));
#5364=CARTESIAN_POINT('Ctrl Pts',(10.1477566840845,5.90270229651743,-13.7388455297155));
#5365=CARTESIAN_POINT('Ctrl Pts',(10.1557766140433,6.48887385318735,-14.1097687748049));
#5366=CARTESIAN_POINT('Ctrl Pts',(10.1395884047235,7.05431099779133,-14.4105143663398));
#5367=CARTESIAN_POINT('Ctrl Pts',(10.0556420923851,8.19614712307368,-14.9831469685329));
#5368=CARTESIAN_POINT('Ctrl Pts',(9.98726326689082,8.76669863666078,-15.2555513352689));
#5369=CARTESIAN_POINT('Ctrl Pts',(9.89949194384127,9.30756468842702,-15.6351435184479));
#5370=CARTESIAN_POINT('',(9.8498502137046,9.599370796787,-19.8624682426453));
#5371=CARTESIAN_POINT('Ctrl Pts',(9.8498502137046,9.599370796787,-19.8624682426453));
#5372=CARTESIAN_POINT('Ctrl Pts',(9.84486180240732,9.62739889794988,-20.1316308532021));
#5373=CARTESIAN_POINT('Ctrl Pts',(9.84283162440214,9.63875074134565,-20.3921865108586));
#5374=CARTESIAN_POINT('Ctrl Pts',(9.85045458944121,9.59597250498762,-20.7150588855019));
#5375=CARTESIAN_POINT('Ctrl Pts',(9.85204407105375,9.58710435550265,-20.7685895070311));
#5376=CARTESIAN_POINT('Ctrl Pts',(9.86106991089021,9.53582324094274,-20.8570812076407));
#5377=CARTESIAN_POINT('Ctrl Pts',(9.86826554267302,9.49455105784184,-20.8926147516522));
#5378=CARTESIAN_POINT('Ctrl Pts',(9.88436921197736,9.39975052036189,-20.9378955080595));
#5379=CARTESIAN_POINT('Ctrl Pts',(9.89337438125477,9.34551633548372,-20.9453639381563));
#5380=CARTESIAN_POINT('Ctrl Pts',(9.95412598307268,8.96906938044068,-20.9856490443054));
#5381=CARTESIAN_POINT('Ctrl Pts',(9.99784607607304,8.64673345713511,-20.9614368195601));
#5382=CARTESIAN_POINT('Ctrl Pts',(10.0691876436284,7.99870464708254,-20.9447439360585));
#5383=CARTESIAN_POINT('Ctrl Pts',(10.0967788818983,7.67274594072602,-20.9522640323345));
#5384=CARTESIAN_POINT('Ctrl Pts',(10.1353968644148,7.02040097834141,-20.9577602330883));
#5385=CARTESIAN_POINT('Ctrl Pts',(10.1464008898863,6.6950491842466,-20.9557370448031));
#5386=CARTESIAN_POINT('Ctrl Pts',(10.1520967191299,6.04623563796404,-20.9581233631803));
#5387=CARTESIAN_POINT('Ctrl Pts',(10.1468316101623,5.72128566051879,-20.9625176068917));
#5388=CARTESIAN_POINT('Ctrl Pts',(10.1197669424899,5.06909375396996,-20.9592337475678));
#5389=CARTESIAN_POINT('Ctrl Pts',(10.0979188000454,4.74258034549731,-20.9515343868265));
#5390=CARTESIAN_POINT('Ctrl Pts',(10.0382058339144,4.09521069005392,-20.9776869167609));
#5391=CARTESIAN_POINT('Ctrl Pts',(10.0005588192161,3.77425086443872,-21.0115380534562));
#5392=CARTESIAN_POINT('Ctrl Pts',(9.94614017247694,3.3944478554034,-20.9613643813623));
#5393=CARTESIAN_POINT('Ctrl Pts',(9.93829607056038,3.34144635620086,-20.9523688755382));
#5394=CARTESIAN_POINT('Ctrl Pts',(9.92516213979216,3.25467993169917,-20.9000236528745));
#5395=CARTESIAN_POINT('Ctrl Pts',(9.91979017390657,3.22013879432419,-20.858270013771));
#5396=CARTESIAN_POINT('Ctrl Pts',(9.91293794790947,3.17638951715086,-20.7624970638513));
#5397=CARTESIAN_POINT('Ctrl Pts',(9.91184547614861,3.16954914583367,-20.7077417468393));
#5398=CARTESIAN_POINT('Ctrl Pts',(9.90671330487454,3.13715544335888,-20.3946715540979));
#5399=CARTESIAN_POINT('Ctrl Pts',(9.906697079123,3.1370778937587,-20.1391940663896));
#5400=CARTESIAN_POINT('Ctrl Pts',(9.91129592716847,3.16607519391195,-19.8266304018559));
#5401=CARTESIAN_POINT('Ctrl Pts',(9.91227616296261,3.17220399269841,-19.771988625834));
#5402=CARTESIAN_POINT('Ctrl Pts',(9.91870529104316,3.21317933554984,-19.6757264954888));
#5403=CARTESIAN_POINT('Ctrl Pts',(9.92370238182431,3.24521666834858,-19.6333597817076));
#5404=CARTESIAN_POINT('Ctrl Pts',(9.93612151748184,3.32693627624812,-19.580892972021));
#5405=CARTESIAN_POINT('Ctrl Pts',(9.9435407521422,3.37677759608807,-19.5710800864907));
#5406=CARTESIAN_POINT('Ctrl Pts',(9.99785835201993,3.7529600617578,-19.5120602318414));
#5407=CARTESIAN_POINT('Ctrl Pts',(10.0359488545431,4.07454910540907,-19.5474187006133));
#5408=CARTESIAN_POINT('Ctrl Pts',(10.096408293674,4.72260255571121,-19.5716483741933));
#5409=CARTESIAN_POINT('Ctrl Pts',(10.1185984331704,5.04920047569405,-19.5605184105219));
#5410=CARTESIAN_POINT('Ctrl Pts',(10.1463416085953,5.70171427471294,-19.5510695864994));
#5411=CARTESIAN_POINT('Ctrl Pts',(10.1519340292739,6.02683215626782,-19.5527237320235));
#5412=CARTESIAN_POINT('Ctrl Pts',(10.1468858171953,6.67565887647461,-19.5515927671266));
#5413=CARTESIAN_POINT('Ctrl Pts',(10.1362177312412,7.00092367410915,-19.5487977046293));
#5414=CARTESIAN_POINT('Ctrl Pts',(10.0981860209275,7.65431881087833,-19.5511908420763));
#5415=CARTESIAN_POINT('Ctrl Pts',(10.070789078263,7.98137477502317,-19.5563806529332));
#5416=CARTESIAN_POINT('Ctrl Pts',(10.0002406899439,8.62757147421463,-19.539750439226));
#5417=CARTESIAN_POINT('Ctrl Pts',(9.95735304039684,8.9470447035534,-19.5179315888572));
#5418=CARTESIAN_POINT('Ctrl Pts',(9.8947599874537,9.33727134457428,-19.551606631664));
#5419=CARTESIAN_POINT('Ctrl Pts',(9.88419145550171,9.40091820568726,-19.558957763026));
#5420=CARTESIAN_POINT('Ctrl Pts',(9.86714124170906,9.50107017372079,-19.6144491121044));
#5421=CARTESIAN_POINT('Ctrl Pts',(9.86028161533704,9.54032445806891,-19.6556236088606));
#5422=CARTESIAN_POINT('Ctrl Pts',(9.85202696948617,9.58719406617732,-19.7518436969957));
#5423=CARTESIAN_POINT('Ctrl Pts',(9.85087197607152,9.59362987903232,-19.8073364161664));
#5424=CARTESIAN_POINT('Ctrl Pts',(9.8498502137046,9.599370796787,-19.8624682426453));
#5425=CARTESIAN_POINT('',(9.44252834170829,11.3912796297669,-29.0447473526001));
#5426=CARTESIAN_POINT('Ctrl Pts',(9.44252834170829,11.3912796297669,-29.0447473526001));
#5427=CARTESIAN_POINT('Ctrl Pts',(9.45969467911446,11.3294678470518,-29.0027208316827));
#5428=CARTESIAN_POINT('Ctrl Pts',(9.47355944196053,11.278318811912,-28.9450014847386));
#5429=CARTESIAN_POINT('Ctrl Pts',(9.48992663793891,11.2175727354755,-28.8117308810272));
#5430=CARTESIAN_POINT('Ctrl Pts',(9.49246623623785,11.2079883593859,-28.7361780597307));
#5431=CARTESIAN_POINT('Ctrl Pts',(9.50321227306618,11.167725966535,-28.303228213462));
#5432=CARTESIAN_POINT('Ctrl Pts',(9.48974374342196,11.2182135414326,-27.6034389914529));
#5433=CARTESIAN_POINT('Ctrl Pts',(9.49663754318629,11.1923679494545,-26.5421265510185));
#5434=CARTESIAN_POINT('Ctrl Pts',(9.48880225648707,11.2217311092362,-25.4808777716665));
#5435=CARTESIAN_POINT('Ctrl Pts',(9.50476081213951,11.1618891642622,-24.782864118799));
#5436=CARTESIAN_POINT('Ctrl Pts',(9.49214456372017,11.2091546545633,-24.3513884076964));
#5437=CARTESIAN_POINT('Ctrl Pts',(9.48923043070555,11.2201478314386,-24.2773845448054));
#5438=CARTESIAN_POINT('Ctrl Pts',(9.4715300946443,11.2857751887737,-24.1510989701289));
#5439=CARTESIAN_POINT('Ctrl Pts',(9.45672432417436,11.3402647415518,-24.0987527815145));
#5440=CARTESIAN_POINT('Ctrl Pts',(9.42187928765697,11.4654303749101,-24.0267351480375));
#5441=CARTESIAN_POINT('Ctrl Pts',(9.40188145761111,11.5359199921968,-24.0067207119193));
#5442=CARTESIAN_POINT('Ctrl Pts',(9.3621292422605,11.6729601183738,-24.0139225300151));
#5443=CARTESIAN_POINT('Ctrl Pts',(9.34243006591684,11.7394812538558,-24.0416202618246));
#5444=CARTESIAN_POINT('Ctrl Pts',(9.22787364057402,12.1189608876415,-24.2204649135869));
#5445=CARTESIAN_POINT('Ctrl Pts',(9.13999270225741,12.3848663304948,-24.4332780979028));
#5446=CARTESIAN_POINT('Ctrl Pts',(8.94373068012129,12.9406669655195,-24.8141645443802));
#5447=CARTESIAN_POINT('Ctrl Pts',(8.83358792913668,13.231228361519,-24.9823027047467));
#5448=CARTESIAN_POINT('Ctrl Pts',(8.6029252550758,13.7977738491701,-25.3377349793886));
#5449=CARTESIAN_POINT('Ctrl Pts',(8.48313338940071,14.0733873279917,-25.5250842584991));
#5450=CARTESIAN_POINT('Ctrl Pts',(8.22376072699852,14.633551999097,-25.8646604246715));
#5451=CARTESIAN_POINT('Ctrl Pts',(8.08336774367819,14.917688449787,-26.0168707263351));
#5452=CARTESIAN_POINT('Ctrl Pts',(7.92302236977694,15.2250369113982,-26.280947416795));
#5453=CARTESIAN_POINT('Ctrl Pts',(7.8958219251594,15.2764959885557,-26.3291128300284));
#5454=CARTESIAN_POINT('Ctrl Pts',(7.86059489504705,15.3427171807094,-26.4530275991167));
#5455=CARTESIAN_POINT('Ctrl Pts',(7.85277814539579,15.3572589881994,-26.5289728924145));
#5456=CARTESIAN_POINT('Ctrl Pts',(7.85290211146322,15.3570273831982,-26.6806654785488));
#5457=CARTESIAN_POINT('Ctrl Pts',(7.86078333768441,15.3423658178439,-26.7564122095471));
#5458=CARTESIAN_POINT('Ctrl Pts',(7.89624382456813,15.275699804937,-26.8789443679844));
#5459=CARTESIAN_POINT('Ctrl Pts',(7.92352969315889,15.2240727116361,-26.926047048743));
#5460=CARTESIAN_POINT('Ctrl Pts',(8.08443978421112,14.9155934657227,-27.1837486575087));
#5461=CARTESIAN_POINT('Ctrl Pts',(8.22505930084811,14.6308666320035,-27.3289707537604));
#5462=CARTESIAN_POINT('Ctrl Pts',(8.48452268112952,14.0702725875776,-27.6577433047249));
#5463=CARTESIAN_POINT('Ctrl Pts',(8.60416743724502,13.7948291419844,-27.8413007644709));
#5464=CARTESIAN_POINT('Ctrl Pts',(8.83390141392966,13.230354505704,-28.1910049498598));
#5465=CARTESIAN_POINT('Ctrl Pts',(8.94336250511955,12.9417450231926,-28.3572373418651));
#5466=CARTESIAN_POINT('Ctrl Pts',(9.14122522951923,12.3813703677338,-28.7187073605097));
#5467=CARTESIAN_POINT('Ctrl Pts',(9.23117659144148,12.1088165838462,-28.9140091212453));
#5468=CARTESIAN_POINT('Ctrl Pts',(9.3464638435382,11.7259676879929,-29.0841620815647));
#5469=CARTESIAN_POINT('Ctrl Pts',(9.36637127044074,11.6585460048424,-29.1109776223535));
#5470=CARTESIAN_POINT('Ctrl Pts',(9.40610521826452,11.5211712890861,-29.1114966360271));
#5471=CARTESIAN_POINT('Ctrl Pts',(9.42588241003763,11.4512175587013,-29.085499819419));
#5472=CARTESIAN_POINT('Ctrl Pts',(9.44252834170829,11.3912796297669,-29.0447473526001));
#5473=CARTESIAN_POINT('',(9.84808107392155,9.60929601148384,-29.6626591682434));
#5474=CARTESIAN_POINT('Ctrl Pts',(9.84808107392155,9.60929601148384,-29.6626591682434));
#5475=CARTESIAN_POINT('Ctrl Pts',(9.84983575958949,9.59946667163398,-29.7183685670448));
#5476=CARTESIAN_POINT('Ctrl Pts',(9.85205249456251,9.58706336867974,-29.7734273247352));
#5477=CARTESIAN_POINT('Ctrl Pts',(9.86084159306019,9.53710835705418,-29.8797956063213));
#5478=CARTESIAN_POINT('Ctrl Pts',(9.8672456118794,9.50048070001542,-29.9311688062185));
#5479=CARTESIAN_POINT('Ctrl Pts',(9.88242476200881,9.41122731185293,-29.9677120072425));
#5480=CARTESIAN_POINT('Ctrl Pts',(9.89072324794402,9.36157129517257,-29.9611828947477));
#5481=CARTESIAN_POINT('Ctrl Pts',(10.0083462295244,8.63628278677452,-29.876932258423));
#5482=CARTESIAN_POINT('Ctrl Pts',(10.075346111546,8.01440767776115,-29.9469382843565));
#5483=CARTESIAN_POINT('Ctrl Pts',(10.1533121345451,6.73556083218684,-29.9843700716953));
#5484=CARTESIAN_POINT('Ctrl Pts',(10.1604948777868,6.07973701019979,-29.9525079803011));
#5485=CARTESIAN_POINT('Ctrl Pts',(10.1090617746275,4.78295761004529,-29.9994387397329));
#5486=CARTESIAN_POINT('Ctrl Pts',(10.0511495572629,4.13810069385176,-30.0788533113653));
#5487=CARTESIAN_POINT('Ctrl Pts',(9.95215042505311,3.4358145727536,-29.9805275082536));
#5488=CARTESIAN_POINT('Ctrl Pts',(9.94412413711426,3.38075814319513,-29.9715876346038));
#5489=CARTESIAN_POINT('Ctrl Pts',(9.92989716140187,3.28557152746169,-29.9208212658065));
#5490=CARTESIAN_POINT('Ctrl Pts',(9.92365414476634,3.24503788475038,-29.8799966062429));
#5491=CARTESIAN_POINT('Ctrl Pts',(9.91568062403352,3.19377386240384,-29.7840135005441));
#5492=CARTESIAN_POINT('Ctrl Pts',(9.91411488446185,3.18390601534799,-29.7284841284343));
#5493=CARTESIAN_POINT('Ctrl Pts',(9.90952614324595,3.15480561425312,-29.4958475249775));
#5494=CARTESIAN_POINT('Ctrl Pts',(9.91086685522516,3.16326897393566,-29.3218788782588));
#5495=CARTESIAN_POINT('Ctrl Pts',(9.9145912240363,3.18691671890415,-29.0295402379542));
#5496=CARTESIAN_POINT('Ctrl Pts',(9.91644555681626,3.198423731585,-28.9145137941425));
#5497=CARTESIAN_POINT('Ctrl Pts',(9.92929867049578,3.2816788970762,-28.7357788953867));
#5498=CARTESIAN_POINT('Ctrl Pts',(9.93833750152947,3.34138464590149,-28.6664520906028));
#5499=CARTESIAN_POINT('Ctrl Pts',(10.0089561381781,3.82526605340158,-28.1240340736493));
#5500=CARTESIAN_POINT('Ctrl Pts',(10.0616139796432,4.29266297036899,-27.7180388193269));
#5501=CARTESIAN_POINT('Ctrl Pts',(10.1299166939883,5.20739385852315,-26.8654820658132));
#5502=CARTESIAN_POINT('Ctrl Pts',(10.1474243947136,5.65172085919803,-26.4187192363661));
#5503=CARTESIAN_POINT('Ctrl Pts',(10.1521032496511,6.55242523556303,-25.5525086740529));
#5504=CARTESIAN_POINT('Ctrl Pts',(10.1380233602548,7.01309455583014,-25.1333735516771));
#5505=CARTESIAN_POINT('Ctrl Pts',(10.1078445920469,7.47854750876244,-24.6577992276477));
#5506=CARTESIAN_POINT('Ctrl Pts',(10.1061555364374,7.50373245050324,-24.6318747149254));
#5507=CARTESIAN_POINT('Ctrl Pts',(10.1045913089865,7.52667573716509,-24.5746143683825));
#5508=CARTESIAN_POINT('Ctrl Pts',(10.1043009883208,7.53089958147105,-24.5482347379182));
#5509=CARTESIAN_POINT('Ctrl Pts',(10.1054706234579,7.51380274447179,-24.5058063098253));
#5510=CARTESIAN_POINT('Ctrl Pts',(10.1069076915414,7.49261654850514,-24.48970326131));
#5511=CARTESIAN_POINT('Ctrl Pts',(10.1105700859157,7.43680134609994,-24.4645419612073));
#5512=CARTESIAN_POINT('Ctrl Pts',(10.1128327947679,7.40092863206175,-24.4635477531817));
#5513=CARTESIAN_POINT('Ctrl Pts',(10.1547769158283,6.70365205935681,-24.4449074693282));
#5514=CARTESIAN_POINT('Ctrl Pts',(10.1604030788033,6.04420097120684,-24.4391882769083));
#5515=CARTESIAN_POINT('Ctrl Pts',(10.1057728179652,4.7372244688505,-24.4969800496308));
#5516=CARTESIAN_POINT('Ctrl Pts',(10.0462808717918,4.08745235686862,-24.5606909711603));
#5517=CARTESIAN_POINT('Ctrl Pts',(9.94294151225245,3.37273697548242,-24.4694787723097));
#5518=CARTESIAN_POINT('Ctrl Pts',(9.93567209705938,3.32397496720823,-24.4624694520769));
#5519=CARTESIAN_POINT('Ctrl Pts',(9.92373162614511,3.24546097357426,-24.414901094));
#5520=CARTESIAN_POINT('Ctrl Pts',(9.91895294306727,3.21479689869846,-24.3762321472703));
#5521=CARTESIAN_POINT('Ctrl Pts',(9.91271962204016,3.1750351447883,-24.2857620689593));
#5522=CARTESIAN_POINT('Ctrl Pts',(9.91190750115703,3.16996289710797,-24.2328565228834));
#5523=CARTESIAN_POINT('Ctrl Pts',(9.90812056431208,3.14603530628655,-23.9440762097418));
#5524=CARTESIAN_POINT('Ctrl Pts',(9.90726350966931,3.1406318273507,-23.711625305742));
#5525=CARTESIAN_POINT('Ctrl Pts',(9.91172697077685,3.16880375239777,-23.4241621426388));
#5526=CARTESIAN_POINT('Ctrl Pts',(9.91276648493973,3.17531112246441,-23.3718659309553));
#5527=CARTESIAN_POINT('Ctrl Pts',(9.91907477349845,3.21556185841942,-23.2834333143623));
#5528=CARTESIAN_POINT('Ctrl Pts',(9.92366714464668,3.24503907111515,-23.2460491947706));
#5529=CARTESIAN_POINT('Ctrl Pts',(9.93437338219122,3.3153963134613,-23.2029633633526));
#5530=CARTESIAN_POINT('Ctrl Pts',(9.94027782293385,3.35486288684628,-23.1944923160175));
#5531=CARTESIAN_POINT('Ctrl Pts',(10.0426711679071,4.05549682518892,-23.057638076386));
#5532=CARTESIAN_POINT('Ctrl Pts',(10.1050169675779,4.72073481290506,-23.1405416958977));
#5533=CARTESIAN_POINT('Ctrl Pts',(10.1608728480106,6.05219877068887,-23.2160682146005));
#5534=CARTESIAN_POINT('Ctrl Pts',(10.1543991697427,6.72191386715064,-23.2089000473973));
#5535=CARTESIAN_POINT('Ctrl Pts',(10.0729872026221,8.05055760093564,-23.1326905798334));
#5536=CARTESIAN_POINT('Ctrl Pts',(9.99873323989416,8.71008068879484,-23.0633484895118));
#5537=CARTESIAN_POINT('Ctrl Pts',(9.88155706161077,9.41642280931905,-23.168610523401));
#5538=CARTESIAN_POINT('Ctrl Pts',(9.87479659186933,9.45629758201862,-23.1751539478339));
#5539=CARTESIAN_POINT('Ctrl Pts',(9.86242973180295,9.52815568357768,-23.2166438225582));
#5540=CARTESIAN_POINT('Ctrl Pts',(9.85711087948897,9.55839705041056,-23.2552416776941));
#5541=CARTESIAN_POINT('Ctrl Pts',(9.84918222008243,9.60323083417609,-23.3532780236885));
#5542=CARTESIAN_POINT('Ctrl Pts',(9.84822562263407,9.60850310911897,-23.4152567742962));
#5543=CARTESIAN_POINT('Ctrl Pts',(9.84438746970074,9.63001260620604,-23.7122283836489));
#5544=CARTESIAN_POINT('Ctrl Pts',(9.84348360961276,9.63508519198541,-23.9416270544069));
#5545=CARTESIAN_POINT('Ctrl Pts',(9.84833486812424,9.60795457481262,-24.2859331427847));
#5546=CARTESIAN_POINT('Ctrl Pts',(9.85074820200989,9.5946414232035,-24.3948300941923));
#5547=CARTESIAN_POINT('Ctrl Pts',(9.86492078427451,9.51396270525946,-24.5726329262903));
#5548=CARTESIAN_POINT('Ctrl Pts',(9.8753554883822,9.45345628586833,-24.6448233230567));
#5549=CARTESIAN_POINT('Ctrl Pts',(9.98512412590243,8.79697079270234,-25.4053651941226));
#5550=CARTESIAN_POINT('Ctrl Pts',(10.0662095751864,8.12418362460883,-25.990372639063));
#5551=CARTESIAN_POINT('Ctrl Pts',(10.1523907350943,6.79210738574787,-27.1911894928304));
#5552=CARTESIAN_POINT('Ctrl Pts',(10.1598953081645,6.13623494865069,-27.8072711940475));
#5553=CARTESIAN_POINT('Ctrl Pts',(10.1371069634631,5.49225733406767,-28.4926905414971));
#5554=CARTESIAN_POINT('Ctrl Pts',(10.1361910708557,5.46780831996465,-28.518815064635));
#5555=CARTESIAN_POINT('Ctrl Pts',(10.1353517379652,5.44604145228961,-28.5759926056347));
#5556=CARTESIAN_POINT('Ctrl Pts',(10.1352071992304,5.44233399257542,-28.6023701344483));
#5557=CARTESIAN_POINT('Ctrl Pts',(10.1358893564618,5.45995305864752,-28.644718166928));
#5558=CARTESIAN_POINT('Ctrl Pts',(10.1367008387622,5.48124020436513,-28.6607043810024));
#5559=CARTESIAN_POINT('Ctrl Pts',(10.1387105282509,5.537201719401,-28.6855529192316));
#5560=CARTESIAN_POINT('Ctrl Pts',(10.1399087058067,5.57309129474743,-28.6864156569606));
#5561=CARTESIAN_POINT('Ctrl Pts',(10.1601755237647,6.23845366358888,-28.7017935622698));
#5562=CARTESIAN_POINT('Ctrl Pts',(10.1486414583797,6.86551562061382,-28.7058553719303));
#5563=CARTESIAN_POINT('Ctrl Pts',(10.0655568155257,8.11266311405977,-28.6440567573966));
#5564=CARTESIAN_POINT('Ctrl Pts',(9.99486939193032,8.72988488487158,-28.5778983977735));
#5565=CARTESIAN_POINT('Ctrl Pts',(9.88213936198506,9.41312489135847,-28.6695675792096));
#5566=CARTESIAN_POINT('Ctrl Pts',(9.87320850139425,9.46569752793016,-28.6776553606328));
#5567=CARTESIAN_POINT('Ctrl Pts',(9.85847577475433,9.55079417886327,-28.7309414138507));
#5568=CARTESIAN_POINT('Ctrl Pts',(9.85259879761446,9.58393664392958,-28.7749109807568));
#5569=CARTESIAN_POINT('Ctrl Pts',(9.84533617750899,9.62468363249666,-28.8746519213254));
#5570=CARTESIAN_POINT('Ctrl Pts',(9.84454561692196,9.62902892478724,-28.9311926587628));
#5571=CARTESIAN_POINT('Ctrl Pts',(9.84135868891333,9.6467543551692,-29.2150145107053));
#5572=CARTESIAN_POINT('Ctrl Pts',(9.84118938849713,9.64790162581833,-29.4438555051505));
#5573=CARTESIAN_POINT('Ctrl Pts',(9.84808107392155,9.60929601148384,-29.6626591682434));
#5574=CARTESIAN_POINT('Origin',(-9.25,6.2,22.));
#5575=CARTESIAN_POINT('',(9.45430620641801,9.53900124836046,-29.6626591682434));
#5576=CARTESIAN_POINT('Ctrl Pts',(9.45430620641801,9.53900124836046,-29.6626591682434));
#5577=CARTESIAN_POINT('Ctrl Pts',(9.44755661760028,9.57681087064682,-29.4438555051505));
#5578=CARTESIAN_POINT('Ctrl Pts',(9.44772242728625,9.57568725506262,-29.2150145107053));
#5579=CARTESIAN_POINT('Ctrl Pts',(9.45084364543904,9.55832729747204,-28.9311926587628));
#5580=CARTESIAN_POINT('Ctrl Pts',(9.45161790580778,9.55407159883694,-28.8746519213254));
#5581=CARTESIAN_POINT('Ctrl Pts',(9.45873078116881,9.51416475436403,-28.7749109807568));
#5582=CARTESIAN_POINT('Ctrl Pts',(9.46448658352228,9.4817056390929,-28.7309414138507));
#5583=CARTESIAN_POINT('Ctrl Pts',(9.47891554260262,9.39836355828212,-28.6776553606328));
#5584=CARTESIAN_POINT('Ctrl Pts',(9.48766226173795,9.3468748935985,-28.6695675792096));
#5585=CARTESIAN_POINT('Ctrl Pts',(9.59806796116887,8.67772230992578,-28.5778983977735));
#5586=CARTESIAN_POINT('Ctrl Pts',(9.66729791211284,8.07322676119256,-28.6440567573966));
#5587=CARTESIAN_POINT('Ctrl Pts',(9.74866946954717,6.85179364905478,-28.7058553719303));
#5588=CARTESIAN_POINT('Ctrl Pts',(9.75996571915102,6.23766080454581,-28.7017935622698));
#5589=CARTESIAN_POINT('Ctrl Pts',(9.74011677372817,5.58601724743306,-28.6864156569606));
#5590=CARTESIAN_POINT('Ctrl Pts',(9.73894330086425,5.55086766333088,-28.6855529192316));
#5591=CARTESIAN_POINT('Ctrl Pts',(9.73697504827227,5.49605999396585,-28.6607043810024));
#5592=CARTESIAN_POINT('Ctrl Pts',(9.73618029756569,5.47521175846923,-28.644718166928));
#5593=CARTESIAN_POINT('Ctrl Pts',(9.73551220543184,5.45795597210995,-28.6023701344483));
#5594=CARTESIAN_POINT('Ctrl Pts',(9.7356537639865,5.4615869893558,-28.5759926056347));
#5595=CARTESIAN_POINT('Ctrl Pts',(9.73647579104424,5.48290505563549,-28.518815064635));
#5596=CARTESIAN_POINT('Ctrl Pts',(9.73737279926796,5.50684996635494,-28.4926905414971));
#5597=CARTESIAN_POINT('Ctrl Pts',(9.75969128119205,6.13754969197748,-27.8072711940475));
#5598=CARTESIAN_POINT('Ctrl Pts',(9.75234144158716,6.77989898604173,-27.1911894928304));
#5599=CARTESIAN_POINT('Ctrl Pts',(9.66793721281138,8.08450973544164,-25.990372639063));
#5600=CARTESIAN_POINT('Ctrl Pts',(9.58852362846114,8.74342500316208,-25.4053651941226));
#5601=CARTESIAN_POINT('Ctrl Pts',(9.48101826181761,9.38637471296382,-24.6448233230567));
#5602=CARTESIAN_POINT('Ctrl Pts',(9.47079870624822,9.44563357731597,-24.5726329262903));
#5603=CARTESIAN_POINT('Ctrl Pts',(9.45691834217463,9.52464881653951,-24.3948300941923));
#5604=CARTESIAN_POINT('Ctrl Pts',(9.45455476775054,9.53768747017731,-24.2859331427847));
#5605=CARTESIAN_POINT('Ctrl Pts',(9.44980353518775,9.56425869318158,-23.9416270544069));
#5606=CARTESIAN_POINT('Ctrl Pts',(9.45068875898526,9.55929069679973,-23.7122283836489));
#5607=CARTESIAN_POINT('Ctrl Pts',(9.45444777474471,9.53822469449795,-23.4152567742962));
#5608=CARTESIAN_POINT('Ctrl Pts',(9.45538464853433,9.53306112625494,-23.3532780236885));
#5609=CARTESIAN_POINT('Ctrl Pts',(9.46314983042734,9.48915175040209,-23.2552416776941));
#5610=CARTESIAN_POINT('Ctrl Pts',(9.4683590156833,9.45953391690598,-23.2166438225582));
#5611=CARTESIAN_POINT('Ctrl Pts',(9.48047088894419,9.38915742568834,-23.1751539478339));
#5612=CARTESIAN_POINT('Ctrl Pts',(9.48709196755694,9.35010481325062,-23.168610523401));
#5613=CARTESIAN_POINT('Ctrl Pts',(9.60185214216438,8.65832644778876,-23.0633484895118));
#5614=CARTESIAN_POINT('Ctrl Pts',(9.67457509535157,8.01240177411222,-23.1326905798334));
#5615=CARTESIAN_POINT('Ctrl Pts',(9.75430846521196,6.71115275648774,-23.2089000473973));
#5616=CARTESIAN_POINT('Ctrl Pts',(9.76064866557734,6.0552462187159,-23.2160682146005));
#5617=CARTESIAN_POINT('Ctrl Pts',(9.70594445278246,4.75123512604104,-23.1405416958977));
#5618=CARTESIAN_POINT('Ctrl Pts',(9.64488413351721,4.09971338549431,-23.057638076386));
#5619=CARTESIAN_POINT('Ctrl Pts',(9.54460199153315,3.41352550773605,-23.1944923160175));
#5620=CARTESIAN_POINT('Ctrl Pts',(9.53881929183676,3.37487267813221,-23.2029633633526));
#5621=CARTESIAN_POINT('Ctrl Pts',(9.52833380145808,3.3059661005767,-23.2460491947706));
#5622=CARTESIAN_POINT('Ctrl Pts',(9.52383611837477,3.27709666546233,-23.2834333143623));
#5623=CARTESIAN_POINT('Ctrl Pts',(9.51765789762139,3.23767584158886,-23.3718659309553));
#5624=CARTESIAN_POINT('Ctrl Pts',(9.51663981674021,3.23130264410091,-23.4241621426388));
#5625=CARTESIAN_POINT('Ctrl Pts',(9.5122683857586,3.20371158348781,-23.711625305742));
#5626=CARTESIAN_POINT('Ctrl Pts',(9.51310776917163,3.20900365048683,-23.9440762097418));
#5627=CARTESIAN_POINT('Ctrl Pts',(9.51681662484451,3.23243788892018,-24.2328565228834));
#5628=CARTESIAN_POINT('Ctrl Pts',(9.51761200096716,3.23740555417411,-24.2857620689593));
#5629=CARTESIAN_POINT('Ctrl Pts',(9.52371679991125,3.27634747810674,-24.3762321472703));
#5630=CARTESIAN_POINT('Ctrl Pts',(9.52839695344109,3.30637930401603,-24.414901094));
#5631=CARTESIAN_POINT('Ctrl Pts',(9.54009122907877,3.38327445242044,-24.4624694520769));
#5632=CARTESIAN_POINT('Ctrl Pts',(9.5472107594225,3.43103105846216,-24.4694787723097));
#5633=CARTESIAN_POINT('Ctrl Pts',(9.64841941051775,4.13101004023216,-24.5606909711603));
#5634=CARTESIAN_POINT('Ctrl Pts',(9.70668471862568,4.76738478908039,-24.4969800496308));
#5635=CARTESIAN_POINT('Ctrl Pts',(9.76018858233314,6.04741332231598,-24.4391882769083));
#5636=CARTESIAN_POINT('Ctrl Pts',(9.75467842271844,6.69326748081336,-24.4449074693282));
#5637=CARTESIAN_POINT('Ctrl Pts',(9.71359912889643,7.3761672169677,-24.4635477531817));
#5638=CARTESIAN_POINT('Ctrl Pts',(9.711383073835,7.41130028741747,-24.4645419612073));
#5639=CARTESIAN_POINT('Ctrl Pts',(9.70779619274669,7.4659646609071,-24.48970326131));
#5640=CARTESIAN_POINT('Ctrl Pts',(9.70638875493295,7.48671402809093,-24.5058063098253));
#5641=CARTESIAN_POINT('Ctrl Pts',(9.70524323598425,7.50345835298712,-24.5482347379182));
#5642=CARTESIAN_POINT('Ctrl Pts',(9.70552757065688,7.49932159825447,-24.5746143683825));
#5643=CARTESIAN_POINT('Ctrl Pts',(9.70705954599542,7.47685136904957,-24.6318747149254));
#5644=CARTESIAN_POINT('Ctrl Pts',(9.70871377571608,7.45218570445806,-24.6577992276477));
#5645=CARTESIAN_POINT('Ctrl Pts',(9.73827030128052,6.99632971962746,-25.1333735516771));
#5646=CARTESIAN_POINT('Ctrl Pts',(9.75205988367894,6.5451587358607,-25.5525086740529));
#5647=CARTESIAN_POINT('Ctrl Pts',(9.74747749997723,5.66302558375064,-26.4187192363661));
#5648=CARTESIAN_POINT('Ctrl Pts',(9.73033078277208,5.22785996453298,-26.8654820658132));
#5649=CARTESIAN_POINT('Ctrl Pts',(9.66343637181554,4.33198950706242,-27.7180388193269));
#5650=CARTESIAN_POINT('Ctrl Pts',(9.61186425904043,3.87422963992939,-28.1240340736493));
#5651=CARTESIAN_POINT('Ctrl Pts',(9.54270167675567,3.4003251686664,-28.6664520906028));
#5652=CARTESIAN_POINT('Ctrl Pts',(9.53384921337216,3.34185046620865,-28.7357788953867));
#5653=CARTESIAN_POINT('Ctrl Pts',(9.52126111234582,3.26031190206778,-28.9145137941425));
#5654=CARTESIAN_POINT('Ctrl Pts',(9.51944501323143,3.24904214738035,-29.0295402379542));
#5655=CARTESIAN_POINT('Ctrl Pts',(9.5157974355298,3.22588198478235,-29.3218788782588));
#5656=CARTESIAN_POINT('Ctrl Pts',(9.51448436709655,3.21759312736131,-29.4958475249775));
#5657=CARTESIAN_POINT('Ctrl Pts',(9.5189784950915,3.24609352018618,-29.7284841284343));
#5658=CARTESIAN_POINT('Ctrl Pts',(9.52051195137303,3.25575790647799,-29.7840135005441));
#5659=CARTESIAN_POINT('Ctrl Pts',(9.52832106961652,3.30596493867305,-29.8799966062429));
#5660=CARTESIAN_POINT('Ctrl Pts',(9.53443536425956,3.34566283617382,-29.9208212658065));
#5661=CARTESIAN_POINT('Ctrl Pts',(9.54836900026655,3.43888684127358,-29.9715876346038));
#5662=CARTESIAN_POINT('Ctrl Pts',(9.55622979773243,3.49280808671745,-29.9805275082536));
#5663=CARTESIAN_POINT('Ctrl Pts',(9.65318771072142,4.1806140816074,-30.0788533113653));
#5664=CARTESIAN_POINT('Ctrl Pts',(9.70990586174861,4.81217497891033,-29.9994387397329));
#5665=CARTESIAN_POINT('Ctrl Pts',(9.76027848855406,6.08221665947402,-29.9525079803011));
#5666=CARTESIAN_POINT('Ctrl Pts',(9.75324384311118,6.72451834080155,-29.9843700716953));
#5667=CARTESIAN_POINT('Ctrl Pts',(9.67688536697806,7.97699721017844,-29.9469382843565));
#5668=CARTESIAN_POINT('Ctrl Pts',(9.61126692582283,8.58605015199566,-29.876932258423));
#5669=CARTESIAN_POINT('Ctrl Pts',(9.49606916035754,9.29638425815871,-29.9611828947477));
#5670=CARTESIAN_POINT('Ctrl Pts',(9.48794177722513,9.34501643944359,-29.9677120072425));
#5671=CARTESIAN_POINT('Ctrl Pts',(9.47307559926333,9.4324295515615,-29.9311688062185));
#5672=CARTESIAN_POINT('Ctrl Pts',(9.46680362206926,9.46830199917678,-29.8797956063213));
#5673=CARTESIAN_POINT('Ctrl Pts',(9.4581957420973,9.51722701056263,-29.7734273247352));
#5674=CARTESIAN_POINT('Ctrl Pts',(9.45602471300002,9.52937457531163,-29.7183685670448));
#5675=CARTESIAN_POINT('Ctrl Pts',(9.45430620641801,9.53900124836046,-29.6626591682434));
#5676=CARTESIAN_POINT('Ctrl Pts',(9.45430620641801,9.53900124836046,-29.6626591682434));
#5677=CARTESIAN_POINT('Ctrl Pts',(9.58556449558585,9.56243283606826,-29.6626591682434));
#5678=CARTESIAN_POINT('Ctrl Pts',(9.7168227847537,9.58586442377605,-29.6626591682434));
#5679=CARTESIAN_POINT('Ctrl Pts',(9.84808107392155,9.60929601148384,-29.6626591682434));
#5680=CARTESIAN_POINT('Ctrl Pts',(9.44755661760028,9.57681087064682,-29.4438555051505));
#5681=CARTESIAN_POINT('Ctrl Pts',(9.5787674032384,9.60050779952504,-29.4438555051505));
#5682=CARTESIAN_POINT('Ctrl Pts',(9.70997860285902,9.62420469694011,-29.4438555051505));
#5683=CARTESIAN_POINT('Ctrl Pts',(9.84118938849713,9.64790162581833,-29.4438555051505));
#5684=CARTESIAN_POINT('Ctrl Pts',(9.44772242728625,9.57568725506262,-29.2150145107053));
#5685=CARTESIAN_POINT('Ctrl Pts',(9.57893447439567,9.59937629639978,-29.2150145107053));
#5686=CARTESIAN_POINT('Ctrl Pts',(9.71014664180392,9.62306531383204,-29.2150145107053));
#5687=CARTESIAN_POINT('Ctrl Pts',(9.84135868891333,9.6467543551692,-29.2150145107053));
#5688=CARTESIAN_POINT('Ctrl Pts',(9.45084364543904,9.55832729747204,-28.9311926587628));
#5689=CARTESIAN_POINT('Ctrl Pts',(9.58207765795885,9.58189451026238,-28.9311926587628));
#5690=CARTESIAN_POINT('Ctrl Pts',(9.71331160440215,9.6054617119969,-28.9311926587628));
#5691=CARTESIAN_POINT('Ctrl Pts',(9.84454561692196,9.62902892478724,-28.9311926587628));
#5692=CARTESIAN_POINT('Ctrl Pts',(9.45161790580778,9.55407159883694,-28.8746519213254));
#5693=CARTESIAN_POINT('Ctrl Pts',(9.58285733004631,9.57760894891264,-28.8746519213254));
#5694=CARTESIAN_POINT('Ctrl Pts',(9.71409675327046,9.60114628242096,-28.8746519213254));
#5695=CARTESIAN_POINT('Ctrl Pts',(9.84533617750899,9.62468363249666,-28.8746519213254));
#5696=CARTESIAN_POINT('Ctrl Pts',(9.45873078116881,9.51416475436403,-28.7749109807568));
#5697=CARTESIAN_POINT('Ctrl Pts',(9.59002013946893,9.53742205526154,-28.7749109807568));
#5698=CARTESIAN_POINT('Ctrl Pts',(9.72130943931434,9.56067934303208,-28.7749109807568));
#5699=CARTESIAN_POINT('Ctrl Pts',(9.85259879761446,9.58393664392958,-28.7749109807568));
#5700=CARTESIAN_POINT('Ctrl Pts',(9.46448658352228,9.4817056390929,-28.7309414138507));
#5701=CARTESIAN_POINT('Ctrl Pts',(9.59581634755249,9.50473515796836,-28.7309414138507));
#5702=CARTESIAN_POINT('Ctrl Pts',(9.72714601072412,9.52776465998781,-28.7309414138507));
#5703=CARTESIAN_POINT('Ctrl Pts',(9.85847577475433,9.55079417886327,-28.7309414138507));
#5704=CARTESIAN_POINT('Ctrl Pts',(9.47891554260262,9.39836355828212,-28.6776553606328));
#5705=CARTESIAN_POINT('Ctrl Pts',(9.6103465120145,9.4208082183309,-28.6776553606328));
#5706=CARTESIAN_POINT('Ctrl Pts',(9.74177753198237,9.44325286788137,-28.6776553606328));
#5707=CARTESIAN_POINT('Ctrl Pts',(9.87320850139425,9.46569752793016,-28.6776553606328));
#5708=CARTESIAN_POINT('Ctrl Pts',(9.48766226173795,9.3468748935985,-28.6695675792096));
#5709=CARTESIAN_POINT('Ctrl Pts',(9.6191547365267,9.36895824379626,-28.6695675792096));
#5710=CARTESIAN_POINT('Ctrl Pts',(9.75064688719632,9.3910415411607,-28.6695675792096));
#5711=CARTESIAN_POINT('Ctrl Pts',(9.88213936198506,9.41312489135847,-28.6695675792096));
#5712=CARTESIAN_POINT('Ctrl Pts',(9.59806796116887,8.67772230992578,-28.5778983977735));
#5713=CARTESIAN_POINT('Ctrl Pts',(9.73033426505224,8.69510971673042,-28.5778983977735));
#5714=CARTESIAN_POINT('Ctrl Pts',(9.86260308804695,8.71249747806694,-28.5778983977735));
#5715=CARTESIAN_POINT('Ctrl Pts',(9.99486939193032,8.72988488487158,-28.5778983977735));
#5716=CARTESIAN_POINT('Ctrl Pts',(9.66729791211284,8.07322676119256,-28.6440567573966));
#5717=CARTESIAN_POINT('Ctrl Pts',(9.80005072505687,8.08637222212579,-28.6440567573966));
#5718=CARTESIAN_POINT('Ctrl Pts',(9.9328040025817,8.09951765312653,-28.6440567573966));
#5719=CARTESIAN_POINT('Ctrl Pts',(10.0655568155257,8.11266311405977,-28.6440567573966));
#5720=CARTESIAN_POINT('Ctrl Pts',(9.74866946954717,6.85179364905478,-28.7058553719303));
#5721=CARTESIAN_POINT('Ctrl Pts',(9.88199368136755,6.85636766499662,-28.7058553719303));
#5722=CARTESIAN_POINT('Ctrl Pts',(10.0153172465594,6.86094160467198,-28.7058553719303));
#5723=CARTESIAN_POINT('Ctrl Pts',(10.1486414583797,6.86551562061382,-28.7058553719303));
#5724=CARTESIAN_POINT('Ctrl Pts',(9.75996571915102,6.23766080454581,-28.7017935622698));
#5725=CARTESIAN_POINT('Ctrl Pts',(9.89336874119876,6.23792512060163,-28.7017935622698));
#5726=CARTESIAN_POINT('Ctrl Pts',(10.026772501717,6.23818934753306,-28.7017935622698));
#5727=CARTESIAN_POINT('Ctrl Pts',(10.1601755237647,6.23845366358888,-28.7017935622698));
#5728=CARTESIAN_POINT('Ctrl Pts',(9.74011677372817,5.58601724743306,-28.6864156569606));
#5729=CARTESIAN_POINT('Ctrl Pts',(9.87338073020916,5.5817086611697,-28.6864156569606));
#5730=CARTESIAN_POINT('Ctrl Pts',(10.0066447493257,5.57739988101079,-28.6864156569606));
#5731=CARTESIAN_POINT('Ctrl Pts',(10.1399087058067,5.57309129474743,-28.6864156569606));
#5732=CARTESIAN_POINT('Ctrl Pts',(9.73894330086425,5.55086766333088,-28.6855529192316));
#5733=CARTESIAN_POINT('Ctrl Pts',(9.87219898079362,5.54631241373017,-28.6855529192316));
#5734=CARTESIAN_POINT('Ctrl Pts',(10.0054548483215,5.54175696900171,-28.6855529192316));
#5735=CARTESIAN_POINT('Ctrl Pts',(10.1387105282509,5.537201719401,-28.6855529192316));
#5736=CARTESIAN_POINT('Ctrl Pts',(9.73697504827227,5.49605999396585,-28.6607043810024));
#5737=CARTESIAN_POINT('Ctrl Pts',(9.87021694738426,5.49112012331037,-28.6607043810024));
#5738=CARTESIAN_POINT('Ctrl Pts',(10.0034589396502,5.48618007502061,-28.6607043810024));
#5739=CARTESIAN_POINT('Ctrl Pts',(10.1367008387622,5.48124020436513,-28.6607043810024));
#5740=CARTESIAN_POINT('Ctrl Pts',(9.73618029756569,5.47521175846923,-28.644718166928));
#5741=CARTESIAN_POINT('Ctrl Pts',(9.86941659168432,5.47012560142494,-28.644718166928));
#5742=CARTESIAN_POINT('Ctrl Pts',(10.0026530623432,5.4650392156918,-28.644718166928));
#5743=CARTESIAN_POINT('Ctrl Pts',(10.1358893564618,5.45995305864752,-28.644718166928));
#5744=CARTESIAN_POINT('Ctrl Pts',(9.73551220543184,5.45795597210995,-28.6023701344483));
#5745=CARTESIAN_POINT('Ctrl Pts',(9.86874384948426,5.45274868820908,-28.6023701344483));
#5746=CARTESIAN_POINT('Ctrl Pts',(10.001975555178,5.44754127647629,-28.6023701344483));
#5747=CARTESIAN_POINT('Ctrl Pts',(10.1352071992304,5.44233399257542,-28.6023701344483));
#5748=CARTESIAN_POINT('Ctrl Pts',(9.7356537639865,5.4615869893558,-28.5759926056347));
#5749=CARTESIAN_POINT('Ctrl Pts',(9.86888631760025,5.45640524982574,-28.5759926056347));
#5750=CARTESIAN_POINT('Ctrl Pts',(10.0021191843514,5.45122319181967,-28.5759926056347));
#5751=CARTESIAN_POINT('Ctrl Pts',(10.1353517379652,5.44604145228961,-28.5759926056347));
#5752=CARTESIAN_POINT('Ctrl Pts',(9.73647579104424,5.48290505563549,-28.518815064635));
#5753=CARTESIAN_POINT('Ctrl Pts',(9.86971428913712,5.47787278944189,-28.518815064635));
#5754=CARTESIAN_POINT('Ctrl Pts',(10.0029525727628,5.47284058615825,-28.518815064635));
#5755=CARTESIAN_POINT('Ctrl Pts',(10.1361910708557,5.46780831996465,-28.518815064635));
#5756=CARTESIAN_POINT('Ctrl Pts',(9.73737279926796,5.50684996635494,-28.4926905414971));
#5757=CARTESIAN_POINT('Ctrl Pts',(9.87061733607471,5.50198593173431,-28.4926905414971));
#5758=CARTESIAN_POINT('Ctrl Pts',(10.0038624266563,5.4971213686883,-28.4926905414971));
#5759=CARTESIAN_POINT('Ctrl Pts',(10.1371069634631,5.49225733406767,-28.4926905414971));
#5760=CARTESIAN_POINT('Ctrl Pts',(9.75969128119205,6.13754969197748,-27.8072711940475));
#5761=CARTESIAN_POINT('Ctrl Pts',(9.89309446527887,6.13710965212994,-27.8072711940475));
#5762=CARTESIAN_POINT('Ctrl Pts',(10.0264921240777,6.13667498849822,-27.8072711940475));
#5763=CARTESIAN_POINT('Ctrl Pts',(10.1598953081645,6.13623494865069,-27.8072711940475));
#5764=CARTESIAN_POINT('Ctrl Pts',(9.75234144158716,6.77989898604173,-27.1911894928304));
#5765=CARTESIAN_POINT('Ctrl Pts',(9.88569051865088,6.78396840350321,-27.1911894928304));
#5766=CARTESIAN_POINT('Ctrl Pts',(10.0190416580305,6.78803796828638,-27.1911894928304));
#5767=CARTESIAN_POINT('Ctrl Pts',(10.1523907350943,6.79210738574787,-27.1911894928304));
#5768=CARTESIAN_POINT('Ctrl Pts',(9.66793721281138,8.08450973544164,-25.990372639063));
#5769=CARTESIAN_POINT('Ctrl Pts',(9.80069471164285,8.09773463462238,-25.990372639063));
#5770=CARTESIAN_POINT('Ctrl Pts',(9.93345207635488,8.1109587254281,-25.990372639063));
#5771=CARTESIAN_POINT('Ctrl Pts',(10.0662095751864,8.12418362460883,-25.990372639063));
#5772=CARTESIAN_POINT('Ctrl Pts',(9.58852362846114,8.74342500316208,-25.4053651941226));
#5773=CARTESIAN_POINT('Ctrl Pts',(9.72072713673861,8.76127365089704,-25.4053651941226));
#5774=CARTESIAN_POINT('Ctrl Pts',(9.85292061762497,8.77912214496739,-25.4053651941226));
#5775=CARTESIAN_POINT('Ctrl Pts',(9.98512412590243,8.79697079270234,-25.4053651941226));
#5776=CARTESIAN_POINT('Ctrl Pts',(9.48101826181761,9.38637471296382,-24.6448233230567));
#5777=CARTESIAN_POINT('Ctrl Pts',(9.61246345409997,9.40873523435421,-24.6448233230567));
#5778=CARTESIAN_POINT('Ctrl Pts',(9.74391029609984,9.43109576447793,-24.6448233230567));
#5779=CARTESIAN_POINT('Ctrl Pts',(9.8753554883822,9.45345628586833,-24.6448233230567));
#5780=CARTESIAN_POINT('Ctrl Pts',(9.47079870624822,9.44563357731597,-24.5726329262903));
#5781=CARTESIAN_POINT('Ctrl Pts',(9.60217290891829,9.46840995854217,-24.5726329262903));
#5782=CARTESIAN_POINT('Ctrl Pts',(9.73354658160444,9.49118632403326,-24.5726329262903));
#5783=CARTESIAN_POINT('Ctrl Pts',(9.86492078427451,9.51396270525946,-24.5726329262903));
#5784=CARTESIAN_POINT('Ctrl Pts',(9.45691834217463,9.52464881653951,-24.3948300941923));
#5785=CARTESIAN_POINT('Ctrl Pts',(9.5881946213309,9.54797965723264,-24.3948300941923));
#5786=CARTESIAN_POINT('Ctrl Pts',(9.71947192285361,9.57131058251038,-24.3948300941923));
#5787=CARTESIAN_POINT('Ctrl Pts',(9.85074820200989,9.5946414232035,-24.3948300941923));
#5788=CARTESIAN_POINT('Ctrl Pts',(9.45455476775054,9.53768747017731,-24.2859331427847));
#5789=CARTESIAN_POINT('Ctrl Pts',(9.58581476622301,9.56110982703341,-24.2859331427847));
#5790=CARTESIAN_POINT('Ctrl Pts',(9.71707486965177,9.58453221795653,-24.2859331427847));
#5791=CARTESIAN_POINT('Ctrl Pts',(9.84833486812424,9.60795457481262,-24.2859331427847));
#5792=CARTESIAN_POINT('Ctrl Pts',(9.44980353518775,9.56425869318158,-23.9416270544069));
#5793=CARTESIAN_POINT('Ctrl Pts',(9.58103004472469,9.58786752076322,-23.9416270544069));
#5794=CARTESIAN_POINT('Ctrl Pts',(9.71225710007582,9.61147636440377,-23.9416270544069));
#5795=CARTESIAN_POINT('Ctrl Pts',(9.84348360961276,9.63508519198541,-23.9416270544069));
#5796=CARTESIAN_POINT('Ctrl Pts',(9.45068875898526,9.55929069679973,-23.7122283836489));
#5797=CARTESIAN_POINT('Ctrl Pts',(9.58192160775845,9.58286466476192,-23.7122283836489));
#5798=CARTESIAN_POINT('Ctrl Pts',(9.71315462092754,9.60643863824386,-23.7122283836489));
#5799=CARTESIAN_POINT('Ctrl Pts',(9.84438746970074,9.63001260620604,-23.7122283836489));
#5800=CARTESIAN_POINT('Ctrl Pts',(9.45444777474471,9.53822469449795,-23.4152567742962));
#5801=CARTESIAN_POINT('Ctrl Pts',(9.5857070309027,9.56165082974187,-23.4152567742962));
#5802=CARTESIAN_POINT('Ctrl Pts',(9.71696636647609,9.58507697387505,-23.4152567742962));
#5803=CARTESIAN_POINT('Ctrl Pts',(9.84822562263407,9.60850310911897,-23.4152567742962));
#5804=CARTESIAN_POINT('Ctrl Pts',(9.45538464853433,9.53306112625494,-23.3532780236885));
#5805=CARTESIAN_POINT('Ctrl Pts',(9.5866504602294,9.55645102147517,-23.3532780236885));
#5806=CARTESIAN_POINT('Ctrl Pts',(9.71791640838736,9.57984093895586,-23.3532780236885));
#5807=CARTESIAN_POINT('Ctrl Pts',(9.84918222008243,9.60323083417609,-23.3532780236885));
#5808=CARTESIAN_POINT('Ctrl Pts',(9.46314983042734,9.48915175040209,-23.2552416776941));
#5809=CARTESIAN_POINT('Ctrl Pts',(9.59447016725036,9.51223351990373,-23.2552416776941));
#5810=CARTESIAN_POINT('Ctrl Pts',(9.72579054266595,9.53531528090893,-23.2552416776941));
#5811=CARTESIAN_POINT('Ctrl Pts',(9.85711087948897,9.55839705041056,-23.2552416776941));
#5812=CARTESIAN_POINT('Ctrl Pts',(9.4683590156833,9.45953391690598,-23.2166438225582));
#5813=CARTESIAN_POINT('Ctrl Pts',(9.59971590129219,9.48240783753309,-23.2166438225582));
#5814=CARTESIAN_POINT('Ctrl Pts',(9.73107284619405,9.50528176295057,-23.2166438225582));
#5815=CARTESIAN_POINT('Ctrl Pts',(9.86242973180295,9.52815568357768,-23.2166438225582));
#5816=CARTESIAN_POINT('Ctrl Pts',(9.48047088894419,9.38915742568834,-23.1751539478339));
#5817=CARTESIAN_POINT('Ctrl Pts',(9.61191275824706,9.41153747685499,-23.1751539478339));
#5818=CARTESIAN_POINT('Ctrl Pts',(9.74335472256645,9.43391753085197,-23.1751539478339));
#5819=CARTESIAN_POINT('Ctrl Pts',(9.87479659186933,9.45629758201862,-23.1751539478339));
#5820=CARTESIAN_POINT('Ctrl Pts',(9.48709196755694,9.35010481325062,-23.168610523401));
#5821=CARTESIAN_POINT('Ctrl Pts',(9.61858035074951,9.37221081772852,-23.168610523401));
#5822=CARTESIAN_POINT('Ctrl Pts',(9.7500686784182,9.39431680484115,-23.168610523401));
#5823=CARTESIAN_POINT('Ctrl Pts',(9.88155706161077,9.41642280931905,-23.168610523401));
#5824=CARTESIAN_POINT('Ctrl Pts',(9.60185214216438,8.65832644778876,-23.0633484895118));
#5825=CARTESIAN_POINT('Ctrl Pts',(9.7341453290117,8.67557777348594,-23.0633484895118));
#5826=CARTESIAN_POINT('Ctrl Pts',(9.86644005304684,8.69282936309766,-23.0633484895118));
#5827=CARTESIAN_POINT('Ctrl Pts',(9.99873323989416,8.71008068879484,-23.0633484895118));
#5828=CARTESIAN_POINT('Ctrl Pts',(9.67457509535157,8.01240177411222,-23.1326905798334));
#5829=CARTESIAN_POINT('Ctrl Pts',(9.8073788844737,8.02512037384531,-23.1326905798334));
#5830=CARTESIAN_POINT('Ctrl Pts',(9.94018341349999,8.03783900120254,-23.1326905798334));
#5831=CARTESIAN_POINT('Ctrl Pts',(10.0729872026221,8.05055760093564,-23.1326905798334));
#5832=CARTESIAN_POINT('Ctrl Pts',(9.75430846521196,6.71115275648774,-23.2089000473973));
#5833=CARTESIAN_POINT('Ctrl Pts',(9.88767229335186,6.71473980486319,-23.2089000473973));
#5834=CARTESIAN_POINT('Ctrl Pts',(10.0210353416028,6.7183268187752,-23.2089000473973));
#5835=CARTESIAN_POINT('Ctrl Pts',(10.1543991697427,6.72191386715064,-23.2089000473973));
#5836=CARTESIAN_POINT('Ctrl Pts',(9.76064866557734,6.0552462187159,-23.2160682146005));
#5837=CARTESIAN_POINT('Ctrl Pts',(9.89405677985598,6.05423038685049,-23.2160682146005));
#5838=CARTESIAN_POINT('Ctrl Pts',(10.0274647337319,6.05321460255428,-23.2160682146005));
#5839=CARTESIAN_POINT('Ctrl Pts',(10.1608728480106,6.05219877068887,-23.2160682146005));
#5840=CARTESIAN_POINT('Ctrl Pts',(9.70594445278246,4.75123512604104,-23.1405416958977));
#5841=CARTESIAN_POINT('Ctrl Pts',(9.83896853759921,4.74106837283984,-23.1405416958977));
#5842=CARTESIAN_POINT('Ctrl Pts',(9.97199288276113,4.73090156610626,-23.1405416958977));
#5843=CARTESIAN_POINT('Ctrl Pts',(10.1050169675779,4.72073481290506,-23.1405416958977));
#5844=CARTESIAN_POINT('Ctrl Pts',(9.64488413351721,4.09971338549431,-23.057638076386));
#5845=CARTESIAN_POINT('Ctrl Pts',(9.77747997817326,4.0849745217124,-23.057638076386));
#5846=CARTESIAN_POINT('Ctrl Pts',(9.91007532325101,4.07023568897083,-23.057638076386));
#5847=CARTESIAN_POINT('Ctrl Pts',(10.0426711679071,4.05549682518892,-23.057638076386));
#5848=CARTESIAN_POINT('Ctrl Pts',(9.54460199153315,3.41352550773605,-23.1944923160175));
#5849=CARTESIAN_POINT('Ctrl Pts',(9.67649393441016,3.39397129837181,-23.1944923160175));
#5850=CARTESIAN_POINT('Ctrl Pts',(9.80838588005685,3.37441709621051,-23.1944923160175));
#5851=CARTESIAN_POINT('Ctrl Pts',(9.94027782293385,3.35486288684628,-23.1944923160175));
#5852=CARTESIAN_POINT('Ctrl Pts',(9.53881929183676,3.37487267813221,-23.2029633633526));
#5853=CARTESIAN_POINT('Ctrl Pts',(9.67067068492245,3.35504721679335,-23.2029633633526));
#5854=CARTESIAN_POINT('Ctrl Pts',(9.80252198910553,3.33522177480016,-23.2029633633526));
#5855=CARTESIAN_POINT('Ctrl Pts',(9.93437338219122,3.3153963134613,-23.2029633633526));
#5856=CARTESIAN_POINT('Ctrl Pts',(9.52833380145808,3.3059661005767,-23.2460491947706));
#5857=CARTESIAN_POINT('Ctrl Pts',(9.6601115761756,3.28565709081669,-23.2460491947706));
#5858=CARTESIAN_POINT('Ctrl Pts',(9.79188936992916,3.26534808087515,-23.2460491947706));
#5859=CARTESIAN_POINT('Ctrl Pts',(9.92366714464668,3.24503907111515,-23.2460491947706));
#5860=CARTESIAN_POINT('Ctrl Pts',(9.52383611837477,3.27709666546233,-23.2834333143623));
#5861=CARTESIAN_POINT('Ctrl Pts',(9.65558236480464,3.25658505560925,-23.2834333143623));
#5862=CARTESIAN_POINT('Ctrl Pts',(9.78732852706858,3.23607346827251,-23.2834333143623));
#5863=CARTESIAN_POINT('Ctrl Pts',(9.91907477349845,3.21556185841942,-23.2834333143623));
#5864=CARTESIAN_POINT('Ctrl Pts',(9.51765789762139,3.23767584158886,-23.3718659309553));
#5865=CARTESIAN_POINT('Ctrl Pts',(9.64936074963281,3.2168876045379,-23.3718659309553));
#5866=CARTESIAN_POINT('Ctrl Pts',(9.7810636329283,3.19609935951538,-23.3718659309553));
#5867=CARTESIAN_POINT('Ctrl Pts',(9.91276648493973,3.17531112246441,-23.3718659309553));
#5868=CARTESIAN_POINT('Ctrl Pts',(9.51663981674021,3.23130264410091,-23.4241621426388));
#5869=CARTESIAN_POINT('Ctrl Pts',(9.64833555677887,3.21046967384005,-23.4241621426388));
#5870=CARTESIAN_POINT('Ctrl Pts',(9.78003123073819,3.18963672265864,-23.4241621426388));
#5871=CARTESIAN_POINT('Ctrl Pts',(9.91172697077685,3.16880375239777,-23.4241621426388));
#5872=CARTESIAN_POINT('Ctrl Pts',(9.5122683857586,3.20371158348781,-23.711625305742));
#5873=CARTESIAN_POINT('Ctrl Pts',(9.64393338101677,3.18268501254564,-23.711625305742));
#5874=CARTESIAN_POINT('Ctrl Pts',(9.77559851441114,3.16165839829287,-23.711625305742));
#5875=CARTESIAN_POINT('Ctrl Pts',(9.90726350966931,3.1406318273507,-23.711625305742));
#5876=CARTESIAN_POINT('Ctrl Pts',(9.51310776917163,3.20900365048683,-23.9440762097418));
#5877=CARTESIAN_POINT('Ctrl Pts',(9.64477868467098,3.18801421116757,-23.9440762097418));
#5878=CARTESIAN_POINT('Ctrl Pts',(9.77644964881273,3.16702474560582,-23.9440762097418));
#5879=CARTESIAN_POINT('Ctrl Pts',(9.90812056431208,3.14603530628655,-23.9440762097418));
#5880=CARTESIAN_POINT('Ctrl Pts',(9.51681662484451,3.23243788892018,-24.2328565228834));
#5881=CARTESIAN_POINT('Ctrl Pts',(9.64851361781609,3.21161288512421,-24.2328565228834));
#5882=CARTESIAN_POINT('Ctrl Pts',(9.78021050818545,3.19078790090395,-24.2328565228834));
#5883=CARTESIAN_POINT('Ctrl Pts',(9.91190750115703,3.16996289710797,-24.2328565228834));
#5884=CARTESIAN_POINT('Ctrl Pts',(9.51761200096716,3.23740555417411,-24.2857620689593));
#5885=CARTESIAN_POINT('Ctrl Pts',(9.64931455945207,3.21661541787027,-24.2857620689593));
#5886=CARTESIAN_POINT('Ctrl Pts',(9.78101706355524,3.19582528109214,-24.2857620689593));
#5887=CARTESIAN_POINT('Ctrl Pts',(9.91271962204016,3.1750351447883,-24.2857620689593));
#5888=CARTESIAN_POINT('Ctrl Pts',(9.52371679991125,3.27634747810674,-24.3762321472703));
#5889=CARTESIAN_POINT('Ctrl Pts',(9.65546221270282,3.2558306108908,-24.3762321472703));
#5890=CARTESIAN_POINT('Ctrl Pts',(9.7872075302757,3.23531376591441,-24.3762321472703));
#5891=CARTESIAN_POINT('Ctrl Pts',(9.91895294306727,3.21479689869846,-24.3762321472703));
#5892=CARTESIAN_POINT('Ctrl Pts',(9.52839695344109,3.30637930401603,-24.414901094));
#5893=CARTESIAN_POINT('Ctrl Pts',(9.66017522710863,3.28607318875898,-24.414901094));
#5894=CARTESIAN_POINT('Ctrl Pts',(9.79195335247758,3.2657670888313,-24.414901094));
#5895=CARTESIAN_POINT('Ctrl Pts',(9.92373162614511,3.24546097357426,-24.414901094));
#5896=CARTESIAN_POINT('Ctrl Pts',(9.54009122907877,3.38327445242044,-24.4624694520769));
#5897=CARTESIAN_POINT('Ctrl Pts',(9.67195151374192,3.36350795457447,-24.4624694520769));
#5898=CARTESIAN_POINT('Ctrl Pts',(9.80381181239623,3.3437414650542,-24.4624694520769));
#5899=CARTESIAN_POINT('Ctrl Pts',(9.93567209705938,3.32397496720823,-24.4624694520769));
#5900=CARTESIAN_POINT('Ctrl Pts',(9.5472107594225,3.43103105846216,-24.4694787723097));
#5901=CARTESIAN_POINT('Ctrl Pts',(9.67912112786202,3.41159968297233,-24.4694787723097));
#5902=CARTESIAN_POINT('Ctrl Pts',(9.81103114381293,3.39216835097224,-24.4694787723097));
#5903=CARTESIAN_POINT('Ctrl Pts',(9.94294151225245,3.37273697548242,-24.4694787723097));
#5904=CARTESIAN_POINT('Ctrl Pts',(9.64841941051775,4.13101004023216,-24.5606909711603));
#5905=CARTESIAN_POINT('Ctrl Pts',(9.78103902532688,4.11649092385831,-24.5606909711603));
#5906=CARTESIAN_POINT('Ctrl Pts',(9.91366125698269,4.10197147324247,-24.5606909711603));
#5907=CARTESIAN_POINT('Ctrl Pts',(10.0462808717918,4.08745235686862,-24.5606909711603));
#5908=CARTESIAN_POINT('Ctrl Pts',(9.70668471862568,4.76738478908039,-24.4969800496308));
#5909=CARTESIAN_POINT('Ctrl Pts',(9.83971391496253,4.75733135527327,-24.4969800496308));
#5910=CARTESIAN_POINT('Ctrl Pts',(9.97274362162831,4.74727790265762,-24.4969800496308));
#5911=CARTESIAN_POINT('Ctrl Pts',(10.1057728179652,4.7372244688505,-24.4969800496308));
#5912=CARTESIAN_POINT('Ctrl Pts',(9.76018858233314,6.04741332231598,-24.4391882769083));
#5913=CARTESIAN_POINT('Ctrl Pts',(9.89359365828093,6.04634254323931,-24.4391882769083));
#5914=CARTESIAN_POINT('Ctrl Pts',(10.0269980028555,6.04527175028352,-24.4391882769083));
#5915=CARTESIAN_POINT('Ctrl Pts',(10.1604030788033,6.04420097120684,-24.4391882769083));
#5916=CARTESIAN_POINT('Ctrl Pts',(9.75467842271844,6.69326748081336,-24.4449074693282));
#5917=CARTESIAN_POINT('Ctrl Pts',(9.88804443332403,6.69672905862666,-24.4449074693282));
#5918=CARTESIAN_POINT('Ctrl Pts',(10.0214109052227,6.70019048154352,-24.4449074693282));
#5919=CARTESIAN_POINT('Ctrl Pts',(10.1547769158283,6.70365205935681,-24.4449074693282));
#5920=CARTESIAN_POINT('Ctrl Pts',(9.71359912889643,7.3761672169677,-24.4635477531817));
#5921=CARTESIAN_POINT('Ctrl Pts',(9.84667699304039,7.38442106048535,-24.4635477531817));
#5922=CARTESIAN_POINT('Ctrl Pts',(9.97975493062397,7.3926747885441,-24.4635477531817));
#5923=CARTESIAN_POINT('Ctrl Pts',(10.1128327947679,7.40092863206175,-24.4635477531817));
#5924=CARTESIAN_POINT('Ctrl Pts',(9.711383073835,7.41130028741747,-24.4645419612073));
#5925=CARTESIAN_POINT('Ctrl Pts',(9.84444535937561,7.41980068367944,-24.4645419612073));
#5926=CARTESIAN_POINT('Ctrl Pts',(9.97750780037513,7.42830094983798,-24.4645419612073));
#5927=CARTESIAN_POINT('Ctrl Pts',(10.1105700859157,7.43680134609994,-24.4645419612073));
#5928=CARTESIAN_POINT('Ctrl Pts',(9.70779619274669,7.4659646609071,-24.48970326131));
#5929=CARTESIAN_POINT('Ctrl Pts',(9.84083332596319,7.47484866082404,-24.48970326131));
#5930=CARTESIAN_POINT('Ctrl Pts',(9.97387055832485,7.48373254858821,-24.48970326131));
#5931=CARTESIAN_POINT('Ctrl Pts',(10.1069076915414,7.49261654850514,-24.48970326131));
#5932=CARTESIAN_POINT('Ctrl Pts',(9.70638875493295,7.48671402809093,-24.5058063098253));
#5933=CARTESIAN_POINT('Ctrl Pts',(9.8394159986954,7.49574364803926,-24.5058063098253));
#5934=CARTESIAN_POINT('Ctrl Pts',(9.9724433796954,7.50477312452346,-24.5058063098253));
#5935=CARTESIAN_POINT('Ctrl Pts',(10.1054706234579,7.51380274447179,-24.5058063098253));
#5936=CARTESIAN_POINT('Ctrl Pts',(9.70524323598425,7.50345835298712,-24.5482347379182));
#5937=CARTESIAN_POINT('Ctrl Pts',(9.83826245553059,7.51260545864955,-24.5482347379182));
#5938=CARTESIAN_POINT('Ctrl Pts',(9.97128176877442,7.52175247580862,-24.5482347379182));
#5939=CARTESIAN_POINT('Ctrl Pts',(10.1043009883208,7.53089958147105,-24.5482347379182));
#5940=CARTESIAN_POINT('Ctrl Pts',(9.70552757065688,7.49932159825447,-24.5746143683825));
#5941=CARTESIAN_POINT('Ctrl Pts',(9.83854874391954,7.50843970705805,-24.5746143683825));
#5942=CARTESIAN_POINT('Ctrl Pts',(9.97157013572385,7.51755762836151,-24.5746143683825));
#5943=CARTESIAN_POINT('Ctrl Pts',(10.1045913089865,7.52667573716509,-24.5746143683825));
#5944=CARTESIAN_POINT('Ctrl Pts',(9.70705954599542,7.47685136904957,-24.6318747149254));
#5945=CARTESIAN_POINT('Ctrl Pts',(9.8400915625943,7.48581172694549,-24.6318747149254));
#5946=CARTESIAN_POINT('Ctrl Pts',(9.97312351983855,7.49477209260732,-24.6318747149254));
#5947=CARTESIAN_POINT('Ctrl Pts',(10.1061555364374,7.50373245050324,-24.6318747149254));
#5948=CARTESIAN_POINT('Ctrl Pts',(9.70871377571608,7.45218570445806,-24.6577992276477));
#5949=CARTESIAN_POINT('Ctrl Pts',(9.84175726754665,7.46097307314644,-24.6577992276477));
#5950=CARTESIAN_POINT('Ctrl Pts',(9.97480110021638,7.46976014007407,-24.6577992276477));
#5951=CARTESIAN_POINT('Ctrl Pts',(10.1078445920469,7.47854750876244,-24.6577992276477));
#5952=CARTESIAN_POINT('Ctrl Pts',(9.73827030128052,6.99632971962746,-25.1333735516771));
#5953=CARTESIAN_POINT('Ctrl Pts',(9.87152226035032,7.00191717349669,-25.1333735516771));
#5954=CARTESIAN_POINT('Ctrl Pts',(10.004771401185,7.00750710196091,-25.1333735516771));
#5955=CARTESIAN_POINT('Ctrl Pts',(10.1380233602548,7.01309455583014,-25.1333735516771));
#5956=CARTESIAN_POINT('Ctrl Pts',(9.75205988367894,6.5451587358607,-25.5525086740529));
#5957=CARTESIAN_POINT('Ctrl Pts',(9.88540781208713,6.54758034309103,-25.5525086740529));
#5958=CARTESIAN_POINT('Ctrl Pts',(10.0187553212429,6.5500036283327,-25.5525086740529));
#5959=CARTESIAN_POINT('Ctrl Pts',(10.1521032496511,6.55242523556303,-25.5525086740529));
#5960=CARTESIAN_POINT('Ctrl Pts',(9.74747749997723,5.66302558375064,-26.4187192363661));
#5961=CARTESIAN_POINT('Ctrl Pts',(9.88079299675655,5.65925788595909,-26.4187192363661));
#5962=CARTESIAN_POINT('Ctrl Pts',(10.0141088979343,5.65548855698958,-26.4187192363661));
#5963=CARTESIAN_POINT('Ctrl Pts',(10.1474243947136,5.65172085919803,-26.4187192363661));
#5964=CARTESIAN_POINT('Ctrl Pts',(9.73033078277208,5.22785996453298,-26.8654820658132));
#5965=CARTESIAN_POINT('Ctrl Pts',(9.86352572954054,5.22103825201032,-26.8654820658132));
#5966=CARTESIAN_POINT('Ctrl Pts',(9.99672174721989,5.2142155710458,-26.8654820658132));
#5967=CARTESIAN_POINT('Ctrl Pts',(10.1299166939883,5.20739385852315,-26.8654820658132));
#5968=CARTESIAN_POINT('Ctrl Pts',(9.66343637181554,4.33198950706242,-27.7180388193269));
#5969=CARTESIAN_POINT('Ctrl Pts',(9.79616254824359,4.31888026882116,-27.7180388193269));
#5970=CARTESIAN_POINT('Ctrl Pts',(9.92888780321518,4.30577220861025,-27.7180388193269));
#5971=CARTESIAN_POINT('Ctrl Pts',(10.0616139796432,4.29266297036899,-27.7180388193269));
#5972=CARTESIAN_POINT('Ctrl Pts',(9.61186425904043,3.87422963992939,-28.1240340736493));
#5973=CARTESIAN_POINT('Ctrl Pts',(9.74422958606713,3.85790810393091,-28.1240340736493));
#5974=CARTESIAN_POINT('Ctrl Pts',(9.87659081115141,3.84158758940006,-28.1240340736493));
#5975=CARTESIAN_POINT('Ctrl Pts',(10.0089561381781,3.82526605340158,-28.1240340736493));
#5976=CARTESIAN_POINT('Ctrl Pts',(9.54270167675567,3.4003251686664,-28.6664520906028));
#5977=CARTESIAN_POINT('Ctrl Pts',(9.67458000998976,3.38067839668845,-28.6664520906028));
#5978=CARTESIAN_POINT('Ctrl Pts',(9.80645916829537,3.36103141787944,-28.6664520906028));
#5979=CARTESIAN_POINT('Ctrl Pts',(9.93833750152947,3.34138464590149,-28.6664520906028));
#5980=CARTESIAN_POINT('Ctrl Pts',(9.53384921337216,3.34185046620865,-28.7357788953867));
#5981=CARTESIAN_POINT('Ctrl Pts',(9.66566581412288,3.32179325864023,-28.7357788953867));
#5982=CARTESIAN_POINT('Ctrl Pts',(9.79748206974505,3.30173610464461,-28.7357788953867));
#5983=CARTESIAN_POINT('Ctrl Pts',(9.92929867049578,3.2816788970762,-28.7357788953867));
#5984=CARTESIAN_POINT('Ctrl Pts',(9.52126111234582,3.26031190206778,-28.9145137941425));
#5985=CARTESIAN_POINT('Ctrl Pts',(9.65298904859708,3.23968256945767,-28.9145137941425));
#5986=CARTESIAN_POINT('Ctrl Pts',(9.784717620565,3.2190530641951,-28.9145137941425));
#5987=CARTESIAN_POINT('Ctrl Pts',(9.91644555681626,3.198423731585,-28.9145137941425));
#5988=CARTESIAN_POINT('Ctrl Pts',(9.51944501323143,3.24904214738035,-29.0295402379542));
#5989=CARTESIAN_POINT('Ctrl Pts',(9.65116040131592,3.22833368326495,-29.0295402379542));
#5990=CARTESIAN_POINT('Ctrl Pts',(9.78287583595182,3.20762518301955,-29.0295402379542));
#5991=CARTESIAN_POINT('Ctrl Pts',(9.9145912240363,3.18691671890415,-29.0295402379542));
#5992=CARTESIAN_POINT('Ctrl Pts',(9.5157974355298,3.22588198478235,-29.3218788782588));
#5993=CARTESIAN_POINT('Ctrl Pts',(9.64748715950807,3.20501100410627,-29.3218788782588));
#5994=CARTESIAN_POINT('Ctrl Pts',(9.77917713124689,3.18413995461174,-29.3218788782588));
#5995=CARTESIAN_POINT('Ctrl Pts',(9.91086685522516,3.16326897393566,-29.3218788782588));
#5996=CARTESIAN_POINT('Ctrl Pts',(9.51448436709655,3.21759312736131,-29.4958475249775));
#5997=CARTESIAN_POINT('Ctrl Pts',(9.64616489215571,3.19666397816151,-29.4958475249775));
#5998=CARTESIAN_POINT('Ctrl Pts',(9.7778456181868,3.17573476345292,-29.4958475249775));
#5999=CARTESIAN_POINT('Ctrl Pts',(9.90952614324595,3.15480561425312,-29.4958475249775));
#6000=CARTESIAN_POINT('Ctrl Pts',(9.5189784950915,3.24609352018618,-29.7284841284343));
#6001=CARTESIAN_POINT('Ctrl Pts',(9.6506906160982,3.22536435678007,-29.7284841284343));
#6002=CARTESIAN_POINT('Ctrl Pts',(9.78240276345516,3.2046351787541,-29.7284841284343));
#6003=CARTESIAN_POINT('Ctrl Pts',(9.91411488446185,3.18390601534799,-29.7284841284343));
#6004=CARTESIAN_POINT('Ctrl Pts',(9.52051195137303,3.25575790647799,-29.7840135005441));
#6005=CARTESIAN_POINT('Ctrl Pts',(9.65223480196785,3.23509657221637,-29.7840135005441));
#6006=CARTESIAN_POINT('Ctrl Pts',(9.7839577734387,3.21443519666545,-29.7840135005441));
#6007=CARTESIAN_POINT('Ctrl Pts',(9.91568062403352,3.19377386240384,-29.7840135005441));
#6008=CARTESIAN_POINT('Ctrl Pts',(9.52832106961652,3.30596493867305,-29.8799966062429));
#6009=CARTESIAN_POINT('Ctrl Pts',(9.66009876239693,3.28565592276273,-29.8799966062429));
#6010=CARTESIAN_POINT('Ctrl Pts',(9.79187645198594,3.2653469006607,-29.8799966062429));
#6011=CARTESIAN_POINT('Ctrl Pts',(9.92365414476634,3.24503788475038,-29.8799966062429));
#6012=CARTESIAN_POINT('Ctrl Pts',(9.53443536425956,3.34566283617382,-29.9208212658065));
#6013=CARTESIAN_POINT('Ctrl Pts',(9.66625594526672,3.32563240893537,-29.9208212658065));
#6014=CARTESIAN_POINT('Ctrl Pts',(9.79807658039471,3.30560195470014,-29.9208212658065));
#6015=CARTESIAN_POINT('Ctrl Pts',(9.92989716140187,3.28557152746169,-29.9208212658065));
#6016=CARTESIAN_POINT('Ctrl Pts',(9.54836900026655,3.43888684127358,-29.9715876346038));
#6017=CARTESIAN_POINT('Ctrl Pts',(9.6802873619127,3.41951061339292,-29.9715876346038));
#6018=CARTESIAN_POINT('Ctrl Pts',(9.81220577546811,3.40013437107579,-29.9715876346038));
#6019=CARTESIAN_POINT('Ctrl Pts',(9.94412413711426,3.38075814319513,-29.9715876346038));
#6020=CARTESIAN_POINT('Ctrl Pts',(9.55622979773243,3.49280808671745,-29.9805275082536));
#6021=CARTESIAN_POINT('Ctrl Pts',(9.68820335052221,3.47381025373867,-29.9805275082536));
#6022=CARTESIAN_POINT('Ctrl Pts',(9.82017687226333,3.45481240573238,-29.9805275082536));
#6023=CARTESIAN_POINT('Ctrl Pts',(9.95215042505311,3.4358145727536,-29.9805275082536));
#6024=CARTESIAN_POINT('Ctrl Pts',(9.65318771072142,4.1806140816074,-30.0788533113653));
#6025=CARTESIAN_POINT('Ctrl Pts',(9.78584140109653,4.16644297707286,-30.0788533113653));
#6026=CARTESIAN_POINT('Ctrl Pts',(9.91849586688781,4.1522717983863,-30.0788533113653));
#6027=CARTESIAN_POINT('Ctrl Pts',(10.0511495572629,4.13810069385176,-30.0788533113653));
#6028=CARTESIAN_POINT('Ctrl Pts',(9.70990586174861,4.81217497891033,-29.9994387397329));
#6029=CARTESIAN_POINT('Ctrl Pts',(9.8429577030463,4.80243589382267,-29.9994387397329));
#6030=CARTESIAN_POINT('Ctrl Pts',(9.97600993332983,4.79269669513296,-29.9994387397329));
#6031=CARTESIAN_POINT('Ctrl Pts',(10.1090617746275,4.78295761004529,-29.9994387397329));
#6032=CARTESIAN_POINT('Ctrl Pts',(9.76027848855406,6.08221665947402,-29.9525079803011));
#6033=CARTESIAN_POINT('Ctrl Pts',(9.89368397484726,6.08139006934775,-29.9525079803011));
#6034=CARTESIAN_POINT('Ctrl Pts',(10.0270893914936,6.08056360032607,-29.9525079803011));
#6035=CARTESIAN_POINT('Ctrl Pts',(10.1604948777868,6.07973701019979,-29.9525079803011));
#6036=CARTESIAN_POINT('Ctrl Pts',(9.75324384311118,6.72451834080155,-29.9843700716953));
#6037=CARTESIAN_POINT('Ctrl Pts',(9.88660080786984,6.728199195299,-29.9843700716953));
#6038=CARTESIAN_POINT('Ctrl Pts',(10.0199551697864,6.73187997768939,-29.9843700716953));
#6039=CARTESIAN_POINT('Ctrl Pts',(10.1533121345451,6.73556083218684,-29.9843700716953));
#6040=CARTESIAN_POINT('Ctrl Pts',(9.67688536697806,7.97699721017844,-29.9469382843565));
#6041=CARTESIAN_POINT('Ctrl Pts',(9.80970487075442,7.98946735792077,-29.9469382843565));
#6042=CARTESIAN_POINT('Ctrl Pts',(9.94252660776967,8.00193753001881,-29.9469382843565));
#6043=CARTESIAN_POINT('Ctrl Pts',(10.075346111546,8.01440767776115,-29.9469382843565));
#6044=CARTESIAN_POINT('Ctrl Pts',(9.61126692582283,8.58605015199566,-29.876932258423));
#6045=CARTESIAN_POINT('Ctrl Pts',(9.74362379794025,8.60279392129712,-29.876932258423));
#6046=CARTESIAN_POINT('Ctrl Pts',(9.87598935740695,8.61953901747306,-29.876932258423));
#6047=CARTESIAN_POINT('Ctrl Pts',(10.0083462295244,8.63628278677452,-29.876932258423));
#6048=CARTESIAN_POINT('Ctrl Pts',(9.49606916035754,9.29638425815871,-29.9611828947477));
#6049=CARTESIAN_POINT('Ctrl Pts',(9.62762080334405,9.31811330845997,-29.9611828947477));
#6050=CARTESIAN_POINT('Ctrl Pts',(9.7591716049575,9.33984224487132,-29.9611828947477));
#6051=CARTESIAN_POINT('Ctrl Pts',(9.89072324794402,9.36157129517257,-29.9611828947477));
#6052=CARTESIAN_POINT('Ctrl Pts',(9.48794177722513,9.34501643944359,-29.9677120072425));
#6053=CARTESIAN_POINT('Ctrl Pts',(9.61943598673069,9.36708671576976,-29.9677120072425));
#6054=CARTESIAN_POINT('Ctrl Pts',(9.75093055250326,9.38915703552675,-29.9677120072425));
#6055=CARTESIAN_POINT('Ctrl Pts',(9.88242476200881,9.41122731185293,-29.9677120072425));
#6056=CARTESIAN_POINT('Ctrl Pts',(9.47307559926333,9.4324295515615,-29.9311688062185));
#6057=CARTESIAN_POINT('Ctrl Pts',(9.604465709882,9.45511327997735,-29.9311688062185));
#6058=CARTESIAN_POINT('Ctrl Pts',(9.73585550126073,9.47779697159957,-29.9311688062185));
#6059=CARTESIAN_POINT('Ctrl Pts',(9.8672456118794,9.50048070001542,-29.9311688062185));
#6060=CARTESIAN_POINT('Ctrl Pts',(9.46680362206926,9.46830199917678,-29.8797956063213));
#6061=CARTESIAN_POINT('Ctrl Pts',(9.59814956931714,9.4912374455598,-29.8797956063213));
#6062=CARTESIAN_POINT('Ctrl Pts',(9.72949564581231,9.51417291067116,-29.8797956063213));
#6063=CARTESIAN_POINT('Ctrl Pts',(9.86084159306019,9.53710835705418,-29.8797956063213));
#6064=CARTESIAN_POINT('Ctrl Pts',(9.4581957420973,9.51722701056263,-29.7734273247352));
#6065=CARTESIAN_POINT('Ctrl Pts',(9.58948136482998,9.5405058016118,-29.7734273247352));
#6066=CARTESIAN_POINT('Ctrl Pts',(9.72076687182982,9.56378457763057,-29.7734273247352));
#6067=CARTESIAN_POINT('Ctrl Pts',(9.85205249456251,9.58706336867974,-29.7734273247352));
#6068=CARTESIAN_POINT('Ctrl Pts',(9.45602471300002,9.52937457531163,-29.7183685670448));
#6069=CARTESIAN_POINT('Ctrl Pts',(9.58729501031775,9.55273859695094,-29.7183685670448));
#6070=CARTESIAN_POINT('Ctrl Pts',(9.71856546227175,9.57610264999467,-29.7183685670448));
#6071=CARTESIAN_POINT('Ctrl Pts',(9.84983575958949,9.59946667163398,-29.7183685670448));
#6072=CARTESIAN_POINT('Ctrl Pts',(9.45430620641801,9.53900124836046,-29.6626591682434));
#6073=CARTESIAN_POINT('Ctrl Pts',(9.58556449558585,9.56243283606826,-29.6626591682434));
#6074=CARTESIAN_POINT('Ctrl Pts',(9.7168227847537,9.58586442377605,-29.6626591682434));
#6075=CARTESIAN_POINT('Ctrl Pts',(9.84808107392155,9.60929601148384,-29.6626591682434));
#6076=CARTESIAN_POINT('',(9.84808107392155,9.60929601148384,-29.6626591682434));
#6077=CARTESIAN_POINT('Origin',(-9.25,6.2,22.));
#6078=CARTESIAN_POINT('',(9.05711538620915,11.2842429363696,-29.0447473526001));
#6079=CARTESIAN_POINT('Ctrl Pts',(9.05711538620915,11.2842429363696,-29.0447473526001));
#6080=CARTESIAN_POINT('Ctrl Pts',(9.04081266962448,11.3429450317178,-29.085499819419));
#6081=CARTESIAN_POINT('Ctrl Pts',(9.02144325500134,11.4114564171462,-29.1114966360271));
#6082=CARTESIAN_POINT('Ctrl Pts',(8.98252856383372,11.5459986645364,-29.1109776223535));
#6083=CARTESIAN_POINT('Ctrl Pts',(8.96303159934154,11.61203020989,-29.0841620815647));
#6084=CARTESIAN_POINT('Ctrl Pts',(8.85012140398908,11.9869853140762,-28.9140091212453));
#6085=CARTESIAN_POINT('Ctrl Pts',(8.76202470932296,12.2539194323166,-28.7187073605097));
#6086=CARTESIAN_POINT('Ctrl Pts',(8.56824162872533,12.8027399711681,-28.3572373418651));
#6087=CARTESIAN_POINT('Ctrl Pts',(8.4610374672507,13.0853987426998,-28.1910049498598));
#6088=CARTESIAN_POINT('Ctrl Pts',(8.23604027359049,13.6382347266857,-27.8413007644709));
#6089=CARTESIAN_POINT('Ctrl Pts',(8.11886241966293,13.907998925978,-27.6577433047249));
#6090=CARTESIAN_POINT('Ctrl Pts',(7.86474879979969,14.4570343303127,-27.3289707537604));
#6091=CARTESIAN_POINT('Ctrl Pts',(7.72702865463975,14.7358905076666,-27.1837486575087));
#6092=CARTESIAN_POINT('Ctrl Pts',(7.56943629742366,15.038009356757,-26.926047048743));
#6093=CARTESIAN_POINT('Ctrl Pts',(7.54271302406158,15.0885719739074,-26.8789443679844));
#6094=CARTESIAN_POINT('Ctrl Pts',(7.50798368123731,15.1538634298471,-26.7564122095471));
#6095=CARTESIAN_POINT('Ctrl Pts',(7.50026495452584,15.1682226948848,-26.6806654785488));
#6096=CARTESIAN_POINT('Ctrl Pts',(7.50014354445979,15.1684495245252,-26.5289728924145));
#6097=CARTESIAN_POINT('Ctrl Pts',(7.50779912401515,15.1542075481174,-26.4530275991167));
#6098=CARTESIAN_POINT('Ctrl Pts',(7.54229982360972,15.089351741369,-26.3291128300284));
#6099=CARTESIAN_POINT('Ctrl Pts',(7.56893943431762,15.0389536761116,-26.280947416795));
#6100=CARTESIAN_POINT('Ctrl Pts',(7.72597871803534,14.7379422961832,-26.0168707263351));
#6101=CARTESIAN_POINT('Ctrl Pts',(7.86347700066865,14.4596643290125,-25.8646604246715));
#6102=CARTESIAN_POINT('Ctrl Pts',(8.11750177312441,13.9110494449403,-25.5250842584991));
#6103=CARTESIAN_POINT('Ctrl Pts',(8.23482370342476,13.6411187182594,-25.3377349793886));
#6104=CARTESIAN_POINT('Ctrl Pts',(8.46073044606169,13.0862545808692,-24.9823027047467));
#6105=CARTESIAN_POINT('Ctrl Pts',(8.56860221248992,12.8016841414882,-24.8141645443802));
#6106=CARTESIAN_POINT('Ctrl Pts',(8.76081759499437,12.2573433133712,-24.4332780979028));
#6107=CARTESIAN_POINT('Ctrl Pts',(8.84688655520136,11.9969204569684,-24.2204649135869));
#6108=CARTESIAN_POINT('Ctrl Pts',(8.95908099239278,11.6252651455289,-24.0416202618246));
#6109=CARTESIAN_POINT('Ctrl Pts',(8.97837400015203,11.5601155798506,-24.0139225300151));
#6110=CARTESIAN_POINT('Ctrl Pts',(9.01730658219645,11.4259010232855,-24.0067207119193));
#6111=CARTESIAN_POINT('Ctrl Pts',(9.03689208584961,11.3568648001697,-24.0267351480375));
#6112=CARTESIAN_POINT('Ctrl Pts',(9.07101866800582,11.2342799015198,-24.0987527815145));
#6113=CARTESIAN_POINT('Ctrl Pts',(9.08551916485782,11.1809138446753,-24.1510989701289));
#6114=CARTESIAN_POINT('Ctrl Pts',(9.10285454553636,11.1166396287285,-24.2773845448054));
#6115=CARTESIAN_POINT('Ctrl Pts',(9.10570859333419,11.105873115294,-24.3513884076964));
#6116=CARTESIAN_POINT('Ctrl Pts',(9.11806471292014,11.0595821711846,-24.782864118799));
#6117=CARTESIAN_POINT('Ctrl Pts',(9.10243519965229,11.1181902616231,-25.4808777716665));
#6118=CARTESIAN_POINT('Ctrl Pts',(9.11010893404843,11.0894325278163,-26.5421265510185));
#6119=CARTESIAN_POINT('Ctrl Pts',(9.10335727448542,11.1147452209906,-27.6034389914529));
#6120=CARTESIAN_POINT('Ctrl Pts',(9.1165481024875,11.0652986270188,-28.303228213462));
#6121=CARTESIAN_POINT('Ctrl Pts',(9.10602363342882,11.1047308674398,-28.7361780597307));
#6122=CARTESIAN_POINT('Ctrl Pts',(9.1035363979814,11.1141176275275,-28.8117308810272));
#6123=CARTESIAN_POINT('Ctrl Pts',(9.08750666996134,11.1736112075427,-28.9450014847386));
#6124=CARTESIAN_POINT('Ctrl Pts',(9.07392777851416,11.2237056234013,-29.0027208316827));
#6125=CARTESIAN_POINT('Ctrl Pts',(9.05711538620915,11.2842429363696,-29.0447473526001));
#6126=CARTESIAN_POINT('Ctrl Pts',(9.05711538620915,11.2842429363696,-29.0447473526001));
#6127=CARTESIAN_POINT('Ctrl Pts',(9.18558637137553,11.3199218341687,-29.0447473526001));
#6128=CARTESIAN_POINT('Ctrl Pts',(9.31405735654191,11.3556007319678,-29.0447473526001));
#6129=CARTESIAN_POINT('Ctrl Pts',(9.44252834170829,11.3912796297669,-29.0447473526001));
#6130=CARTESIAN_POINT('Ctrl Pts',(9.04081266962448,11.3429450317178,-29.085499819419));
#6131=CARTESIAN_POINT('Ctrl Pts',(9.16916925146642,11.3790358775714,-29.085499819419));
#6132=CARTESIAN_POINT('Ctrl Pts',(9.29752582819568,11.4151267128478,-29.085499819419));
#6133=CARTESIAN_POINT('Ctrl Pts',(9.42588241003763,11.4512175587013,-29.085499819419));
#6134=CARTESIAN_POINT('Ctrl Pts',(9.02144325500134,11.4114564171462,-29.1114966360271));
#6135=CARTESIAN_POINT('Ctrl Pts',(9.14966403828607,11.4480280750557,-29.1114966360271));
#6136=CARTESIAN_POINT('Ctrl Pts',(9.2778844349798,11.4845996311767,-29.1114966360271));
#6137=CARTESIAN_POINT('Ctrl Pts',(9.40610521826452,11.5211712890861,-29.1114966360271));
#6138=CARTESIAN_POINT('Ctrl Pts',(8.98252856383372,11.5459986645364,-29.1109776223535));
#6139=CARTESIAN_POINT('Ctrl Pts',(9.11047599352741,11.5835144115008,-29.1109776223535));
#6140=CARTESIAN_POINT('Ctrl Pts',(9.23842384074705,11.621030257878,-29.1109776223535));
#6141=CARTESIAN_POINT('Ctrl Pts',(9.36637127044074,11.6585460048424,-29.1109776223535));
#6142=CARTESIAN_POINT('Ctrl Pts',(8.96303159934154,11.61203020989,-29.0841620815647));
#6143=CARTESIAN_POINT('Ctrl Pts',(9.09084259225917,11.6500094351985,-29.0841620815647));
#6144=CARTESIAN_POINT('Ctrl Pts',(9.21865285062057,11.6879884626843,-29.0841620815647));
#6145=CARTESIAN_POINT('Ctrl Pts',(9.3464638435382,11.7259676879929,-29.0841620815647));
#6146=CARTESIAN_POINT('Ctrl Pts',(8.85012140398908,11.9869853140762,-28.9140091212453));
#6147=CARTESIAN_POINT('Ctrl Pts',(8.97713857643284,12.027595432638,-28.9140091212453));
#6148=CARTESIAN_POINT('Ctrl Pts',(9.10415941899772,12.0682064652845,-28.9140091212453));
#6149=CARTESIAN_POINT('Ctrl Pts',(9.23117659144148,12.1088165838462,-28.9140091212453));
#6150=CARTESIAN_POINT('Ctrl Pts',(8.76202470932296,12.2539194323166,-28.7187073605097));
#6151=CARTESIAN_POINT('Ctrl Pts',(8.88842418236533,12.2964032407873,-28.7187073605097));
#6152=CARTESIAN_POINT('Ctrl Pts',(9.01482575647686,12.3388865592632,-28.7187073605097));
#6153=CARTESIAN_POINT('Ctrl Pts',(9.14122522951923,12.3813703677338,-28.7187073605097));
#6154=CARTESIAN_POINT('Ctrl Pts',(8.56824162872533,12.8027399711681,-28.3572373418651));
#6155=CARTESIAN_POINT('Ctrl Pts',(8.69328250470742,12.8490748143759,-28.3572373418651));
#6156=CARTESIAN_POINT('Ctrl Pts',(8.81832162913747,12.8954101799848,-28.3572373418651));
#6157=CARTESIAN_POINT('Ctrl Pts',(8.94336250511955,12.9417450231926,-28.3572373418651));
#6158=CARTESIAN_POINT('Ctrl Pts',(8.4610374672507,13.0853987426998,-28.1910049498598));
#6159=CARTESIAN_POINT('Ctrl Pts',(8.58532547403594,13.1337171939087,-28.1910049498598));
#6160=CARTESIAN_POINT('Ctrl Pts',(8.70961340714442,13.1820360544951,-28.1910049498598));
#6161=CARTESIAN_POINT('Ctrl Pts',(8.83390141392966,13.230354505704,-28.1910049498598));
#6162=CARTESIAN_POINT('Ctrl Pts',(8.23604027359049,13.6382347266857,-27.8413007644709));
#6163=CARTESIAN_POINT('Ctrl Pts',(8.35874926845544,13.6904328935399,-27.8413007644709));
#6164=CARTESIAN_POINT('Ctrl Pts',(8.48145844238007,13.7426309751303,-27.8413007644709));
#6165=CARTESIAN_POINT('Ctrl Pts',(8.60416743724502,13.7948291419844,-27.8413007644709));
#6166=CARTESIAN_POINT('Ctrl Pts',(8.11886241966293,13.907998925978,-27.6577433047249));
#6167=CARTESIAN_POINT('Ctrl Pts',(8.24074880861334,13.9620899031185,-27.6577433047249));
#6168=CARTESIAN_POINT('Ctrl Pts',(8.36263629217911,14.0161816104371,-27.6577433047249));
#6169=CARTESIAN_POINT('Ctrl Pts',(8.48452268112952,14.0702725875776,-27.6577433047249));
#6170=CARTESIAN_POINT('Ctrl Pts',(7.86474879979969,14.4570343303127,-27.3289707537604));
#6171=CARTESIAN_POINT('Ctrl Pts',(7.98485265290443,14.5149786207117,-27.3289707537604));
#6172=CARTESIAN_POINT('Ctrl Pts',(8.10495544774337,14.5729223416045,-27.3289707537604));
#6173=CARTESIAN_POINT('Ctrl Pts',(8.22505930084811,14.6308666320035,-27.3289707537604));
#6174=CARTESIAN_POINT('Ctrl Pts',(7.72702865463975,14.7358905076666,-27.1837486575087));
#6175=CARTESIAN_POINT('Ctrl Pts',(7.84616636333609,14.7957918249292,-27.1837486575087));
#6176=CARTESIAN_POINT('Ctrl Pts',(7.96530207551477,14.8556921484601,-27.1837486575087));
#6177=CARTESIAN_POINT('Ctrl Pts',(8.08443978421112,14.9155934657227,-27.1837486575087));
#6178=CARTESIAN_POINT('Ctrl Pts',(7.56943629742366,15.038009356757,-26.926047048743));
#6179=CARTESIAN_POINT('Ctrl Pts',(7.68746723267666,15.1000303592829,-26.926047048743));
#6180=CARTESIAN_POINT('Ctrl Pts',(7.80549875790589,15.1620517091102,-26.926047048743));
#6181=CARTESIAN_POINT('Ctrl Pts',(7.92352969315889,15.2240727116361,-26.926047048743));
#6182=CARTESIAN_POINT('Ctrl Pts',(7.54271302406158,15.0885719739074,-26.8789443679844));
#6183=CARTESIAN_POINT('Ctrl Pts',(7.66055669045708,15.1509479428761,-26.8789443679844));
#6184=CARTESIAN_POINT('Ctrl Pts',(7.77840015817263,15.2133238359684,-26.8789443679844));
#6185=CARTESIAN_POINT('Ctrl Pts',(7.89624382456813,15.275699804937,-26.8789443679844));
#6186=CARTESIAN_POINT('Ctrl Pts',(7.50798368123731,15.1538634298471,-26.7564122095471));
#6187=CARTESIAN_POINT('Ctrl Pts',(7.62558340415919,15.2166974545718,-26.7564122095471));
#6188=CARTESIAN_POINT('Ctrl Pts',(7.74318361476253,15.2795317931192,-26.7564122095471));
#6189=CARTESIAN_POINT('Ctrl Pts',(7.86078333768441,15.3423658178439,-26.7564122095471));
#6190=CARTESIAN_POINT('Ctrl Pts',(7.50026495452584,15.1682226948848,-26.6806654785488));
#6191=CARTESIAN_POINT('Ctrl Pts',(7.61781061777015,15.2311575470885,-26.6806654785488));
#6192=CARTESIAN_POINT('Ctrl Pts',(7.73535644821892,15.2940925309945,-26.6806654785488));
#6193=CARTESIAN_POINT('Ctrl Pts',(7.85290211146322,15.3570273831982,-26.6806654785488));
#6194=CARTESIAN_POINT('Ctrl Pts',(7.50014354445979,15.1684495245252,-26.5289728924145));
#6195=CARTESIAN_POINT('Ctrl Pts',(7.61768835567362,15.2313859698559,-26.5289728924145));
#6196=CARTESIAN_POINT('Ctrl Pts',(7.73523333418195,15.2943225428687,-26.5289728924145));
#6197=CARTESIAN_POINT('Ctrl Pts',(7.85277814539579,15.3572589881994,-26.5289728924145));
#6198=CARTESIAN_POINT('Ctrl Pts',(7.50779912401515,15.1542075481174,-26.4530275991167));
#6199=CARTESIAN_POINT('Ctrl Pts',(7.62539755252654,15.217043987042,-26.4530275991167));
#6200=CARTESIAN_POINT('Ctrl Pts',(7.74299646653566,15.2798807417847,-26.4530275991167));
#6201=CARTESIAN_POINT('Ctrl Pts',(7.86059489504705,15.3427171807094,-26.4530275991167));
#6202=CARTESIAN_POINT('Ctrl Pts',(7.54229982360972,15.089351741369,-26.3291128300284));
#6203=CARTESIAN_POINT('Ctrl Pts',(7.66014058969158,15.1517331850213,-26.3291128300284));
#6204=CARTESIAN_POINT('Ctrl Pts',(7.77798115907754,15.2141145449034,-26.3291128300284));
#6205=CARTESIAN_POINT('Ctrl Pts',(7.8958219251594,15.2764959885557,-26.3291128300284));
#6206=CARTESIAN_POINT('Ctrl Pts',(7.56893943431762,15.0389536761116,-26.280947416795));
#6207=CARTESIAN_POINT('Ctrl Pts',(7.68696688312857,15.1009813031107,-26.280947416795));
#6208=CARTESIAN_POINT('Ctrl Pts',(7.804994920966,15.163009284399,-26.280947416795));
#6209=CARTESIAN_POINT('Ctrl Pts',(7.92302236977694,15.2250369113982,-26.280947416795));
#6210=CARTESIAN_POINT('Ctrl Pts',(7.72597871803534,14.7379422961832,-26.0168707263351));
#6211=CARTESIAN_POINT('Ctrl Pts',(7.84510905502185,14.7978580316941,-26.0168707263351));
#6212=CARTESIAN_POINT('Ctrl Pts',(7.96423740669168,14.8577727142761,-26.0168707263351));
#6213=CARTESIAN_POINT('Ctrl Pts',(8.08336774367819,14.917688449787,-26.0168707263351));
#6214=CARTESIAN_POINT('Ctrl Pts',(7.86347700066865,14.4596643290125,-25.8646604246715));
#6215=CARTESIAN_POINT('Ctrl Pts',(7.9835719230645,14.5176270659023,-25.8646604246715));
#6216=CARTESIAN_POINT('Ctrl Pts',(8.10366580460268,14.5755892622073,-25.8646604246715));
#6217=CARTESIAN_POINT('Ctrl Pts',(8.22376072699852,14.633551999097,-25.8646604246715));
#6218=CARTESIAN_POINT('Ctrl Pts',(8.11750177312441,13.9110494449403,-25.5250842584991));
#6219=CARTESIAN_POINT('Ctrl Pts',(8.2393786186506,13.9651618812122,-25.5250842584991));
#6220=CARTESIAN_POINT('Ctrl Pts',(8.36125654387452,14.0192748917198,-25.5250842584991));
#6221=CARTESIAN_POINT('Ctrl Pts',(8.48313338940071,14.0733873279917,-25.5250842584991));
#6222=CARTESIAN_POINT('Ctrl Pts',(8.23482370342476,13.6411187182594,-25.3377349793886));
#6223=CARTESIAN_POINT('Ctrl Pts',(8.35752415010926,13.6933371104307,-25.3377349793886));
#6224=CARTESIAN_POINT('Ctrl Pts',(8.4802248083913,13.7455554569988,-25.3377349793886));
#6225=CARTESIAN_POINT('Ctrl Pts',(8.6029252550758,13.7977738491701,-25.3377349793886));
#6226=CARTESIAN_POINT('Ctrl Pts',(8.46073044606169,13.0862545808692,-24.9823027047467));
#6227=CARTESIAN_POINT('Ctrl Pts',(8.58501630818661,13.1345791385215,-24.9823027047467));
#6228=CARTESIAN_POINT('Ctrl Pts',(8.70930206701176,13.1829038038667,-24.9823027047467));
#6229=CARTESIAN_POINT('Ctrl Pts',(8.83358792913668,13.231228361519,-24.9823027047467));
#6230=CARTESIAN_POINT('Ctrl Pts',(8.56860221248992,12.8016841414882,-24.8141645443802));
#6231=CARTESIAN_POINT('Ctrl Pts',(8.69364569549147,12.8480117540314,-24.8141645443802));
#6232=CARTESIAN_POINT('Ctrl Pts',(8.81868719711974,12.8943393529764,-24.8141645443802));
#6233=CARTESIAN_POINT('Ctrl Pts',(8.94373068012129,12.9406669655195,-24.8141645443802));
#6234=CARTESIAN_POINT('Ctrl Pts',(8.76081759499437,12.2573433133712,-24.4332780979028));
#6235=CARTESIAN_POINT('Ctrl Pts',(8.88720857987287,12.2998509629875,-24.4332780979028));
#6236=CARTESIAN_POINT('Ctrl Pts',(9.0136017173789,12.3423586808785,-24.4332780979028));
#6237=CARTESIAN_POINT('Ctrl Pts',(9.13999270225741,12.3848663304948,-24.4332780979028));
#6238=CARTESIAN_POINT('Ctrl Pts',(8.84688655520136,11.9969204569684,-24.2204649135869));
#6239=CARTESIAN_POINT('Ctrl Pts',(8.97388088303517,12.0376003753123,-24.2204649135869));
#6240=CARTESIAN_POINT('Ctrl Pts',(9.10087931274022,12.0782809692976,-24.2204649135869));
#6241=CARTESIAN_POINT('Ctrl Pts',(9.22787364057402,12.1189608876415,-24.2204649135869));
#6242=CARTESIAN_POINT('Ctrl Pts',(8.95908099239278,11.6252651455289,-24.0416202618246));
#6243=CARTESIAN_POINT('Ctrl Pts',(9.0868643568912,11.6633372429653,-24.0416202618246));
#6244=CARTESIAN_POINT('Ctrl Pts',(9.21464670141843,11.7014091564194,-24.0416202618246));
#6245=CARTESIAN_POINT('Ctrl Pts',(9.34243006591684,11.7394812538558,-24.0416202618246));
#6246=CARTESIAN_POINT('Ctrl Pts',(8.97837400015203,11.5601155798506,-24.0139225300151));
#6247=CARTESIAN_POINT('Ctrl Pts',(9.10629231244628,11.5977304118707,-24.0139225300151));
#6248=CARTESIAN_POINT('Ctrl Pts',(9.23421092996625,11.6353452863537,-24.0139225300151));
#6249=CARTESIAN_POINT('Ctrl Pts',(9.3621292422605,11.6729601183738,-24.0139225300151));
#6250=CARTESIAN_POINT('Ctrl Pts',(9.01730658219645,11.4259010232855,-24.0067207119193));
#6251=CARTESIAN_POINT('Ctrl Pts',(9.14549841287381,11.4625740542183,-24.0067207119193));
#6252=CARTESIAN_POINT('Ctrl Pts',(9.27368962693375,11.499246961264,-24.0067207119193));
#6253=CARTESIAN_POINT('Ctrl Pts',(9.40188145761111,11.5359199921968,-24.0067207119193));
#6254=CARTESIAN_POINT('Ctrl Pts',(9.03689208584961,11.3568648001697,-24.0267351480375));
#6255=CARTESIAN_POINT('Ctrl Pts',(9.1652212014798,11.39305334164,-24.0267351480375));
#6256=CARTESIAN_POINT('Ctrl Pts',(9.29355017202678,11.4292418334397,-24.0267351480375));
#6257=CARTESIAN_POINT('Ctrl Pts',(9.42187928765697,11.4654303749101,-24.0267351480375));
#6258=CARTESIAN_POINT('Ctrl Pts',(9.07101866800582,11.2342799015198,-24.0987527815145));
#6259=CARTESIAN_POINT('Ctrl Pts',(9.19958730353946,11.2696081963781,-24.0987527815145));
#6260=CARTESIAN_POINT('Ctrl Pts',(9.32815568864072,11.3049364466935,-24.0987527815145));
#6261=CARTESIAN_POINT('Ctrl Pts',(9.45672432417436,11.3402647415518,-24.0987527815145));
#6262=CARTESIAN_POINT('Ctrl Pts',(9.08551916485782,11.1809138446753,-24.1510989701289));
#6263=CARTESIAN_POINT('Ctrl Pts',(9.21418958707755,11.2158676550368,-24.1510989701289));
#6264=CARTESIAN_POINT('Ctrl Pts',(9.34285967242456,11.2508213784123,-24.1510989701289));
#6265=CARTESIAN_POINT('Ctrl Pts',(9.4715300946443,11.2857751887737,-24.1510989701289));
#6266=CARTESIAN_POINT('Ctrl Pts',(9.10285454553636,11.1166396287285,-24.2773845448054));
#6267=CARTESIAN_POINT('Ctrl Pts',(9.23164652800756,11.1511423650631,-24.2773845448054));
#6268=CARTESIAN_POINT('Ctrl Pts',(9.36043844823435,11.185645095104,-24.2773845448054));
#6269=CARTESIAN_POINT('Ctrl Pts',(9.48923043070555,11.2201478314386,-24.2773845448054));
#6270=CARTESIAN_POINT('Ctrl Pts',(9.10570859333419,11.105873115294,-24.3513884076964));
#6271=CARTESIAN_POINT('Ctrl Pts',(9.2345206683706,11.1403003153731,-24.3513884076964));
#6272=CARTESIAN_POINT('Ctrl Pts',(9.36333248868377,11.1747274544842,-24.3513884076964));
#6273=CARTESIAN_POINT('Ctrl Pts',(9.49214456372017,11.2091546545633,-24.3513884076964));
#6274=CARTESIAN_POINT('Ctrl Pts',(9.11806471292014,11.0595821711846,-24.782864118799));
#6275=CARTESIAN_POINT('Ctrl Pts',(9.24696334965739,11.0936844831835,-24.782864118799));
#6276=CARTESIAN_POINT('Ctrl Pts',(9.37586217540226,11.1277868522633,-24.782864118799));
#6277=CARTESIAN_POINT('Ctrl Pts',(9.50476081213951,11.1618891642622,-24.782864118799));
#6278=CARTESIAN_POINT('Ctrl Pts',(9.10243519965229,11.1181902616231,-25.4808777716665));
#6279=CARTESIAN_POINT('Ctrl Pts',(9.23122425885147,11.1527038869718,-25.4808777716665));
#6280=CARTESIAN_POINT('Ctrl Pts',(9.36001319728789,11.1872174838874,-25.4808777716665));
#6281=CARTESIAN_POINT('Ctrl Pts',(9.48880225648707,11.2217311092362,-25.4808777716665));
#6282=CARTESIAN_POINT('Ctrl Pts',(9.11010893404843,11.0894325278163,-26.5421265510185));
#6283=CARTESIAN_POINT('Ctrl Pts',(9.23895175842107,11.123744322178,-26.5421265510185));
#6284=CARTESIAN_POINT('Ctrl Pts',(9.36779471881365,11.1580561550927,-26.5421265510185));
#6285=CARTESIAN_POINT('Ctrl Pts',(9.49663754318629,11.1923679494545,-26.5421265510185));
#6286=CARTESIAN_POINT('Ctrl Pts',(9.10335727448542,11.1147452209906,-27.6034389914529));
#6287=CARTESIAN_POINT('Ctrl Pts',(9.23215277972155,11.1492346649522,-27.6034389914529));
#6288=CARTESIAN_POINT('Ctrl Pts',(9.36094823818583,11.183724097471,-27.6034389914529));
#6289=CARTESIAN_POINT('Ctrl Pts',(9.48974374342196,11.2182135414326,-27.6034389914529));
#6290=CARTESIAN_POINT('Ctrl Pts',(9.1165481024875,11.0652986270188,-28.303228213462));
#6291=CARTESIAN_POINT('Ctrl Pts',(9.24543606457012,11.0994410482392,-28.303228213462));
#6292=CARTESIAN_POINT('Ctrl Pts',(9.37432431098356,11.1335835453146,-28.303228213462));
#6293=CARTESIAN_POINT('Ctrl Pts',(9.50321227306618,11.167725966535,-28.303228213462));
#6294=CARTESIAN_POINT('Ctrl Pts',(9.10602363342882,11.1047308674398,-28.7361780597307));
#6295=CARTESIAN_POINT('Ctrl Pts',(9.23483784920649,11.1391500353266,-28.7361780597307));
#6296=CARTESIAN_POINT('Ctrl Pts',(9.36365202046018,11.173569191499,-28.7361780597307));
#6297=CARTESIAN_POINT('Ctrl Pts',(9.49246623623785,11.2079883593859,-28.7361780597307));
#6298=CARTESIAN_POINT('Ctrl Pts',(9.1035363979814,11.1141176275275,-28.8117308810272));
#6299=CARTESIAN_POINT('Ctrl Pts',(9.23233310482112,11.1486026531485,-28.8117308810272));
#6300=CARTESIAN_POINT('Ctrl Pts',(9.36112993109919,11.1830877098545,-28.8117308810272));
#6301=CARTESIAN_POINT('Ctrl Pts',(9.48992663793891,11.2175727354755,-28.8117308810272));
#6302=CARTESIAN_POINT('Ctrl Pts',(9.08750666996134,11.1736112075427,-28.9450014847386));
#6303=CARTESIAN_POINT('Ctrl Pts',(9.21619096586848,11.2085137522596,-28.9450014847386));
#6304=CARTESIAN_POINT('Ctrl Pts',(9.34487514605339,11.2434162671952,-28.9450014847386));
#6305=CARTESIAN_POINT('Ctrl Pts',(9.47355944196053,11.278318811912,-28.9450014847386));
#6306=CARTESIAN_POINT('Ctrl Pts',(9.07392777851416,11.2237056234013,-29.0027208316827));
#6307=CARTESIAN_POINT('Ctrl Pts',(9.20251673309597,11.2589596932046,-29.0027208316827));
#6308=CARTESIAN_POINT('Ctrl Pts',(9.33110572453265,11.2942137772485,-29.0027208316827));
#6309=CARTESIAN_POINT('Ctrl Pts',(9.45969467911446,11.3294678470518,-29.0027208316827));
#6310=CARTESIAN_POINT('Ctrl Pts',(9.05711538620915,11.2842429363696,-29.0447473526001));
#6311=CARTESIAN_POINT('Ctrl Pts',(9.18558637137553,11.3199218341687,-29.0447473526001));
#6312=CARTESIAN_POINT('Ctrl Pts',(9.31405735654191,11.3556007319678,-29.0447473526001));
#6313=CARTESIAN_POINT('Ctrl Pts',(9.44252834170829,11.3912796297669,-29.0447473526001));
#6314=CARTESIAN_POINT('',(9.44252834170829,11.3912796297669,-29.0447473526001));
#6315=CARTESIAN_POINT('Origin',(-9.25,6.2,22.));
#6316=CARTESIAN_POINT('',(9.45603886909214,9.52928067726562,-19.8624682426453));
#6317=CARTESIAN_POINT('Ctrl Pts',(9.45603886909214,9.52928067726562,-19.8624682426453));
#6318=CARTESIAN_POINT('Ctrl Pts',(9.45703956419375,9.52365812894918,-19.8073364161664));
#6319=CARTESIAN_POINT('Ctrl Pts',(9.4581707433112,9.51735501326645,-19.7518436969957));
#6320=CARTESIAN_POINT('Ctrl Pts',(9.46625519027854,9.47145178883038,-19.6556236088606));
#6321=CARTESIAN_POINT('Ctrl Pts',(9.47297338105526,9.43300687116984,-19.6144491121044));
#6322=CARTESIAN_POINT('Ctrl Pts',(9.48967204404807,9.33491989216794,-19.558957763026));
#6323=CARTESIAN_POINT('Ctrl Pts',(9.50002266812476,9.27258533746965,-19.551606631664));
#6324=CARTESIAN_POINT('Ctrl Pts',(9.5613251426567,8.89040460657292,-19.5179315888572));
#6325=CARTESIAN_POINT('Ctrl Pts',(9.60332851076983,8.57751845412773,-19.539750439226));
#6326=CARTESIAN_POINT('Ctrl Pts',(9.67242229314422,7.94464539821857,-19.5563806529332));
#6327=CARTESIAN_POINT('Ctrl Pts',(9.69925435039293,7.62433285601486,-19.5511908420763));
#6328=CARTESIAN_POINT('Ctrl Pts',(9.73650190173105,6.98440978392133,-19.5487977046293));
#6329=CARTESIAN_POINT('Ctrl Pts',(9.74695002715002,6.66585147695967,-19.5515927671266));
#6330=CARTESIAN_POINT('Ctrl Pts',(9.75189415238165,6.0304026272726,-19.5527237320235));
#6331=CARTESIAN_POINT('Ctrl Pts',(9.74641703934593,5.71198820719308,-19.5510695864994));
#6332=CARTESIAN_POINT('Ctrl Pts',(9.71924588815656,5.07292830093747,-19.5605184105219));
#6333=CARTESIAN_POINT('Ctrl Pts',(9.69751327730957,4.75306435868623,-19.5716483741933));
#6334=CARTESIAN_POINT('Ctrl Pts',(9.63830042455254,4.11837283519445,-19.5474187006133));
#6335=CARTESIAN_POINT('Ctrl Pts',(9.60099529321539,3.80341449347413,-19.5120602318414));
#6336=CARTESIAN_POINT('Ctrl Pts',(9.54779764385061,3.43498836730275,-19.5710800864907));
#6337=CARTESIAN_POINT('Ctrl Pts',(9.54053138310078,3.38617470354197,-19.580892972021));
#6338=CARTESIAN_POINT('Ctrl Pts',(9.52836831209597,3.30614003601149,-19.6333597817076));
#6339=CARTESIAN_POINT('Ctrl Pts',(9.52347425411443,3.27476326677561,-19.6757264954888));
#6340=CARTESIAN_POINT('Ctrl Pts',(9.51717768537575,3.23463277635411,-19.771988625834));
#6341=CARTESIAN_POINT('Ctrl Pts',(9.51621766062892,3.22863034455294,-19.8266304018559));
#6342=CARTESIAN_POINT('Ctrl Pts',(9.51171363419263,3.20023092687708,-20.1391940663896));
#6343=CARTESIAN_POINT('Ctrl Pts',(9.51172952539259,3.20030687751643,-20.3946715540979));
#6344=CARTESIAN_POINT('Ctrl Pts',(9.51675587870225,3.23203266859999,-20.7077417468393));
#6345=CARTESIAN_POINT('Ctrl Pts',(9.51782582527216,3.23873200133331,-20.7624970638513));
#6346=CARTESIAN_POINT('Ctrl Pts',(9.52453676825902,3.28157923155462,-20.858270013771));
#6347=CARTESIAN_POINT('Ctrl Pts',(9.5297979719614,3.31540818053011,-20.9000236528745));
#6348=CARTESIAN_POINT('Ctrl Pts',(9.54266110003337,3.40038560658847,-20.9523688755382));
#6349=CARTESIAN_POINT('Ctrl Pts',(9.55034346788979,3.45229429137446,-20.9613643813623));
#6350=CARTESIAN_POINT('Ctrl Pts',(9.60364008067554,3.82426631053276,-21.0115380534562));
#6351=CARTESIAN_POINT('Ctrl Pts',(9.64051086826665,4.13860840778476,-20.9776869167609));
#6352=CARTESIAN_POINT('Ctrl Pts',(9.69899263921975,4.77263023528086,-20.9515343868265));
#6353=CARTESIAN_POINT('Ctrl Pts',(9.72039030450039,5.09241140852728,-20.9592337475678));
#6354=CARTESIAN_POINT('Ctrl Pts',(9.7468969377878,5.73115605927098,-20.9625176068917));
#6355=CARTESIAN_POINT('Ctrl Pts',(9.75205348780768,6.04940603718128,-20.9581233631803));
#6356=CARTESIAN_POINT('Ctrl Pts',(9.74647509834226,6.68484198457141,-20.9557370448031));
#6357=CARTESIAN_POINT('Ctrl Pts',(9.73569795999386,7.0034854942519,-20.9577602330883));
#6358=CARTESIAN_POINT('Ctrl Pts',(9.69787622453953,7.64238004504095,-20.9522640323345));
#6359=CARTESIAN_POINT('Ctrl Pts',(9.67085387778043,7.96161795332826,-20.9447439360585));
#6360=CARTESIAN_POINT('Ctrl Pts',(9.60098327038081,8.59628534461686,-20.9614368195601));
#6361=CARTESIAN_POINT('Ctrl Pts',(9.55816462259695,8.91197516641097,-20.9856490443054));
#6362=CARTESIAN_POINT('Ctrl Pts',(9.49866563112581,9.28066032856654,-20.9453639381563));
#6363=CARTESIAN_POINT('Ctrl Pts',(9.48984613544174,9.33377628282866,-20.9378955080595));
#6364=CARTESIAN_POINT('Ctrl Pts',(9.47407450055605,9.42662217005129,-20.8926147516522));
#6365=CARTESIAN_POINT('Ctrl Pts',(9.46702723231515,9.46704338030475,-20.8570812076407));
#6366=CARTESIAN_POINT('Ctrl Pts',(9.45818749226914,9.51726715229641,-20.7685895070311));
#6367=CARTESIAN_POINT('Ctrl Pts',(9.45663078347335,9.5259524533384,-20.7150588855019));
#6368=CARTESIAN_POINT('Ctrl Pts',(9.44916499297117,9.5678486642045,-20.3921865108586));
#6369=CARTESIAN_POINT('Ctrl Pts',(9.45115331163603,9.55673087943545,-20.1316308532021));
#6370=CARTESIAN_POINT('Ctrl Pts',(9.45603886909214,9.52928067726562,-19.8624682426453));
#6371=CARTESIAN_POINT('Ctrl Pts',(9.45603886909214,9.52928067726562,-19.8624682426453));
#6372=CARTESIAN_POINT('Ctrl Pts',(9.58730931729629,9.55264405043941,-19.8624682426453));
#6373=CARTESIAN_POINT('Ctrl Pts',(9.71857976550045,9.57600742361321,-19.8624682426453));
#6374=CARTESIAN_POINT('Ctrl Pts',(9.8498502137046,9.599370796787,-19.8624682426453));
#6375=CARTESIAN_POINT('Ctrl Pts',(9.45703956419375,9.52365812894918,-19.8073364161664));
#6376=CARTESIAN_POINT('Ctrl Pts',(9.5883170132987,9.54698203801913,-19.8073364161664));
#6377=CARTESIAN_POINT('Ctrl Pts',(9.71959452696657,9.57030596996236,-19.8073364161664));
#6378=CARTESIAN_POINT('Ctrl Pts',(9.85087197607152,9.59362987903232,-19.8073364161664));
#6379=CARTESIAN_POINT('Ctrl Pts',(9.4581707433112,9.51735501326645,-19.7518436969957));
#6380=CARTESIAN_POINT('Ctrl Pts',(9.58945613726805,9.54063469147245,-19.7518436969957));
#6381=CARTESIAN_POINT('Ctrl Pts',(9.72074157552933,9.56391438797132,-19.7518436969957));
#6382=CARTESIAN_POINT('Ctrl Pts',(9.85202696948617,9.58719406617732,-19.7518436969957));
#6383=CARTESIAN_POINT('Ctrl Pts',(9.46625519027854,9.47145178883038,-19.6556236088606));
#6384=CARTESIAN_POINT('Ctrl Pts',(9.59759734029469,9.49440934907661,-19.6556236088606));
#6385=CARTESIAN_POINT('Ctrl Pts',(9.72893946532089,9.51736689782268,-19.6556236088606));
#6386=CARTESIAN_POINT('Ctrl Pts',(9.86028161533704,9.54032445806891,-19.6556236088606));
#6387=CARTESIAN_POINT('Ctrl Pts',(9.47297338105526,9.43300687116984,-19.6144491121044));
#6388=CARTESIAN_POINT('Ctrl Pts',(9.60436266302514,9.45569463694864,-19.6144491121044));
#6389=CARTESIAN_POINT('Ctrl Pts',(9.73575195973918,9.47838240794199,-19.6144491121044));
#6390=CARTESIAN_POINT('Ctrl Pts',(9.86714124170906,9.50107017372079,-19.6144491121044));
#6391=CARTESIAN_POINT('Ctrl Pts',(9.48967204404807,9.33491989216794,-19.558957763026));
#6392=CARTESIAN_POINT('Ctrl Pts',(9.62117851271991,9.35691933031574,-19.558957763026));
#6393=CARTESIAN_POINT('Ctrl Pts',(9.75268498682987,9.37891876753946,-19.558957763026));
#6394=CARTESIAN_POINT('Ctrl Pts',(9.88419145550171,9.40091820568726,-19.558957763026));
#6395=CARTESIAN_POINT('Ctrl Pts',(9.50002266812476,9.27258533746965,-19.551606631664));
#6396=CARTESIAN_POINT('Ctrl Pts',(9.63160180856951,9.29414734483492,-19.551606631664));
#6397=CARTESIAN_POINT('Ctrl Pts',(9.76318084700894,9.31570933720901,-19.551606631664));
#6398=CARTESIAN_POINT('Ctrl Pts',(9.8947599874537,9.33727134457428,-19.551606631664));
#6399=CARTESIAN_POINT('Ctrl Pts',(9.5613251426567,8.89040460657292,-19.5179315888572));
#6400=CARTESIAN_POINT('Ctrl Pts',(9.69333427005854,8.90928461276127,-19.5179315888572));
#6401=CARTESIAN_POINT('Ctrl Pts',(9.825343912995,8.92816469736504,-19.5179315888572));
#6402=CARTESIAN_POINT('Ctrl Pts',(9.95735304039684,8.9470447035534,-19.5179315888572));
#6403=CARTESIAN_POINT('Ctrl Pts',(9.60332851076983,8.57751845412773,-19.539750439226));
#6404=CARTESIAN_POINT('Ctrl Pts',(9.73563248851372,8.59420278549383,-19.539750439226));
#6405=CARTESIAN_POINT('Ctrl Pts',(9.86793671220004,8.61088714284853,-19.539750439226));
#6406=CARTESIAN_POINT('Ctrl Pts',(10.0002406899439,8.62757147421463,-19.539750439226));
#6407=CARTESIAN_POINT('Ctrl Pts',(9.67242229314422,7.94464539821857,-19.5563806529332));
#6408=CARTESIAN_POINT('Ctrl Pts',(9.80521129709359,7.95688853056675,-19.5563806529332));
#6409=CARTESIAN_POINT('Ctrl Pts',(9.93800007431367,7.96913164267499,-19.5563806529332));
#6410=CARTESIAN_POINT('Ctrl Pts',(10.070789078263,7.98137477502317,-19.5563806529332));
#6411=CARTESIAN_POINT('Ctrl Pts',(9.69925435039293,7.62433285601486,-19.5511908420763));
#6412=CARTESIAN_POINT('Ctrl Pts',(9.83223158156037,7.63432817259269,-19.5511908420763));
#6413=CARTESIAN_POINT('Ctrl Pts',(9.96520878976008,7.6443234943005,-19.5511908420763));
#6414=CARTESIAN_POINT('Ctrl Pts',(10.0981860209275,7.65431881087833,-19.5511908420763));
#6415=CARTESIAN_POINT('Ctrl Pts',(9.73650190173105,6.98440978392133,-19.5487977046293));
#6416=CARTESIAN_POINT('Ctrl Pts',(9.86974049687613,6.989914413837,-19.5487977046293));
#6417=CARTESIAN_POINT('Ctrl Pts',(10.0029791360961,6.99541904419349,-19.5487977046293));
#6418=CARTESIAN_POINT('Ctrl Pts',(10.1362177312412,7.00092367410915,-19.5487977046293));
#6419=CARTESIAN_POINT('Ctrl Pts',(9.74695002715002,6.66585147695967,-19.5515927671266));
#6420=CARTESIAN_POINT('Ctrl Pts',(9.88026195017509,6.66912060918494,-19.5515927671266));
#6421=CARTESIAN_POINT('Ctrl Pts',(10.0135738941702,6.67238974424935,-19.5515927671266));
#6422=CARTESIAN_POINT('Ctrl Pts',(10.1468858171953,6.67565887647461,-19.5515927671266));
#6423=CARTESIAN_POINT('Ctrl Pts',(9.75189415238165,6.0304026272726,-19.5527237320235));
#6424=CARTESIAN_POINT('Ctrl Pts',(9.88524078526229,6.02921247020194,-19.5527237320235));
#6425=CARTESIAN_POINT('Ctrl Pts',(10.0185873963933,6.02802231333848,-19.5527237320235));
#6426=CARTESIAN_POINT('Ctrl Pts',(10.1519340292739,6.02683215626782,-19.5527237320235));
#6427=CARTESIAN_POINT('Ctrl Pts',(9.74641703934593,5.71198820719308,-19.5510695864994));
#6428=CARTESIAN_POINT('Ctrl Pts',(9.87972522731782,5.70856356166089,-19.5510695864994));
#6429=CARTESIAN_POINT('Ctrl Pts',(10.0130334206234,5.70513892024513,-19.5510695864994));
#6430=CARTESIAN_POINT('Ctrl Pts',(10.1463416085953,5.70171427471294,-19.5510695864994));
#6431=CARTESIAN_POINT('Ctrl Pts',(9.71924588815656,5.07292830093747,-19.5605184105219));
#6432=CARTESIAN_POINT('Ctrl Pts',(9.85236340570457,5.06501902648847,-19.5605184105219));
#6433=CARTESIAN_POINT('Ctrl Pts',(9.98548091562236,5.05710975014305,-19.5605184105219));
#6434=CARTESIAN_POINT('Ctrl Pts',(10.1185984331704,5.04920047569405,-19.5605184105219));
#6435=CARTESIAN_POINT('Ctrl Pts',(9.69751327730957,4.75306435868623,-19.5716483741933));
#6436=CARTESIAN_POINT('Ctrl Pts',(9.83047833798656,4.74291041941281,-19.5716483741933));
#6437=CARTESIAN_POINT('Ctrl Pts',(9.96344323299699,4.73275649498463,-19.5716483741933));
#6438=CARTESIAN_POINT('Ctrl Pts',(10.096408293674,4.72260255571121,-19.5716483741933));
#6439=CARTESIAN_POINT('Ctrl Pts',(9.63830042455254,4.11837283519445,-19.5474187006133));
#6440=CARTESIAN_POINT('Ctrl Pts',(9.77084985488949,4.10376492859019,-19.5474187006133));
#6441=CARTESIAN_POINT('Ctrl Pts',(9.90339942420617,4.08915701201334,-19.5474187006133));
#6442=CARTESIAN_POINT('Ctrl Pts',(10.0359488545431,4.07454910540907,-19.5474187006133));
#6443=CARTESIAN_POINT('Ctrl Pts',(9.60099529321539,3.80341449347413,-19.5120602318414));
#6444=CARTESIAN_POINT('Ctrl Pts',(9.73328288122931,3.78659636193306,-19.5120602318414));
#6445=CARTESIAN_POINT('Ctrl Pts',(9.86557076400601,3.76977819329886,-19.5120602318414));
#6446=CARTESIAN_POINT('Ctrl Pts',(9.99785835201993,3.7529600617578,-19.5120602318414));
#6447=CARTESIAN_POINT('Ctrl Pts',(9.54779764385061,3.43498836730275,-19.5710800864907));
#6448=CARTESIAN_POINT('Ctrl Pts',(9.67971203938984,3.41558477284416,-19.5710800864907));
#6449=CARTESIAN_POINT('Ctrl Pts',(9.81162635660296,3.39618119054666,-19.5710800864907));
#6450=CARTESIAN_POINT('Ctrl Pts',(9.9435407521422,3.37677759608807,-19.5710800864907));
#6451=CARTESIAN_POINT('Ctrl Pts',(9.54053138310078,3.38617470354197,-19.580892972021));
#6452=CARTESIAN_POINT('Ctrl Pts',(9.6723947774175,3.36642855710119,-19.580892972021));
#6453=CARTESIAN_POINT('Ctrl Pts',(9.80425812316513,3.34668242268891,-19.580892972021));
#6454=CARTESIAN_POINT('Ctrl Pts',(9.93612151748184,3.32693627624812,-19.580892972021));
#6455=CARTESIAN_POINT('Ctrl Pts',(9.52836831209597,3.30614003601149,-19.6333597817076));
#6456=CARTESIAN_POINT('Ctrl Pts',(9.66014633178249,3.28583224811945,-19.6333597817076));
#6457=CARTESIAN_POINT('Ctrl Pts',(9.79192436213778,3.26552445624062,-19.6333597817076));
#6458=CARTESIAN_POINT('Ctrl Pts',(9.92370238182431,3.24521666834858,-19.6333597817076));
#6459=CARTESIAN_POINT('Ctrl Pts',(9.52347425411443,3.27476326677561,-19.6757264954888));
#6460=CARTESIAN_POINT('Ctrl Pts',(9.65521795437434,3.25423528409569,-19.6757264954888));
#6461=CARTESIAN_POINT('Ctrl Pts',(9.78696159078325,3.23370731822976,-19.6757264954888));
#6462=CARTESIAN_POINT('Ctrl Pts',(9.91870529104316,3.21317933554984,-19.6757264954888));
#6463=CARTESIAN_POINT('Ctrl Pts',(9.51717768537575,3.23463277635411,-19.771988625834));
#6464=CARTESIAN_POINT('Ctrl Pts',(9.648877165253,3.21382318611492,-19.771988625834));
#6465=CARTESIAN_POINT('Ctrl Pts',(9.78057668308536,3.19301358293759,-19.771988625834));
#6466=CARTESIAN_POINT('Ctrl Pts',(9.91227616296261,3.17220399269841,-19.771988625834));
#6467=CARTESIAN_POINT('Ctrl Pts',(9.51621766062892,3.22863034455294,-19.8266304018559));
#6468=CARTESIAN_POINT('Ctrl Pts',(9.6479104338025,3.20777862292575,-19.8266304018559));
#6469=CARTESIAN_POINT('Ctrl Pts',(9.77960315399489,3.18692691553914,-19.8266304018559));
#6470=CARTESIAN_POINT('Ctrl Pts',(9.91129592716847,3.16607519391195,-19.8266304018559));
#6471=CARTESIAN_POINT('Ctrl Pts',(9.51171363419263,3.20023092687708,-20.1391940663896));
#6472=CARTESIAN_POINT('Ctrl Pts',(9.64337472492879,3.1791799339226,-20.1391940663896));
#6473=CARTESIAN_POINT('Ctrl Pts',(9.77503598838684,3.15812888671318,-20.1391940663896));
#6474=CARTESIAN_POINT('Ctrl Pts',(9.906697079123,3.1370778937587,-20.1391940663896));
#6475=CARTESIAN_POINT('Ctrl Pts',(9.51172952539259,3.20030687751643,-20.3946715540979));
#6476=CARTESIAN_POINT('Ctrl Pts',(9.64339072411632,3.17925641870696,-20.3946715540979));
#6477=CARTESIAN_POINT('Ctrl Pts',(9.77505210615082,3.15820590216834,-20.3946715540979));
#6478=CARTESIAN_POINT('Ctrl Pts',(9.90671330487454,3.13715544335888,-20.3946715540979));
#6479=CARTESIAN_POINT('Ctrl Pts',(9.51675587870225,3.23203266859999,-20.7077417468393));
#6480=CARTESIAN_POINT('Ctrl Pts',(9.64845243139549,3.21120482235723,-20.7077417468393));
#6481=CARTESIAN_POINT('Ctrl Pts',(9.78014892345537,3.19037699207643,-20.7077417468393));
#6482=CARTESIAN_POINT('Ctrl Pts',(9.91184547614861,3.16954914583367,-20.7077417468393));
#6483=CARTESIAN_POINT('Ctrl Pts',(9.51782582527216,3.23873200133331,-20.7624970638513));
#6484=CARTESIAN_POINT('Ctrl Pts',(9.64952985351203,3.21795117778189,-20.7624970638513));
#6485=CARTESIAN_POINT('Ctrl Pts',(9.7812339196696,3.19717034070228,-20.7624970638513));
#6486=CARTESIAN_POINT('Ctrl Pts',(9.91293794790947,3.17638951715086,-20.7624970638513));
#6487=CARTESIAN_POINT('Ctrl Pts',(9.52453676825902,3.28157923155462,-20.858270013771));
#6488=CARTESIAN_POINT('Ctrl Pts',(9.65628792822684,3.26109907933153,-20.858270013771));
#6489=CARTESIAN_POINT('Ctrl Pts',(9.78803901393876,3.24061894654728,-20.858270013771));
#6490=CARTESIAN_POINT('Ctrl Pts',(9.91979017390657,3.22013879432419,-20.858270013771));
#6491=CARTESIAN_POINT('Ctrl Pts',(9.5297979719614,3.31540818053011,-20.9000236528745));
#6492=CARTESIAN_POINT('Ctrl Pts',(9.66158602877028,3.29516543145816,-20.9000236528745));
#6493=CARTESIAN_POINT('Ctrl Pts',(9.79337408298329,3.27492268077112,-20.9000236528745));
#6494=CARTESIAN_POINT('Ctrl Pts',(9.92516213979216,3.25467993169917,-20.9000236528745));
#6495=CARTESIAN_POINT('Ctrl Pts',(9.54266110003337,3.40038560658847,-20.9523688755382));
#6496=CARTESIAN_POINT('Ctrl Pts',(9.67453943846642,3.38073918586436,-20.9523688755382));
#6497=CARTESIAN_POINT('Ctrl Pts',(9.80641773212733,3.36109277692497,-20.9523688755382));
#6498=CARTESIAN_POINT('Ctrl Pts',(9.93829607056038,3.34144635620086,-20.9523688755382));
#6499=CARTESIAN_POINT('Ctrl Pts',(9.55034346788979,3.45229429137446,-20.9613643813623));
#6500=CARTESIAN_POINT('Ctrl Pts',(9.68227573634338,3.43301214088319,-20.9613643813623));
#6501=CARTESIAN_POINT('Ctrl Pts',(9.81420790402335,3.41373000589467,-20.9613643813623));
#6502=CARTESIAN_POINT('Ctrl Pts',(9.94614017247694,3.3944478554034,-20.9613643813623));
#6503=CARTESIAN_POINT('Ctrl Pts',(9.60364008067554,3.82426631053276,-21.0115380534562));
#6504=CARTESIAN_POINT('Ctrl Pts',(9.73594620195645,3.80759451104926,-21.0115380534562));
#6505=CARTESIAN_POINT('Ctrl Pts',(9.86825269793518,3.79092266392222,-21.0115380534562));
#6506=CARTESIAN_POINT('Ctrl Pts',(10.0005588192161,3.77425086443872,-21.0115380534562));
#6507=CARTESIAN_POINT('Ctrl Pts',(9.64051086826665,4.13860840778476,-20.9776869167609));
#6508=CARTESIAN_POINT('Ctrl Pts',(9.77307580154387,4.12414250592572,-20.9776869167609));
#6509=CARTESIAN_POINT('Ctrl Pts',(9.90564090063714,4.10967659191296,-20.9776869167609));
#6510=CARTESIAN_POINT('Ctrl Pts',(10.0382058339144,4.09521069005392,-20.9776869167609));
#6511=CARTESIAN_POINT('Ctrl Pts',(9.69899263921975,4.77263023528086,-20.9515343868265));
#6512=CARTESIAN_POINT('Ctrl Pts',(9.83196809045491,4.76261360019903,-20.9515343868265));
#6513=CARTESIAN_POINT('Ctrl Pts',(9.96494334881027,4.75259698057915,-20.9515343868265));
#6514=CARTESIAN_POINT('Ctrl Pts',(10.0979188000454,4.74258034549731,-20.9515343868265));
#6515=CARTESIAN_POINT('Ctrl Pts',(9.72039030450039,5.09241140852728,-20.9592337475678));
#6516=CARTESIAN_POINT('Ctrl Pts',(9.85351585255535,5.08463885819247,-20.9592337475678));
#6517=CARTESIAN_POINT('Ctrl Pts',(9.98664139443492,5.07686630430476,-20.9592337475678));
#6518=CARTESIAN_POINT('Ctrl Pts',(10.1197669424899,5.06909375396996,-20.9592337475678));
#6519=CARTESIAN_POINT('Ctrl Pts',(9.7468969377878,5.73115605927098,-20.9625176068917));
#6520=CARTESIAN_POINT('Ctrl Pts',(9.88020849574242,5.72786592563803,-20.9625176068917));
#6521=CARTESIAN_POINT('Ctrl Pts',(10.0135200522077,5.72457579415173,-20.9625176068917));
#6522=CARTESIAN_POINT('Ctrl Pts',(10.1468316101623,5.72128566051879,-20.9625176068917));
#6523=CARTESIAN_POINT('Ctrl Pts',(9.75205348780768,6.04940603718128,-20.9581233631803));
#6524=CARTESIAN_POINT('Ctrl Pts',(9.88540123483591,6.04834923796623,-20.9581233631803));
#6525=CARTESIAN_POINT('Ctrl Pts',(10.0187489721017,6.04729243717909,-20.9581233631803));
#6526=CARTESIAN_POINT('Ctrl Pts',(10.1520967191299,6.04623563796404,-20.9581233631803));
#6527=CARTESIAN_POINT('Ctrl Pts',(9.74647509834226,6.68484198457141,-20.9557370448031));
#6528=CARTESIAN_POINT('Ctrl Pts',(9.879783698424,6.68824438508357,-20.9557370448031));
#6529=CARTESIAN_POINT('Ctrl Pts',(10.0130922898046,6.69164678373444,-20.9557370448031));
#6530=CARTESIAN_POINT('Ctrl Pts',(10.1464008898863,6.6950491842466,-20.9557370448031));
#6531=CARTESIAN_POINT('Ctrl Pts',(9.73569795999386,7.0034854942519,-20.9577602330883));
#6532=CARTESIAN_POINT('Ctrl Pts',(9.8689309205105,7.00912398954396,-20.9577602330883));
#6533=CARTESIAN_POINT('Ctrl Pts',(10.0021639038982,7.01476248304935,-20.9577602330883));
#6534=CARTESIAN_POINT('Ctrl Pts',(10.1353968644148,7.02040097834141,-20.9577602330883));
#6535=CARTESIAN_POINT('Ctrl Pts',(9.69787622453953,7.64238004504095,-20.9522640323345));
#6536=CARTESIAN_POINT('Ctrl Pts',(9.83084379254095,7.65250201217152,-20.9522640323345));
#6537=CARTESIAN_POINT('Ctrl Pts',(9.96381131389683,7.66262397359545,-20.9522640323345));
#6538=CARTESIAN_POINT('Ctrl Pts',(10.0967788818983,7.67274594072602,-20.9522640323345));
#6539=CARTESIAN_POINT('Ctrl Pts',(9.67085387778043,7.96161795332826,-20.9447439360585));
#6540=CARTESIAN_POINT('Ctrl Pts',(9.80363182442945,7.97398018862346,-20.9447439360585));
#6541=CARTESIAN_POINT('Ctrl Pts',(9.93640969697943,7.98634241178733,-20.9447439360585));
#6542=CARTESIAN_POINT('Ctrl Pts',(10.0691876436284,7.99870464708254,-20.9447439360585));
#6543=CARTESIAN_POINT('Ctrl Pts',(9.60098327038081,8.59628534461686,-20.9614368195601));
#6544=CARTESIAN_POINT('Ctrl Pts',(9.73327086075316,8.61310138281441,-20.9614368195601));
#6545=CARTESIAN_POINT('Ctrl Pts',(9.8655584857007,8.62991741893756,-20.9614368195601));
#6546=CARTESIAN_POINT('Ctrl Pts',(9.99784607607304,8.64673345713511,-20.9614368195601));
#6547=CARTESIAN_POINT('Ctrl Pts',(9.55816462259695,8.91197516641097,-20.9856490443054));
#6548=CARTESIAN_POINT('Ctrl Pts',(9.69015174476178,8.93100657391764,-20.9856490443054));
#6549=CARTESIAN_POINT('Ctrl Pts',(9.82213886090785,8.95003797293401,-20.9856490443054));
#6550=CARTESIAN_POINT('Ctrl Pts',(9.95412598307268,8.96906938044068,-20.9856490443054));
#6551=CARTESIAN_POINT('Ctrl Pts',(9.49866563112581,9.28066032856654,-20.9453639381563));
#6552=CARTESIAN_POINT('Ctrl Pts',(9.63023522154371,9.30227900128395,-20.9453639381563));
#6553=CARTESIAN_POINT('Ctrl Pts',(9.76180479083688,9.32389766276631,-20.9453639381563));
#6554=CARTESIAN_POINT('Ctrl Pts',(9.89337438125477,9.34551633548372,-20.9453639381563));
#6555=CARTESIAN_POINT('Ctrl Pts',(9.48984613544174,9.33377628282866,-20.9378955080595));
#6556=CARTESIAN_POINT('Ctrl Pts',(9.62135384179872,9.35576769987071,-20.9378955080595));
#6557=CARTESIAN_POINT('Ctrl Pts',(9.75286150562039,9.37775910331984,-20.9378955080595));
#6558=CARTESIAN_POINT('Ctrl Pts',(9.88436921197736,9.39975052036189,-20.9378955080595));
#6559=CARTESIAN_POINT('Ctrl Pts',(9.47407450055605,9.42662217005129,-20.8926147516522));
#6560=CARTESIAN_POINT('Ctrl Pts',(9.60547151142524,9.44926513504339,-20.8926147516522));
#6561=CARTESIAN_POINT('Ctrl Pts',(9.73686853180383,9.47190809284973,-20.8926147516522));
#6562=CARTESIAN_POINT('Ctrl Pts',(9.86826554267302,9.49455105784184,-20.8926147516522));
#6563=CARTESIAN_POINT('Ctrl Pts',(9.46702723231515,9.46704338030475,-20.8570812076407));
#6564=CARTESIAN_POINT('Ctrl Pts',(9.59837482531152,9.48997001009117,-20.8570812076407));
#6565=CARTESIAN_POINT('Ctrl Pts',(9.72972231789384,9.51289661115632,-20.8570812076407));
#6566=CARTESIAN_POINT('Ctrl Pts',(9.86106991089021,9.53582324094274,-20.8570812076407));
#6567=CARTESIAN_POINT('Ctrl Pts',(9.45818749226914,9.51726715229641,-20.7685895070311));
#6568=CARTESIAN_POINT('Ctrl Pts',(9.58947298997736,9.54054621613501,-20.7685895070311));
#6569=CARTESIAN_POINT('Ctrl Pts',(9.72075857334554,9.56382529166405,-20.7685895070311));
#6570=CARTESIAN_POINT('Ctrl Pts',(9.85204407105375,9.58710435550265,-20.7685895070311));
#6571=CARTESIAN_POINT('Ctrl Pts',(9.45663078347335,9.5259524533384,-20.7150588855019));
#6572=CARTESIAN_POINT('Ctrl Pts',(9.58790541169025,9.54929246953893,-20.7150588855019));
#6573=CARTESIAN_POINT('Ctrl Pts',(9.71917996122431,9.57263248878709,-20.7150588855019));
#6574=CARTESIAN_POINT('Ctrl Pts',(9.85045458944121,9.59597250498762,-20.7150588855019));
#6575=CARTESIAN_POINT('Ctrl Pts',(9.44916499297117,9.5678486642045,-20.3921865108586));
#6576=CARTESIAN_POINT('Ctrl Pts',(9.58038707987474,9.59148270679485,-20.3921865108586));
#6577=CARTESIAN_POINT('Ctrl Pts',(9.71160953749857,9.6151166987553,-20.3921865108586));
#6578=CARTESIAN_POINT('Ctrl Pts',(9.84283162440214,9.63875074134565,-20.3921865108586));
#6579=CARTESIAN_POINT('Ctrl Pts',(9.45115331163603,9.55673087943545,-20.1316308532021));
#6580=CARTESIAN_POINT('Ctrl Pts',(9.5823893730645,9.58028691825248,-20.1316308532021));
#6581=CARTESIAN_POINT('Ctrl Pts',(9.71362574097885,9.60384285913284,-20.1316308532021));
#6582=CARTESIAN_POINT('Ctrl Pts',(9.84486180240732,9.62739889794988,-20.1316308532021));
#6583=CARTESIAN_POINT('Ctrl Pts',(9.45603886909214,9.52928067726562,-19.8624682426453));
#6584=CARTESIAN_POINT('Ctrl Pts',(9.58730931729629,9.55264405043941,-19.8624682426453));
#6585=CARTESIAN_POINT('Ctrl Pts',(9.71857976550045,9.57600742361321,-19.8624682426453));
#6586=CARTESIAN_POINT('Ctrl Pts',(9.8498502137046,9.599370796787,-19.8624682426453));
#6587=CARTESIAN_POINT('',(9.8498502137046,9.599370796787,-19.8624682426453));
#6588=CARTESIAN_POINT('Origin',(-9.25,6.2,22.));
#6589=CARTESIAN_POINT('',(9.50465705840124,9.24349118969657,-15.6351435184479));
#6590=CARTESIAN_POINT('Ctrl Pts',(9.50465705840124,9.24349118969657,-15.6351435184479));
#6591=CARTESIAN_POINT('Ctrl Pts',(9.59061866344977,8.71377701528634,-15.2555513352689));
#6592=CARTESIAN_POINT('Ctrl Pts',(9.65758761625349,8.15498945043299,-14.9831469685329));
#6593=CARTESIAN_POINT('Ctrl Pts',(9.73980307679107,7.03669633804306,-14.4105143663398));
#6594=CARTESIAN_POINT('Ctrl Pts',(9.75565750859917,6.48291769126596,-14.1097687748049));
#6595=CARTESIAN_POINT('Ctrl Pts',(9.74780293802089,5.90883214607377,-13.7388455297155));
#6596=CARTESIAN_POINT('Ctrl Pts',(9.74728012487669,5.87725962075876,-13.7182876272134));
#6597=CARTESIAN_POINT('Ctrl Pts',(9.74657669855201,5.83858980834923,-13.6642820882987));
#6598=CARTESIAN_POINT('Ctrl Pts',(9.74635779263785,5.82761660310716,-13.6347089611124));
#6599=CARTESIAN_POINT('Ctrl Pts',(9.74636077231053,5.82776278673757,-13.575622778369));
#6600=CARTESIAN_POINT('Ctrl Pts',(9.74658399283226,5.83896952975833,-13.5461114754233));
#6601=CARTESIAN_POINT('Ctrl Pts',(9.74728388148407,5.87746402110242,-13.4920950931932));
#6602=CARTESIAN_POINT('Ctrl Pts',(9.74779151444531,5.90827518870738,-13.471095050522));
#6603=CARTESIAN_POINT('Ctrl Pts',(9.7555586178208,6.46872070689159,-13.0940253319532));
#6604=CARTESIAN_POINT('Ctrl Pts',(9.74029616469015,7.02622702160387,-12.8085074430824));
#6605=CARTESIAN_POINT('Ctrl Pts',(9.6590088471622,8.13962747133484,-12.2509921447904));
#6606=CARTESIAN_POINT('Ctrl Pts',(9.59376958955217,8.68999828705828,-11.9784939279728));
#6607=CARTESIAN_POINT('Ctrl Pts',(9.49677244689664,9.292637944748,-11.557656299137));
#6608=CARTESIAN_POINT('Ctrl Pts',(9.48443238848309,9.36603002583025,-11.5042270803249));
#6609=CARTESIAN_POINT('Ctrl Pts',(9.46787887216425,9.46240773834396,-11.352239326063));
#6610=CARTESIAN_POINT('Ctrl Pts',(9.4648835037623,9.47922114078374,-11.2494651656035));
#6611=CARTESIAN_POINT('Ctrl Pts',(9.45491916514618,9.53585028940272,-10.8078214790699));
#6612=CARTESIAN_POINT('Ctrl Pts',(9.45490653513904,9.53593044100676,-10.4852412128195));
#6613=CARTESIAN_POINT('Ctrl Pts',(9.46469951419847,9.48025044992868,-10.097497177824));
#6614=CARTESIAN_POINT('Ctrl Pts',(9.46633476440701,9.47098306100709,-10.0418995493855));
#6615=CARTESIAN_POINT('Ctrl Pts',(9.47498144707119,9.42113530647405,-9.94566622955986));
#6616=CARTESIAN_POINT('Ctrl Pts',(9.48181814406306,9.38137040766246,-9.90467696584653));
#6617=CARTESIAN_POINT('Ctrl Pts',(9.49739031512074,9.28830837168452,-9.85365999490923));
#6618=CARTESIAN_POINT('Ctrl Pts',(9.5061666555777,9.2346681071352,-9.84451240707619));
#6619=CARTESIAN_POINT('Ctrl Pts',(9.61496278353931,8.54965863382122,-9.74264048401149));
#6620=CARTESIAN_POINT('Ctrl Pts',(9.68309094890603,7.91610411151352,-9.81001114644217));
#6621=CARTESIAN_POINT('Ctrl Pts',(9.75553809132566,6.64292991319225,-9.87497727080304));
#6622=CARTESIAN_POINT('Ctrl Pts',(9.75958843819468,6.00246604900198,-9.87280772765282));
#6623=CARTESIAN_POINT('Ctrl Pts',(9.70401308189956,4.73524487259408,-9.82722933415277));
#6624=CARTESIAN_POINT('Ctrl Pts',(9.64524734383985,4.10558967586051,-9.78370263903643));
#6625=CARTESIAN_POINT('Ctrl Pts',(9.54445456482435,3.41229824325724,-9.86410202659957));
#6626=CARTESIAN_POINT('Ctrl Pts',(9.53663235047339,3.36021230132848,-9.87091259244976));
#6627=CARTESIAN_POINT('Ctrl Pts',(9.52332633276148,3.27358728023603,-9.91966071951504));
#6628=CARTESIAN_POINT('Ctrl Pts',(9.5177396334607,3.23818643679533,-9.95948713296931));
#6629=CARTESIAN_POINT('Ctrl Pts',(9.51032503655602,3.1915700566484,-10.0572216863148));
#6630=CARTESIAN_POINT('Ctrl Pts',(9.5094106523978,3.18597022683437,-10.1171061522536));
#6631=CARTESIAN_POINT('Ctrl Pts',(9.50616527823461,3.16577962784197,-10.3850506885425));
#6632=CARTESIAN_POINT('Ctrl Pts',(9.50588057878859,3.16399207988265,-10.5874348951196));
#6633=CARTESIAN_POINT('Ctrl Pts',(9.50993848417515,3.18924053383931,-10.8484214918077));
#6634=CARTESIAN_POINT('Ctrl Pts',(9.5110133862148,3.19586911540128,-10.9022746425362));
#6635=CARTESIAN_POINT('Ctrl Pts',(9.51784998027404,3.23887878626277,-10.9937298360562));
#6636=CARTESIAN_POINT('Ctrl Pts',(9.52311634755019,3.27225206634404,-11.0324133886227));
#6637=CARTESIAN_POINT('Ctrl Pts',(9.53580310243986,3.35474536879569,-11.081375940143));
#6638=CARTESIAN_POINT('Ctrl Pts',(9.54330583181117,3.40460826541582,-11.0900467036269));
#6639=CARTESIAN_POINT('Ctrl Pts',(9.56689297083354,3.56614145656585,-11.1062820174906));
#6640=CARTESIAN_POINT('Ctrl Pts',(9.58196038982937,3.67618890697822,-11.0985791062963));
#6641=CARTESIAN_POINT('Ctrl Pts',(9.6290987229494,4.04426434111013,-11.083189015479));
#6642=CARTESIAN_POINT('Ctrl Pts',(9.65713619402873,4.30575587088982,-11.0889746241865));
#6643=CARTESIAN_POINT('Ctrl Pts',(9.70799048085792,4.8948466327531,-11.0949390195013));
#6644=CARTESIAN_POINT('Ctrl Pts',(9.72772443927545,5.22007987561667,-11.0930904169714));
#6645=CARTESIAN_POINT('Ctrl Pts',(9.75081161997351,5.90151886554952,-11.0844991807001));
#6646=CARTESIAN_POINT('Ctrl Pts',(9.75246906156071,6.25730569200238,-11.0778036404976));
#6647=CARTESIAN_POINT('Ctrl Pts',(9.74223567494659,6.77841159862363,-11.0930185675481));
#6648=CARTESIAN_POINT('Ctrl Pts',(9.73715858118767,6.96914582643244,-11.1086804454986));
#6649=CARTESIAN_POINT('Ctrl Pts',(9.70949345817297,7.4487162201585,-11.0766694165867));
#6650=CARTESIAN_POINT('Ctrl Pts',(9.69761283312562,7.60961800238276,-11.06139684891));
#6651=CARTESIAN_POINT('Ctrl Pts',(9.69672414420595,7.62119808925142,-11.1116757602533));
#6652=CARTESIAN_POINT('Ctrl Pts',(9.70739604926136,7.47847536553847,-11.1755006684357));
#6653=CARTESIAN_POINT('Ctrl Pts',(9.73677143460419,6.98863455430001,-11.4072724913464));
#6654=CARTESIAN_POINT('Ctrl Pts',(9.74145492224057,6.80003118271079,-11.5300507147331));
#6655=CARTESIAN_POINT('Ctrl Pts',(9.75413500041679,6.20511142903717,-11.892288473452));
#6656=CARTESIAN_POINT('Ctrl Pts',(9.75003144657255,5.73562243236117,-12.1550435335742));
#6657=CARTESIAN_POINT('Ctrl Pts',(9.69670841350693,4.64159644154471,-12.7074914897459));
#6658=CARTESIAN_POINT('Ctrl Pts',(9.63464716259708,4.03243289127632,-12.9655117250932));
#6659=CARTESIAN_POINT('Ctrl Pts',(9.54781162146891,3.4353021429118,-13.4130639632904));
#6660=CARTESIAN_POINT('Ctrl Pts',(9.54310752156146,3.40359618972948,-13.4374635873634));
#6661=CARTESIAN_POINT('Ctrl Pts',(9.53726223291652,3.36462856890353,-13.5002622487521));
#6662=CARTESIAN_POINT('Ctrl Pts',(9.53583935200956,3.35527096548332,-13.5370558946108));
#6663=CARTESIAN_POINT('Ctrl Pts',(9.53588272480201,3.35555753902282,-13.6105660504033));
#6664=CARTESIAN_POINT('Ctrl Pts',(9.53734897691531,3.36520182316965,-13.6472825894606));
#6665=CARTESIAN_POINT('Ctrl Pts',(9.54326620017495,3.40466215042198,-13.7097503813624));
#6666=CARTESIAN_POINT('Ctrl Pts',(9.54799758199216,3.43656157975441,-13.733878349851));
#6667=CARTESIAN_POINT('Ctrl Pts',(9.6353022127794,4.03736781632647,-14.1767973761426));
#6668=CARTESIAN_POINT('Ctrl Pts',(9.69710779023522,4.64618391564443,-14.4348011480286));
#6669=CARTESIAN_POINT('Ctrl Pts',(9.75024137080125,5.7427153908851,-14.9835511396563));
#6670=CARTESIAN_POINT('Ctrl Pts',(9.75415076685648,6.21425936013605,-15.2436888123582));
#6671=CARTESIAN_POINT('Ctrl Pts',(9.74113333750834,6.81004364263706,-15.6045463898363));
#6672=CARTESIAN_POINT('Ctrl Pts',(9.73639650888046,6.99841402135334,-15.7274384724947));
#6673=CARTESIAN_POINT('Ctrl Pts',(9.70657188389263,7.49069345384569,-15.9556108180717));
#6674=CARTESIAN_POINT('Ctrl Pts',(9.69575979869777,7.63400101569099,-16.0181165908705));
#6675=CARTESIAN_POINT('Ctrl Pts',(9.69669579688519,7.62187981880509,-16.0680694677939));
#6676=CARTESIAN_POINT('Ctrl Pts',(9.70851487679485,7.46323592630345,-16.0547109348672));
#6677=CARTESIAN_POINT('Ctrl Pts',(9.73624669833576,6.98973446995238,-16.0274811665588));
#6678=CARTESIAN_POINT('Ctrl Pts',(9.74151381999208,6.8009583090619,-16.0432264523257));
#6679=CARTESIAN_POINT('Ctrl Pts',(9.75231831416287,6.28497573209875,-16.0607128600742));
#6680=CARTESIAN_POINT('Ctrl Pts',(9.7512134340874,5.93257087478751,-16.0567656429753));
#6681=CARTESIAN_POINT('Ctrl Pts',(9.72952527431614,5.25628630585962,-16.0527669672409));
#6682=CARTESIAN_POINT('Ctrl Pts',(9.71053643323546,4.93284199681948,-16.0527698698328));
#6683=CARTESIAN_POINT('Ctrl Pts',(9.66101501928211,4.3447872779094,-16.0628595181183));
#6684=CARTESIAN_POINT('Ctrl Pts',(9.63343911909457,4.08253728825971,-16.0708016526741));
#6685=CARTESIAN_POINT('Ctrl Pts',(9.58636385000772,3.70905763573919,-16.0568455646037));
#6686=CARTESIAN_POINT('Ctrl Pts',(9.57085746763442,3.59441575875574,-16.0490086473971));
#6687=CARTESIAN_POINT('Ctrl Pts',(9.54667987049185,3.42737385483558,-16.0680837436356));
#6688=CARTESIAN_POINT('Ctrl Pts',(9.53912112680675,3.37674190527286,-16.0777385282182));
#6689=CARTESIAN_POINT('Ctrl Pts',(9.5265604771537,3.29442807056158,-16.1295524739601));
#6690=CARTESIAN_POINT('Ctrl Pts',(9.52147000835591,3.26192407718645,-16.1700717019265));
#6691=CARTESIAN_POINT('Ctrl Pts',(9.51495529642849,3.22059973043653,-16.264003501329));
#6692=CARTESIAN_POINT('Ctrl Pts',(9.51399230064187,3.21461276919517,-16.3183221982089));
#6693=CARTESIAN_POINT('Ctrl Pts',(9.50999227662435,3.18950512803482,-16.6100586736276));
#6694=CARTESIAN_POINT('Ctrl Pts',(9.51085900572751,3.19493955294918,-16.842430422311));
#6695=CARTESIAN_POINT('Ctrl Pts',(9.51433690977141,3.21680544238987,-17.1360255308719));
#6696=CARTESIAN_POINT('Ctrl Pts',(9.5150991588566,3.22153179621085,-17.1911418028938));
#6697=CARTESIAN_POINT('Ctrl Pts',(9.52179668094654,3.26403005192914,-17.2872311639555));
#6698=CARTESIAN_POINT('Ctrl Pts',(9.52738731695566,3.29976694064247,-17.3288636940791));
#6699=CARTESIAN_POINT('Ctrl Pts',(9.54188574348057,3.39505558489053,-17.3854816642665));
#6700=CARTESIAN_POINT('Ctrl Pts',(9.55125404511454,3.45828568864042,-17.3915657232304));
#6701=CARTESIAN_POINT('Ctrl Pts',(9.65199021298496,4.16664114911877,-17.4501977167677));
#6702=CARTESIAN_POINT('Ctrl Pts',(9.70786166212705,4.7889345561928,-17.4129550792249));
#6703=CARTESIAN_POINT('Ctrl Pts',(9.75986835671327,6.04659834183473,-17.3655796751645));
#6704=CARTESIAN_POINT('Ctrl Pts',(9.75443762510747,6.68524970422172,-17.3553807640007));
#6705=CARTESIAN_POINT('Ctrl Pts',(9.67954219886175,7.95405084583778,-17.4100050193266));
#6706=CARTESIAN_POINT('Ctrl Pts',(9.61046838520437,8.58460837740198,-17.4751344229601));
#6707=CARTESIAN_POINT('Ctrl Pts',(9.50102613226323,9.2662650679623,-17.3704465310441));
#6708=CARTESIAN_POINT('Ctrl Pts',(9.49216939685806,9.31982865982839,-17.3610383447296));
#6709=CARTESIAN_POINT('Ctrl Pts',(9.47650977701655,9.41246075573851,-17.3095450329535));
#6710=CARTESIAN_POINT('Ctrl Pts',(9.46966264346827,9.45189484353707,-17.2683889322094));
#6711=CARTESIAN_POINT('Ctrl Pts',(9.46105753870249,9.50102909168837,-17.1719609448157));
#6712=CARTESIAN_POINT('Ctrl Pts',(9.45947411841476,9.50991644451426,-17.1163402036329));
#6713=CARTESIAN_POINT('Ctrl Pts',(9.45066297882741,9.55956901463287,-16.7430762384022));
#6714=CARTESIAN_POINT('Ctrl Pts',(9.45219245728673,9.55102937134856,-16.4360639955392));
#6715=CARTESIAN_POINT('Ctrl Pts',(9.46104785478599,9.50099201862199,-16.0049415172113));
#6716=CARTESIAN_POINT('Ctrl Pts',(9.46378872854737,9.48576141379245,-15.8978329331873));
#6717=CARTESIAN_POINT('Ctrl Pts',(9.48048920058803,9.3892169277906,-15.7420182675889));
#6718=CARTESIAN_POINT('Ctrl Pts',(9.49278739454765,9.31663464932814,-15.6875579843393));
#6719=CARTESIAN_POINT('Ctrl Pts',(9.50465705840124,9.24349118969657,-15.6351435184479));
#6720=CARTESIAN_POINT('Ctrl Pts',(9.50465705840124,9.24349118969657,-15.6351435184479));
#6721=CARTESIAN_POINT('Ctrl Pts',(9.63626868688125,9.26484902260672,-15.6351435184479));
#6722=CARTESIAN_POINT('Ctrl Pts',(9.76788031536126,9.28620685551687,-15.6351435184479));
#6723=CARTESIAN_POINT('Ctrl Pts',(9.89949194384127,9.30756468842702,-15.6351435184479));
#6724=CARTESIAN_POINT('Ctrl Pts',(9.59061866344977,8.71377701528634,-15.2555513352689));
#6725=CARTESIAN_POINT('Ctrl Pts',(9.72283500531582,8.73141796094345,-15.2555513352689));
#6726=CARTESIAN_POINT('Ctrl Pts',(9.85504692502476,8.74905769100367,-15.2555513352689));
#6727=CARTESIAN_POINT('Ctrl Pts',(9.98726326689082,8.76669863666078,-15.2555513352689));
#6728=CARTESIAN_POINT('Ctrl Pts',(9.65758761625349,8.15498945043299,-14.9831469685329));
#6729=CARTESIAN_POINT('Ctrl Pts',(9.79027239229219,8.16870882363933,-14.9831469685329));
#6730=CARTESIAN_POINT('Ctrl Pts',(9.92295731634644,8.18242774986734,-14.9831469685329));
#6731=CARTESIAN_POINT('Ctrl Pts',(10.0556420923851,8.19614712307368,-14.9831469685329));
#6732=CARTESIAN_POINT('Ctrl Pts',(9.73980307679107,7.03669633804306,-14.4105143663398));
#6733=CARTESIAN_POINT('Ctrl Pts',(9.87306470833663,7.04256787847738,-14.4105143663398));
#6734=CARTESIAN_POINT('Ctrl Pts',(10.006326773178,7.04843945735701,-14.4105143663398));
#6735=CARTESIAN_POINT('Ctrl Pts',(10.1395884047235,7.05431099779133,-14.4105143663398));
#6736=CARTESIAN_POINT('Ctrl Pts',(9.75565750859917,6.48291769126596,-14.1097687748049));
#6737=CARTESIAN_POINT('Ctrl Pts',(9.88903099808799,6.48490187654175,-14.1097687748049));
#6738=CARTESIAN_POINT('Ctrl Pts',(10.0224031245545,6.48688966791156,-14.1097687748049));
#6739=CARTESIAN_POINT('Ctrl Pts',(10.1557766140433,6.48887385318735,-14.1097687748049));
#6740=CARTESIAN_POINT('Ctrl Pts',(9.74780293802089,5.90883214607377,-13.7388455297155));
#6741=CARTESIAN_POINT('Ctrl Pts',(9.88112075940417,5.90678904822443,-13.7388455297155));
#6742=CARTESIAN_POINT('Ctrl Pts',(10.0144388627012,5.90474539436676,-13.7388455297155));
#6743=CARTESIAN_POINT('Ctrl Pts',(10.1477566840845,5.90270229651743,-13.7388455297155));
#6744=CARTESIAN_POINT('Ctrl Pts',(9.74728012487669,5.87725962075876,-13.7182876272134));
#6745=CARTESIAN_POINT('Ctrl Pts',(9.88059436144601,5.87499480411471,-13.7182876272134));
#6746=CARTESIAN_POINT('Ctrl Pts',(10.0139086277785,5.87272990310301,-13.7182876272134));
#6747=CARTESIAN_POINT('Ctrl Pts',(10.1472228643478,5.87046508645895,-13.7182876272134));
#6748=CARTESIAN_POINT('Ctrl Pts',(9.74657669855201,5.83858980834923,-13.6642820882987));
#6749=CARTESIAN_POINT('Ctrl Pts',(9.87988593736975,5.83605371860044,-13.6642820882987));
#6750=CARTESIAN_POINT('Ctrl Pts',(10.0131953902301,5.83351726248432,-13.6642820882987));
#6751=CARTESIAN_POINT('Ctrl Pts',(10.1465046290478,5.83098117273553,-13.6642820882987));
#6752=CARTESIAN_POINT('Ctrl Pts',(9.74635779263785,5.82761660310716,-13.6347089611124));
#6753=CARTESIAN_POINT('Ctrl Pts',(9.87966551363714,5.82500346882262,-13.6347089611124));
#6754=CARTESIAN_POINT('Ctrl Pts',(10.0129733935888,5.8223900869308,-13.6347089611124));
#6755=CARTESIAN_POINT('Ctrl Pts',(10.1462811145881,5.81977695264626,-13.6347089611124));
#6756=CARTESIAN_POINT('Ctrl Pts',(9.74636077231053,5.82776278673757,-13.575622778369));
#6757=CARTESIAN_POINT('Ctrl Pts',(9.87966853036322,5.82515067998527,-13.575622778369));
#6758=CARTESIAN_POINT('Ctrl Pts',(10.0129763989381,5.82253832057909,-13.575622778369));
#6759=CARTESIAN_POINT('Ctrl Pts',(10.1462841569907,5.81992621382679,-13.575622778369));
#6760=CARTESIAN_POINT('Ctrl Pts',(9.74658399283226,5.83896952975833,-13.5461114754233));
#6761=CARTESIAN_POINT('Ctrl Pts',(9.87989325932694,5.83643610237186,-13.5461114754233));
#6762=CARTESIAN_POINT('Ctrl Pts',(10.0132028103972,5.83390231566604,-13.5461114754233));
#6763=CARTESIAN_POINT('Ctrl Pts',(10.1465120768919,5.83136888827957,-13.5461114754233));
#6764=CARTESIAN_POINT('Ctrl Pts',(9.74728388148407,5.87746402110242,-13.4920950931932));
#6765=CARTESIAN_POINT('Ctrl Pts',(9.88059818010844,5.87520064318162,-13.4920950931932));
#6766=CARTESIAN_POINT('Ctrl Pts',(10.0139124014173,5.87293716788854,-13.4920950931932));
#6767=CARTESIAN_POINT('Ctrl Pts',(10.1472267000416,5.87067378996774,-13.4920950931932));
#6768=CARTESIAN_POINT('Ctrl Pts',(9.74779151444531,5.90827518870738,-13.471095050522));
#6769=CARTESIAN_POINT('Ctrl Pts',(9.88110920200972,5.90622817768127,-13.471095050522));
#6770=CARTESIAN_POINT('Ctrl Pts',(10.0144273324482,5.90418062475892,-13.471095050522));
#6771=CARTESIAN_POINT('Ctrl Pts',(10.1477450200126,5.9021336137328,-13.471095050522));
#6772=CARTESIAN_POINT('Ctrl Pts',(9.7555586178208,6.46872070689159,-13.0940253319532));
#6773=CARTESIAN_POINT('Ctrl Pts',(9.88893206462409,6.47060528426496,-13.0940253319532));
#6774=CARTESIAN_POINT('Ctrl Pts',(10.0223021945506,6.47249340755805,-13.0940253319532));
#6775=CARTESIAN_POINT('Ctrl Pts',(10.1556756413539,6.47437798493142,-13.0940253319532));
#6776=CARTESIAN_POINT('Ctrl Pts',(9.74029616469015,7.02622702160387,-12.8085074430824));
#6777=CARTESIAN_POINT('Ctrl Pts',(9.87356136798217,7.03202510668359,-12.8085074430824));
#6778=CARTESIAN_POINT('Ctrl Pts',(10.0068266701285,7.03782318961055,-12.8085074430824));
#6779=CARTESIAN_POINT('Ctrl Pts',(10.1400918734205,7.04362127469027,-12.8085074430824));
#6780=CARTESIAN_POINT('Ctrl Pts',(9.6590088471622,8.13962747133484,-12.2509921447904));
#6781=CARTESIAN_POINT('Ctrl Pts',(9.79170344355494,8.15323902419686,-12.2509921447904));
#6782=CARTESIAN_POINT('Ctrl Pts',(9.92439864755182,8.16685018102724,-12.2509921447904));
#6783=CARTESIAN_POINT('Ctrl Pts',(10.0570932439446,8.18046173388926,-12.2509921447904));
#6784=CARTESIAN_POINT('Ctrl Pts',(9.59376958955217,8.68999828705828,-11.9784939279728));
#6785=CARTESIAN_POINT('Ctrl Pts',(9.72600736245075,8.70747215024303,-11.9784939279728));
#6786=CARTESIAN_POINT('Ctrl Pts',(9.85824275538101,8.72494544044317,-11.9784939279728));
#6787=CARTESIAN_POINT('Ctrl Pts',(9.99048052827959,8.74241930362792,-11.9784939279728));
#6788=CARTESIAN_POINT('Ctrl Pts',(9.49677244689664,9.292637944748,-11.557656299137));
#6789=CARTESIAN_POINT('Ctrl Pts',(9.62832859252455,9.31434063070917,-11.557656299137));
#6790=CARTESIAN_POINT('Ctrl Pts',(9.75988519488761,9.33604342604468,-11.557656299137));
#6791=CARTESIAN_POINT('Ctrl Pts',(9.89144134051552,9.35774611200585,-11.557656299137));
#6792=CARTESIAN_POINT('Ctrl Pts',(9.48443238848309,9.36603002583025,-11.5042270803249));
#6793=CARTESIAN_POINT('Ctrl Pts',(9.615902234393,9.38824780939208,-11.5042270803249));
#6794=CARTESIAN_POINT('Ctrl Pts',(9.74737164548862,9.4104655059701,-11.5042270803249));
#6795=CARTESIAN_POINT('Ctrl Pts',(9.87884149139853,9.43268328953194,-11.5042270803249));
#6796=CARTESIAN_POINT('Ctrl Pts',(9.46787887216425,9.46240773834396,-11.352239326063));
#6797=CARTESIAN_POINT('Ctrl Pts',(9.59923222981857,9.48530177392183,-11.352239326063));
#6798=CARTESIAN_POINT('Ctrl Pts',(9.73058612234496,9.50819597094176,-11.352239326063));
#6799=CARTESIAN_POINT('Ctrl Pts',(9.86193947999929,9.53109000651962,-11.352239326063));
#6800=CARTESIAN_POINT('Ctrl Pts',(9.4648835037623,9.47922114078374,-11.2494651656035));
#6801=CARTESIAN_POINT('Ctrl Pts',(9.59621606141505,9.50223322785043,-11.2494651656035));
#6802=CARTESIAN_POINT('Ctrl Pts',(9.72754849355719,9.52524528825987,-11.2494651656035));
#6803=CARTESIAN_POINT('Ctrl Pts',(9.85888105120993,9.54825737532656,-11.2494651656035));
#6804=CARTESIAN_POINT('Ctrl Pts',(9.45491916514618,9.53585028940272,-10.8078214790699));
#6805=CARTESIAN_POINT('Ctrl Pts',(9.58618155475548,9.55925969488711,-10.8078214790699));
#6806=CARTESIAN_POINT('Ctrl Pts',(9.7174445474347,9.58266931106364,-10.8078214790699));
#6807=CARTESIAN_POINT('Ctrl Pts',(9.848706937044,9.60607871654804,-10.8078214790699));
#6808=CARTESIAN_POINT('Ctrl Pts',(9.45490653513904,9.53593044100676,-10.4852412128195));
#6809=CARTESIAN_POINT('Ctrl Pts',(9.58616884782124,9.55934040810123,-10.4852412128195));
#6810=CARTESIAN_POINT('Ctrl Pts',(9.71743172845977,9.5827505884598,-10.4852412128195));
#6811=CARTESIAN_POINT('Ctrl Pts',(9.84869404114197,9.60616055555427,-10.4852412128195));
#6812=CARTESIAN_POINT('Ctrl Pts',(9.46469951419847,9.48025044992868,-10.097497177824));
#6813=CARTESIAN_POINT('Ctrl Pts',(9.59603077749142,9.50326976525714,-10.097497177824));
#6814=CARTESIAN_POINT('Ctrl Pts',(9.72736192488864,9.52628903880926,-10.097497177824));
#6815=CARTESIAN_POINT('Ctrl Pts',(9.85869318818159,9.54930835413771,-10.097497177824));
#6816=CARTESIAN_POINT('Ctrl Pts',(9.46633476440701,9.47098306100709,-10.0418995493855));
#6817=CARTESIAN_POINT('Ctrl Pts',(9.59767743421798,9.49393731744834,-10.0418995493855));
#6818=CARTESIAN_POINT('Ctrl Pts',(9.72902019489935,9.51689160585021,-10.0418995493855));
#6819=CARTESIAN_POINT('Ctrl Pts',(9.86036286471031,9.53984586229146,-10.0418995493855));
#6820=CARTESIAN_POINT('Ctrl Pts',(9.47498144707119,9.42113530647405,-9.94566622955986));
#6821=CARTESIAN_POINT('Ctrl Pts',(9.6063848638922,9.44373977718543,-9.94566622955986));
#6822=CARTESIAN_POINT('Ctrl Pts',(9.737788165978,9.46634421063582,-9.94566622955986));
#6823=CARTESIAN_POINT('Ctrl Pts',(9.86919158279901,9.48894868134719,-9.94566622955986));
#6824=CARTESIAN_POINT('Ctrl Pts',(9.48181814406306,9.38137040766246,-9.90467696584653));
#6825=CARTESIAN_POINT('Ctrl Pts',(9.6132694929655,9.40369581232135,-9.90467696584653));
#6826=CARTESIAN_POINT('Ctrl Pts',(9.74472086135142,9.42602122211224,-9.90467696584653));
#6827=CARTESIAN_POINT('Ctrl Pts',(9.87617221025386,9.44834662677114,-9.90467696584653));
#6828=CARTESIAN_POINT('Ctrl Pts',(9.49739031512074,9.28830837168452,-9.85365999490923));
#6829=CARTESIAN_POINT('Ctrl Pts',(9.62895097039032,9.30998071726124,-9.85365999490923));
#6830=CARTESIAN_POINT('Ctrl Pts',(9.76051156122212,9.33165304445906,-9.85365999490923));
#6831=CARTESIAN_POINT('Ctrl Pts',(9.8920722164917,9.35332539003577,-9.85365999490923));
#6832=CARTESIAN_POINT('Ctrl Pts',(9.5061666555777,9.2346681071352,-9.84451240707619));
#6833=CARTESIAN_POINT('Ctrl Pts',(9.63778888812336,9.25596402681294,-9.84451240707619));
#6834=CARTESIAN_POINT('Ctrl Pts',(9.76941108946525,9.27725993708135,-9.84451240707619));
#6835=CARTESIAN_POINT('Ctrl Pts',(9.90103332201091,9.29855585675909,-9.84451240707619));
#6836=CARTESIAN_POINT('Ctrl Pts',(9.61496278353931,8.54965863382122,-9.74264048401149));
#6837=CARTESIAN_POINT('Ctrl Pts',(9.74734847936128,8.56614746284302,-9.74264048401149));
#6838=CARTESIAN_POINT('Ctrl Pts',(9.87973419894975,8.58263630235355,-9.74264048401149));
#6839=CARTESIAN_POINT('Ctrl Pts',(10.0121198947717,8.59912513137535,-9.74264048401149));
#6840=CARTESIAN_POINT('Ctrl Pts',(9.68309094890603,7.91610411151352,-9.81001114644217));
#6841=CARTESIAN_POINT('Ctrl Pts',(9.81595464474671,7.9281469344245,-9.81001114644217));
#6842=CARTESIAN_POINT('Ctrl Pts',(9.94881864146337,7.94018979621334,-9.81001114644217));
#6843=CARTESIAN_POINT('Ctrl Pts',(10.0816823373041,7.95223261912433,-9.81001114644217));
#6844=CARTESIAN_POINT('Ctrl Pts',(9.75553809132566,6.64292991319225,-9.87497727080304));
#6845=CARTESIAN_POINT('Ctrl Pts',(9.88891035366256,6.64603820756578,-9.87497727080304));
#6846=CARTESIAN_POINT('Ctrl Pts',(10.0222824203851,6.64914645909646,-9.87497727080304));
#6847=CARTESIAN_POINT('Ctrl Pts',(10.155654682722,6.65225475346999,-9.87497727080304));
#6848=CARTESIAN_POINT('Ctrl Pts',(9.75958843819468,6.00246604900198,-9.87280772765282));
#6849=CARTESIAN_POINT('Ctrl Pts',(9.89298930672044,6.00107983749414,-9.87280772765282));
#6850=CARTESIAN_POINT('Ctrl Pts',(10.0263894315257,5.99969365101513,-9.87280772765282));
#6851=CARTESIAN_POINT('Ctrl Pts',(10.1597903000514,5.99830743950729,-9.87280772765282));
#6852=CARTESIAN_POINT('Ctrl Pts',(9.70401308189956,4.73524487259408,-9.82722933415277));
#6853=CARTESIAN_POINT('Ctrl Pts',(9.83702351271289,4.72496588683097,-9.82722933415277));
#6854=CARTESIAN_POINT('Ctrl Pts',(9.970034505442,4.71468690830654,-9.82722933415277));
#6855=CARTESIAN_POINT('Ctrl Pts',(10.1030449362553,4.70440792254343,-9.82722933415277));
#6856=CARTESIAN_POINT('Ctrl Pts',(9.64524734383985,4.10558967586051,-9.78370263903643));
#6857=CARTESIAN_POINT('Ctrl Pts',(9.77784502884573,4.09089214143629,-9.78370263903643));
#6858=CARTESIAN_POINT('Ctrl Pts',(9.9104443397569,4.07619436135549,-9.78370263903643));
#6859=CARTESIAN_POINT('Ctrl Pts',(10.0430420247628,4.06149682693126,-9.78370263903643));
#6860=CARTESIAN_POINT('Ctrl Pts',(9.54445456482435,3.41229824325724,-9.86410202659957));
#6861=CARTESIAN_POINT('Ctrl Pts',(9.67634555815079,3.39273541197844,-9.86410202659957));
#6862=CARTESIAN_POINT('Ctrl Pts',(9.80823629917843,3.37317261649936,-9.86410202659957));
#6863=CARTESIAN_POINT('Ctrl Pts',(9.94012729250486,3.35360978522055,-9.86410202659957));
#6864=CARTESIAN_POINT('Ctrl Pts',(9.53663235047339,3.36021230132848,-9.87091259244976));
#6865=CARTESIAN_POINT('Ctrl Pts',(9.66846836984548,3.34028396380295,-9.87091259244976));
#6866=CARTESIAN_POINT('Ctrl Pts',(9.80030438058494,3.32035563467146,-9.87091259244976));
#6867=CARTESIAN_POINT('Ctrl Pts',(9.93214039995704,3.30042729714593,-9.87091259244976));
#6868=CARTESIAN_POINT('Ctrl Pts',(9.52332633276148,3.27358728023603,-9.91966071951504));
#6869=CARTESIAN_POINT('Ctrl Pts',(9.65506900555362,3.25305104722819,-9.91966071951504));
#6870=CARTESIAN_POINT('Ctrl Pts',(9.78681158276433,3.23251482440673,-9.91966071951504));
#6871=CARTESIAN_POINT('Ctrl Pts',(9.91855425555646,3.21197859139889,-9.91966071951504));
#6872=CARTESIAN_POINT('Ctrl Pts',(9.5177396334607,3.23818643679533,-9.95948713296931));
#6873=CARTESIAN_POINT('Ctrl Pts',(9.64944310323263,3.21740177184299,-9.95948713296931));
#6874=CARTESIAN_POINT('Ctrl Pts',(9.78114647176162,3.196617131996,-9.95948713296931));
#6875=CARTESIAN_POINT('Ctrl Pts',(9.91284994153355,3.17583246704366,-9.95948713296931));
#6876=CARTESIAN_POINT('Ctrl Pts',(9.51032503655602,3.1915700566484,-10.0572216863148));
#6877=CARTESIAN_POINT('Ctrl Pts',(9.64197643927272,3.17045827147708,-10.0572216863148));
#6878=CARTESIAN_POINT('Ctrl Pts',(9.77362784513524,3.14934647459127,-10.0572216863148));
#6879=CARTESIAN_POINT('Ctrl Pts',(9.90527924785193,3.12823468941995,-10.0572216863148));
#6880=CARTESIAN_POINT('Ctrl Pts',(9.5094106523978,3.18597022683437,-10.1171061522536));
#6881=CARTESIAN_POINT('Ctrl Pts',(9.64105566520295,3.16481913533539,-10.1171061522536));
#6882=CARTESIAN_POINT('Ctrl Pts',(9.77270060069576,3.14366805995091,-10.1171061522536));
#6883=CARTESIAN_POINT('Ctrl Pts',(9.90434561350091,3.12251696845194,-10.1171061522536));
#6884=CARTESIAN_POINT('Ctrl Pts',(9.50616527823461,3.16577962784197,-10.3850506885425));
#6885=CARTESIAN_POINT('Ctrl Pts',(9.63778747045834,3.14448686213624,-10.3850506885425));
#6886=CARTESIAN_POINT('Ctrl Pts',(9.76940972344739,3.12319406992333,-10.3850506885425));
#6887=CARTESIAN_POINT('Ctrl Pts',(9.90103191567112,3.10190130421759,-10.3850506885425));
#6888=CARTESIAN_POINT('Ctrl Pts',(9.50588057878859,3.16399207988265,-10.5874348951196));
#6889=CARTESIAN_POINT('Ctrl Pts',(9.63750075444928,3.14268677377082,-10.5874348951196));
#6890=CARTESIAN_POINT('Ctrl Pts',(9.76912104689186,3.12138142978147,-10.5874348951196));
#6891=CARTESIAN_POINT('Ctrl Pts',(9.90074122255255,3.10007612366965,-10.5874348951196));
#6892=CARTESIAN_POINT('Ctrl Pts',(9.50993848417515,3.18924053383931,-10.8484214918077));
#6893=CARTESIAN_POINT('Ctrl Pts',(9.64158718993297,3.16811239328872,-10.8484214918077));
#6894=CARTESIAN_POINT('Ctrl Pts',(9.77323585176838,3.14698426457599,-10.8484214918077));
#6895=CARTESIAN_POINT('Ctrl Pts',(9.9048845575262,3.1258561240254,-10.8484214918077));
#6896=CARTESIAN_POINT('Ctrl Pts',(9.5110133862148,3.19586911540128,-10.9022746425362));
#6897=CARTESIAN_POINT('Ctrl Pts',(9.64266960312577,3.17478750042346,-10.9022746425362));
#6898=CARTESIAN_POINT('Ctrl Pts',(9.77432587217151,3.15370586965071,-10.9022746425362));
#6899=CARTESIAN_POINT('Ctrl Pts',(9.90598208908248,3.13262425467289,-10.9022746425362));
#6900=CARTESIAN_POINT('Ctrl Pts',(9.51784998027404,3.23887878626277,-10.9937298360562));
#6901=CARTESIAN_POINT('Ctrl Pts',(9.64955421424713,3.21809898216562,-10.9937298360562));
#6902=CARTESIAN_POINT('Ctrl Pts',(9.7812583774646,3.1973191963865,-10.9937298360562));
#6903=CARTESIAN_POINT('Ctrl Pts',(9.9129626114377,3.17653939228935,-10.9937298360562));
#6904=CARTESIAN_POINT('Ctrl Pts',(9.52311634755019,3.27225206634404,-11.0324133886227));
#6905=CARTESIAN_POINT('Ctrl Pts',(9.65485750593263,3.25170646871186,-11.0324133886227));
#6906=CARTESIAN_POINT('Ctrl Pts',(9.78659869122143,3.23116086537293,-11.0324133886227));
#6907=CARTESIAN_POINT('Ctrl Pts',(9.91833984960387,3.21061526774075,-11.0324133886227));
#6908=CARTESIAN_POINT('Ctrl Pts',(9.53580310243986,3.35474536879569,-11.081375940143));
#6909=CARTESIAN_POINT('Ctrl Pts',(9.66763331995633,3.33477866531104,-11.081375940143));
#6910=CARTESIAN_POINT('Ctrl Pts',(9.7994634765537,3.3148119747813,-11.081375940143));
#6911=CARTESIAN_POINT('Ctrl Pts',(9.93129369407017,3.29484527129665,-11.081375940143));
#6912=CARTESIAN_POINT('Ctrl Pts',(9.54330583181117,3.40460826541582,-11.0900467036269));
#6913=CARTESIAN_POINT('Ctrl Pts',(9.67518868781244,3.38499147975435,-11.0900467036269));
#6914=CARTESIAN_POINT('Ctrl Pts',(9.80707151963751,3.36537469877025,-11.0900467036269));
#6915=CARTESIAN_POINT('Ctrl Pts',(9.93895437563877,3.34575791310878,-11.0900467036269));
#6916=CARTESIAN_POINT('Ctrl Pts',(9.56689297083354,3.56614145656585,-11.1062820174906));
#6917=CARTESIAN_POINT('Ctrl Pts',(9.69894134302662,3.54765823774918,-11.1062820174906));
#6918=CARTESIAN_POINT('Ctrl Pts',(9.83098971381589,3.52917502183654,-11.1062820174906));
#6919=CARTESIAN_POINT('Ctrl Pts',(9.96303808600898,3.51069180301987,-11.1062820174906));
#6920=CARTESIAN_POINT('Ctrl Pts',(9.58196038982937,3.67618890697822,-11.0985791062963));
#6921=CARTESIAN_POINT('Ctrl Pts',(9.71411448875617,3.65847795283883,-11.0985791062963));
#6922=CARTESIAN_POINT('Ctrl Pts',(9.84626861489897,3.64076699600136,-11.0985791062963));
#6923=CARTESIAN_POINT('Ctrl Pts',(9.97842271382577,3.62305604186197,-11.0985791062963));
#6924=CARTESIAN_POINT('Ctrl Pts',(9.6290987229494,4.04426434111013,-11.083189015479));
#6925=CARTESIAN_POINT('Ctrl Pts',(9.76158366177684,4.02913636521982,-11.083189015479));
#6926=CARTESIAN_POINT('Ctrl Pts',(9.89406849407878,4.01400840839223,-11.083189015479));
#6927=CARTESIAN_POINT('Ctrl Pts',(10.0265534329062,3.99888043250192,-11.083189015479));
#6928=CARTESIAN_POINT('Ctrl Pts',(9.65713619402873,4.30575587088982,-11.0889746241865));
#6929=CARTESIAN_POINT('Ctrl Pts',(9.78981795324492,4.29246291786935,-11.0889746241865));
#6930=CARTESIAN_POINT('Ctrl Pts',(9.9224994073184,4.27917000013955,-11.0889746241865));
#6931=CARTESIAN_POINT('Ctrl Pts',(10.0551811665346,4.26587704711908,-11.0889746241865));
#6932=CARTESIAN_POINT('Ctrl Pts',(9.70799048085792,4.8948466327531,-11.0949390195013));
#6933=CARTESIAN_POINT('Ctrl Pts',(9.84102889977301,4.88568767308997,-11.0949390195013));
#6934=CARTESIAN_POINT('Ctrl Pts',(9.97406765101353,4.87652867942156,-11.0949390195013));
#6935=CARTESIAN_POINT('Ctrl Pts',(10.1071060699286,4.86736971975843,-11.0949390195013));
#6936=CARTESIAN_POINT('Ctrl Pts',(9.72772443927545,5.22007987561667,-11.0930904169714));
#6937=CARTESIAN_POINT('Ctrl Pts',(9.86090108130559,5.21320326632447,-11.0930904169714));
#6938=CARTESIAN_POINT('Ctrl Pts',(9.99407883807216,5.20632658755343,-11.0930904169714));
#6939=CARTESIAN_POINT('Ctrl Pts',(10.1272554801023,5.19944997826123,-11.0930904169714));
#6940=CARTESIAN_POINT('Ctrl Pts',(9.75081161997351,5.90151886554952,-11.0844991807001));
#6941=CARTESIAN_POINT('Ctrl Pts',(9.8841509067499,5.89942423597912,-11.0844991807001));
#6942=CARTESIAN_POINT('Ctrl Pts',(10.0174894199334,5.89732968176307,-11.0844991807001));
#6943=CARTESIAN_POINT('Ctrl Pts',(10.1508287067098,5.89523505219267,-11.0844991807001));
#6944=CARTESIAN_POINT('Ctrl Pts',(9.75246906156071,6.25730569200238,-11.0778036404976));
#6945=CARTESIAN_POINT('Ctrl Pts',(9.88582087114241,6.25770783557165,-11.0778036404976));
#6946=CARTESIAN_POINT('Ctrl Pts',(10.0191692322224,6.25810998405422,-11.0778036404976));
#6947=CARTESIAN_POINT('Ctrl Pts',(10.1525210418041,6.25851212762348,-11.0778036404976));
#6948=CARTESIAN_POINT('Ctrl Pts',(9.74223567494659,6.77841159862363,-11.0930185675481));
#6949=CARTESIAN_POINT('Ctrl Pts',(9.87551374750452,6.78247063461894,-11.0930185675481));
#6950=CARTESIAN_POINT('Ctrl Pts',(10.0087941429138,6.78652964891514,-11.0930185675481));
#6951=CARTESIAN_POINT('Ctrl Pts',(10.1420722154718,6.79058868491045,-11.0930185675481));
#6952=CARTESIAN_POINT('Ctrl Pts',(9.73715858118767,6.96914582643244,-11.1086804454986));
#6953=CARTESIAN_POINT('Ctrl Pts',(9.87039933416261,6.97454320836679,-11.1086804454986));
#6954=CARTESIAN_POINT('Ctrl Pts',(10.0036474825535,6.97994098821247,-11.1086804454986));
#6955=CARTESIAN_POINT('Ctrl Pts',(10.1368882355285,6.98533837014681,-11.1086804454986));
#6956=CARTESIAN_POINT('Ctrl Pts',(9.70949345817297,7.4487162201585,-11.0766694165867));
#6957=CARTESIAN_POINT('Ctrl Pts',(9.84254389134842,7.45747921654622,-11.0766694165867));
#6958=CARTESIAN_POINT('Ctrl Pts',(9.9755902556959,7.46624198630043,-11.0766694165867));
#6959=CARTESIAN_POINT('Ctrl Pts',(10.1086406888713,7.47500498268815,-11.0766694165867));
#6960=CARTESIAN_POINT('Ctrl Pts',(9.69761283312562,7.60961800238276,-11.06139684891));
#6961=CARTESIAN_POINT('Ctrl Pts',(9.83057889717252,7.61951008264874,-11.06139684891));
#6962=CARTESIAN_POINT('Ctrl Pts',(9.96354388135505,7.62940209058799,-11.06139684891));
#6963=CARTESIAN_POINT('Ctrl Pts',(10.0965099454019,7.63929417085397,-11.06139684891));
#6964=CARTESIAN_POINT('Ctrl Pts',(9.69672414420595,7.62119808925142,-11.1116757602533));
#6965=CARTESIAN_POINT('Ctrl Pts',(9.82968375799289,7.63117141600871,-11.1116757602533));
#6966=CARTESIAN_POINT('Ctrl Pts',(9.96264293345491,7.64114472226784,-11.1116757602533));
#6967=CARTESIAN_POINT('Ctrl Pts',(10.0956025472419,7.65111804902514,-11.1116757602533));
#6968=CARTESIAN_POINT('Ctrl Pts',(9.70739604926136,7.47847536553847,-11.1755006684357));
#6969=CARTESIAN_POINT('Ctrl Pts',(9.84043180137393,7.48744719084626,-11.1755006684357));
#6970=CARTESIAN_POINT('Ctrl Pts',(9.97346337187007,7.49641881108412,-11.1755006684357));
#6971=CARTESIAN_POINT('Ctrl Pts',(10.1064991239826,7.50539063639191,-11.1755006684357));
#6972=CARTESIAN_POINT('Ctrl Pts',(9.73677143460419,6.98863455430001,-11.4072724913464));
#6973=CARTESIAN_POINT('Ctrl Pts',(9.87000892656174,6.99416868492255,-11.4072724913464));
#6974=CARTESIAN_POINT('Ctrl Pts',(10.003255446533,6.99970325639957,-11.4072724913464));
#6975=CARTESIAN_POINT('Ctrl Pts',(10.1364929384906,7.00523738702211,-11.4072724913464));
#6976=CARTESIAN_POINT('Ctrl Pts',(9.74145492224057,6.80003118271079,-11.5300507147331));
#6977=CARTESIAN_POINT('Ctrl Pts',(9.87472719002013,6.80424180934429,-11.5300507147331));
#6978=CARTESIAN_POINT('Ctrl Pts',(10.0080027580871,6.80845279150279,-11.5300507147331));
#6979=CARTESIAN_POINT('Ctrl Pts',(10.1412750258667,6.81266341813628,-11.5300507147331));
#6980=CARTESIAN_POINT('Ctrl Pts',(9.75413500041679,6.20511142903717,-11.892288473452));
#6981=CARTESIAN_POINT('Ctrl Pts',(9.88749922252345,6.20514747317071,-11.892288473452));
#6982=CARTESIAN_POINT('Ctrl Pts',(10.0208578309505,6.20518299393599,-11.892288473452));
#6983=CARTESIAN_POINT('Ctrl Pts',(10.1542220530571,6.20521903806953,-11.892288473452));
#6984=CARTESIAN_POINT('Ctrl Pts',(9.75003144657255,5.73562243236117,-12.1550435335742));
#6985=CARTESIAN_POINT('Ctrl Pts',(9.88336489056426,5.73236361816804,-12.1550435335742));
#6986=CARTESIAN_POINT('Ctrl Pts',(10.0166986646139,5.72910487670928,-12.1550435335742));
#6987=CARTESIAN_POINT('Ctrl Pts',(10.1500321086057,5.72584606251615,-12.1550435335742));
#6988=CARTESIAN_POINT('Ctrl Pts',(9.69670841350693,4.64159644154471,-12.7074914897459));
#6989=CARTESIAN_POINT('Ctrl Pts',(9.82966732889635,4.63066027060004,-12.7074914897459));
#6990=CARTESIAN_POINT('Ctrl Pts',(9.96262756998082,4.61972411652189,-12.7074914897459));
#6991=CARTESIAN_POINT('Ctrl Pts',(10.0955864853702,4.60878794557723,-12.7074914897459));
#6992=CARTESIAN_POINT('Ctrl Pts',(9.63464716259708,4.03243289127632,-12.9655117250932));
#6993=CARTESIAN_POINT('Ctrl Pts',(9.76717206738881,4.01722193318152,-12.9655117250932));
#6994=CARTESIAN_POINT('Ctrl Pts',(9.89969377701792,4.00201085760851,-12.9655117250932));
#6995=CARTESIAN_POINT('Ctrl Pts',(10.0322186818097,3.98679989951371,-12.9655117250932));
#6996=CARTESIAN_POINT('Ctrl Pts',(9.54781162146891,3.4353021429118,-13.4130639632904));
#6997=CARTESIAN_POINT('Ctrl Pts',(9.6797259424291,3.4159007472252,-13.4130639632904));
#6998=CARTESIAN_POINT('Ctrl Pts',(9.81164070306595,3.39649937318602,-13.4130639632904));
#6999=CARTESIAN_POINT('Ctrl Pts',(9.94355502402615,3.37709797749942,-13.4130639632904));
#7000=CARTESIAN_POINT('Ctrl Pts',(9.54310752156146,3.40359618972948,-13.4374635873634));
#7001=CARTESIAN_POINT('Ctrl Pts',(9.67498900776288,3.38397230090234,-13.4374635873634));
#7002=CARTESIAN_POINT('Ctrl Pts',(9.80687040423501,3.36434841939303,-13.4374635873634));
#7003=CARTESIAN_POINT('Ctrl Pts',(9.93875189043644,3.34472453056589,-13.4374635873634));
#7004=CARTESIAN_POINT('Ctrl Pts',(9.53726223291652,3.36462856890353,-13.5002622487521));
#7005=CARTESIAN_POINT('Ctrl Pts',(9.66910257431378,3.34473122400693,-13.5002622487521));
#7006=CARTESIAN_POINT('Ctrl Pts',(9.80094320168592,3.32483388367179,-13.5002622487521));
#7007=CARTESIAN_POINT('Ctrl Pts',(9.93278354308318,3.30493653877519,-13.5002622487521));
#7008=CARTESIAN_POINT('Ctrl Pts',(9.53583935200956,3.35527096548332,-13.5370558946108));
#7009=CARTESIAN_POINT('Ctrl Pts',(9.6676697657003,3.33530795222012,-13.5370558946108));
#7010=CARTESIAN_POINT('Ctrl Pts',(9.79950029309796,3.31534494644092,-13.5370558946108));
#7011=CARTESIAN_POINT('Ctrl Pts',(9.9313307067887,3.29538193317771,-13.5370558946108));
#7012=CARTESIAN_POINT('Ctrl Pts',(9.53588272480201,3.35555753902282,-13.6105660504033));
#7013=CARTESIAN_POINT('Ctrl Pts',(9.66771343860425,3.33559653764694,-13.6105660504033));
#7014=CARTESIAN_POINT('Ctrl Pts',(9.79954427889034,3.31563554122023,-13.6105660504033));
#7015=CARTESIAN_POINT('Ctrl Pts',(9.93137499269258,3.29567453984436,-13.6105660504033));
#7016=CARTESIAN_POINT('Ctrl Pts',(9.53734897691531,3.36520182316965,-13.6472825894606));
#7017=CARTESIAN_POINT('Ctrl Pts',(9.66918993360886,3.3453084997692,-13.6472825894606));
#7018=CARTESIAN_POINT('Ctrl Pts',(9.80103115657787,3.32541518495261,-13.6472825894606));
#7019=CARTESIAN_POINT('Ctrl Pts',(9.93287211327142,3.30552186155217,-13.6472825894606));
#7020=CARTESIAN_POINT('Ctrl Pts',(9.54326620017495,3.40466215042198,-13.7097503813624));
#7021=CARTESIAN_POINT('Ctrl Pts',(9.67514879107953,3.38504574377929,-13.7097503813624));
#7022=CARTESIAN_POINT('Ctrl Pts',(9.80703131874774,3.36542933917882,-13.7097503813624));
#7023=CARTESIAN_POINT('Ctrl Pts',(9.93891390965232,3.34581293253613,-13.7097503813624));
#7024=CARTESIAN_POINT('Ctrl Pts',(9.54799758199216,3.43656157975441,-13.733878349851));
#7025=CARTESIAN_POINT('Ctrl Pts',(9.67991322165461,3.41716901927431,-13.733878349851));
#7026=CARTESIAN_POINT('Ctrl Pts',(9.81182925984534,3.39777648928198,-13.733878349851));
#7027=CARTESIAN_POINT('Ctrl Pts',(9.94374489950779,3.37838392880188,-13.733878349851));
#7028=CARTESIAN_POINT('Ctrl Pts',(9.6353022127794,4.03736781632647,-14.1767973761426));
#7029=CARTESIAN_POINT('Ctrl Pts',(9.76783155242369,4.02219153126956,-14.1767973761426));
#7030=CARTESIAN_POINT('Ctrl Pts',(9.90035818287783,4.00701500277974,-14.1767973761426));
#7031=CARTESIAN_POINT('Ctrl Pts',(10.0328875225221,3.99183871772282,-14.1767973761426));
#7032=CARTESIAN_POINT('Ctrl Pts',(9.69710779023522,4.64618391564443,-14.4348011480286));
#7033=CARTESIAN_POINT('Ctrl Pts',(9.83006945360391,4.63527993962554,-14.4348011480286));
#7034=CARTESIAN_POINT('Ctrl Pts',(9.96303260666097,4.62437597409794,-14.4348011480286));
#7035=CARTESIAN_POINT('Ctrl Pts',(10.0959942700296,4.61347199807905,-14.4348011480286));
#7036=CARTESIAN_POINT('Ctrl Pts',(9.75024137080125,5.7427153908851,-14.9835511396563));
#7037=CARTESIAN_POINT('Ctrl Pts',(9.88357634364357,5.73950634678712,-14.9835511396563));
#7038=CARTESIAN_POINT('Ctrl Pts',(10.0169114794495,5.73629739058066,-14.9835511396563));
#7039=CARTESIAN_POINT('Ctrl Pts',(10.1502464522918,5.73308834648268,-14.9835511396563));
#7040=CARTESIAN_POINT('Ctrl Pts',(9.75415076685648,6.21425936013605,-15.2436888123582));
#7041=CARTESIAN_POINT('Ctrl Pts',(9.88751510430425,6.21435959861741,-15.2436888123582));
#7042=CARTESIAN_POINT('Ctrl Pts',(10.0208738139741,6.21445931871019,-15.2436888123582));
#7043=CARTESIAN_POINT('Ctrl Pts',(10.1542381514219,6.21455955719155,-15.2436888123582));
#7044=CARTESIAN_POINT('Ctrl Pts',(9.74113333750834,6.81004364263706,-15.6045463898363));
#7045=CARTESIAN_POINT('Ctrl Pts',(9.87440334022606,6.81432453522005,-15.6045463898363));
#7046=CARTESIAN_POINT('Ctrl Pts',(10.0076766682118,6.81860577410958,-15.6045463898363));
#7047=CARTESIAN_POINT('Ctrl Pts',(10.1409466709296,6.82288666669257,-15.6045463898363));
#7048=CARTESIAN_POINT('Ctrl Pts',(9.73639650888046,6.99841402135334,-15.7274384724947));
#7049=CARTESIAN_POINT('Ctrl Pts',(9.86963130138433,7.00401677711827,-15.7274384724947));
#7050=CARTESIAN_POINT('Ctrl Pts',(10.0028753270899,7.00961998182743,-15.7274384724947));
#7051=CARTESIAN_POINT('Ctrl Pts',(10.1361101195937,7.01522273759236,-15.7274384724947));
#7052=CARTESIAN_POINT('Ctrl Pts',(9.70657188389263,7.49069345384569,-15.9556108180717));
#7053=CARTESIAN_POINT('Ctrl Pts',(9.83960187265981,7.49975102294113,-15.9556108180717));
#7054=CARTESIAN_POINT('Ctrl Pts',(9.97262761899687,7.50880837851541,-15.9556108180717));
#7055=CARTESIAN_POINT('Ctrl Pts',(10.1056576077641,7.51786594761086,-15.9556108180717));
#7056=CARTESIAN_POINT('Ctrl Pts',(9.69575979869777,7.63400101569099,-16.0181165908705));
#7057=CARTESIAN_POINT('Ctrl Pts',(9.82871263378848,7.64406419057119,-16.0181165908705));
#7058=CARTESIAN_POINT('Ctrl Pts',(9.96166506463227,7.65412733587797,-16.0181165908705));
#7059=CARTESIAN_POINT('Ctrl Pts',(10.094617899723,7.66419051075817,-16.0181165908705));
#7060=CARTESIAN_POINT('Ctrl Pts',(9.69669579688519,7.62187981880509,-16.0680694677939));
#7061=CARTESIAN_POINT('Ctrl Pts',(9.82965543581798,7.6318579442825,-16.0680694677939));
#7062=CARTESIAN_POINT('Ctrl Pts',(9.96261396420261,7.64183600530252,-16.0680694677939));
#7063=CARTESIAN_POINT('Ctrl Pts',(10.0955736031354,7.65181413077993,-16.0680694677939));
#7064=CARTESIAN_POINT('Ctrl Pts',(9.70851487679485,7.46323592630345,-16.0547109348672));
#7065=CARTESIAN_POINT('Ctrl Pts',(9.84155841203561,7.47210081338525,-16.0547109348672));
#7066=CARTESIAN_POINT('Ctrl Pts',(9.97459797053924,7.4809654797754,-16.0547109348672));
#7067=CARTESIAN_POINT('Ctrl Pts',(10.10764150578,7.4898303668572,-16.0547109348672));
#7068=CARTESIAN_POINT('Ctrl Pts',(9.73624669833576,6.98973446995238,-16.0274811665588));
#7069=CARTESIAN_POINT('Ctrl Pts',(9.86948112649194,6.99527633340816,-16.0274811665588));
#7070=CARTESIAN_POINT('Ctrl Pts',(10.0027227269867,7.00081859533771,-16.0274811665588));
#7071=CARTESIAN_POINT('Ctrl Pts',(10.1359571551428,7.00636045879348,-16.0274811665588));
#7072=CARTESIAN_POINT('Ctrl Pts',(9.74151381999208,6.8009583090619,-16.0432264523257));
#7073=CARTESIAN_POINT('Ctrl Pts',(9.87478684736452,6.8051755656249,-16.0432264523257));
#7074=CARTESIAN_POINT('Ctrl Pts',(10.0080621361984,6.80939280637388,-16.0432264523257));
#7075=CARTESIAN_POINT('Ctrl Pts',(10.1413351635709,6.81361006293689,-16.0432264523257));
#7076=CARTESIAN_POINT('Ctrl Pts',(9.75231831416287,6.28497573209875,-16.0607128600742));
#7077=CARTESIAN_POINT('Ctrl Pts',(9.88566904371212,6.28557205246224,-16.0607128600742));
#7078=CARTESIAN_POINT('Ctrl Pts',(10.0190163912276,6.28616837451629,-16.0607128600742));
#7079=CARTESIAN_POINT('Ctrl Pts',(10.1523671207768,6.28676469487978,-16.0607128600742));
#7080=CARTESIAN_POINT('Ctrl Pts',(9.7512134340874,5.93257087478751,-16.0567656429753));
#7081=CARTESIAN_POINT('Ctrl Pts',(9.8845555400113,5.93069415502406,-16.0567656429753));
#7082=CARTESIAN_POINT('Ctrl Pts',(10.0178968741443,5.92881750770438,-16.0567656429753));
#7083=CARTESIAN_POINT('Ctrl Pts',(10.1512389800682,5.92694078794093,-16.0567656429753));
#7084=CARTESIAN_POINT('Ctrl Pts',(9.72952527431614,5.25628630585962,-16.0527669672409));
#7085=CARTESIAN_POINT('Ctrl Pts',(9.86271455926778,5.24966377535195,-16.0527669672409));
#7086=CARTESIAN_POINT('Ctrl Pts',(9.99590494250801,5.24304117964855,-16.0527669672409));
#7087=CARTESIAN_POINT('Ctrl Pts',(10.1290942274596,5.23641864914088,-16.0527669672409));
#7088=CARTESIAN_POINT('Ctrl Pts',(9.71053643323546,4.93284199681948,-16.0527698698328));
#7089=CARTESIAN_POINT('Ctrl Pts',(9.84359272008152,4.92394967093365,-16.0527698698328));
#7090=CARTESIAN_POINT('Ctrl Pts',(9.97664933445752,4.91505731211204,-16.0527698698328));
#7091=CARTESIAN_POINT('Ctrl Pts',(10.1097056213036,4.90616498622621,-16.0527698698328));
#7092=CARTESIAN_POINT('Ctrl Pts',(9.66101501928211,4.3447872779094,-16.0628595181183));
#7093=CARTESIAN_POINT('Ctrl Pts',(9.79372399972281,4.33176822948756,-16.0628595181183));
#7094=CARTESIAN_POINT('Ctrl Pts',(9.92643267082629,4.31874921639248,-16.0628595181183));
#7095=CARTESIAN_POINT('Ctrl Pts',(10.059141651267,4.30573016797065,-16.0628595181183));
#7096=CARTESIAN_POINT('Ctrl Pts',(9.63343911909457,4.08253728825971,-16.0708016526741));
#7097=CARTESIAN_POINT('Ctrl Pts',(9.76595451907002,4.0676778942692,-16.0708016526741));
#7098=CARTESIAN_POINT('Ctrl Pts',(9.89846980583689,4.0528185198978,-16.0708016526741));
#7099=CARTESIAN_POINT('Ctrl Pts',(10.0309852058123,4.03795912590728,-16.0708016526741));
#7100=CARTESIAN_POINT('Ctrl Pts',(9.58636385000772,3.70905763573919,-16.0568455646037));
#7101=CARTESIAN_POINT('Ctrl Pts',(9.71854885195701,3.69157733909588,-16.0568455646037));
#7102=CARTESIAN_POINT('Ctrl Pts',(9.85073387647964,3.67409704050332,-16.0568455646037));
#7103=CARTESIAN_POINT('Ctrl Pts',(9.98291887842893,3.65661674386001,-16.0568455646037));
#7104=CARTESIAN_POINT('Ctrl Pts',(9.57085746763442,3.59441575875574,-16.0490086473971));
#7105=CARTESIAN_POINT('Ctrl Pts',(9.70293366260897,3.57613095584181,-16.0490086473971));
#7106=CARTESIAN_POINT('Ctrl Pts',(9.83500985092587,3.55784615659085,-16.0490086473971));
#7107=CARTESIAN_POINT('Ctrl Pts',(9.96708604590041,3.53956135367692,-16.0490086473971));
#7108=CARTESIAN_POINT('Ctrl Pts',(9.54667987049185,3.42737385483558,-16.0680837436356));
#7109=CARTESIAN_POINT('Ctrl Pts',(9.67858640695332,3.40791682730121,-16.0680837436356));
#7110=CARTESIAN_POINT('Ctrl Pts',(9.81049291025126,3.38845980562965,-16.0680837436356));
#7111=CARTESIAN_POINT('Ctrl Pts',(9.94239944671273,3.36900277809528,-16.0680837436356));
#7112=CARTESIAN_POINT('Ctrl Pts',(9.53912112680675,3.37674190527286,-16.0777385282182));
#7113=CARTESIAN_POINT('Ctrl Pts',(9.67097463354678,3.35692956273341,-16.0777385282182));
#7114=CARTESIAN_POINT('Ctrl Pts',(9.8028280648416,3.33711723529175,-16.0777385282182));
#7115=CARTESIAN_POINT('Ctrl Pts',(9.93468157158163,3.31730489275229,-16.0777385282182));
#7116=CARTESIAN_POINT('Ctrl Pts',(9.5265604771537,3.29442807056158,-16.1295524739601));
#7117=CARTESIAN_POINT('Ctrl Pts',(9.65832580571637,3.2740380939688,-16.1295524739601));
#7118=CARTESIAN_POINT('Ctrl Pts',(9.79009115863637,3.25364811179776,-16.1295524739601));
#7119=CARTESIAN_POINT('Ctrl Pts',(9.92185648719904,3.23325813520498,-16.1295524739601));
#7120=CARTESIAN_POINT('Ctrl Pts',(9.52147000835591,3.26192407718645,-16.1700717019265));
#7121=CARTESIAN_POINT('Ctrl Pts',(9.65319964809826,3.24130599435735,-16.1700717019265));
#7122=CARTESIAN_POINT('Ctrl Pts',(9.78492921089473,3.22068793006157,-16.1700717019265));
#7123=CARTESIAN_POINT('Ctrl Pts',(9.91665885063708,3.20006984723248,-16.1700717019265));
#7124=CARTESIAN_POINT('Ctrl Pts',(9.51495529642849,3.22059973043653,-16.264003501329));
#7125=CARTESIAN_POINT('Ctrl Pts',(9.64663917996142,3.19969166282039,-16.264003501329));
#7126=CARTESIAN_POINT('Ctrl Pts',(9.7783231033467,3.17878358185132,-16.264003501329));
#7127=CARTESIAN_POINT('Ctrl Pts',(9.91000698687962,3.15787551423519,-16.264003501329));
#7128=CARTESIAN_POINT('Ctrl Pts',(9.51399230064187,3.21461276919517,-16.3183221982089));
#7129=CARTESIAN_POINT('Ctrl Pts',(9.64566945768309,3.19366267895532,-16.3183221982089));
#7130=CARTESIAN_POINT('Ctrl Pts',(9.77734656045627,3.17271260194439,-16.3183221982089));
#7131=CARTESIAN_POINT('Ctrl Pts',(9.90902371749749,3.15176251170454,-16.3183221982089));
#7132=CARTESIAN_POINT('Ctrl Pts',(9.50999227662435,3.18950512803482,-16.6100586736276));
#7133=CARTESIAN_POINT('Ctrl Pts',(9.64164130424941,3.16837886201925,-16.6100586736276));
#7134=CARTESIAN_POINT('Ctrl Pts',(9.77329045482296,3.14725255464061,-16.6100586736276));
#7135=CARTESIAN_POINT('Ctrl Pts',(9.90493948244802,3.12612628862503,-16.6100586736276));
#7136=CARTESIAN_POINT('Ctrl Pts',(9.51085900572751,3.19493955294918,-16.842430422311));
#7137=CARTESIAN_POINT('Ctrl Pts',(9.64251414908463,3.17385141702473,-16.842430422311));
#7138=CARTESIAN_POINT('Ctrl Pts',(9.77416931512256,3.15276325840941,-16.842430422311));
#7139=CARTESIAN_POINT('Ctrl Pts',(9.90582445847967,3.13167512248495,-16.842430422311));
#7140=CARTESIAN_POINT('Ctrl Pts',(9.51433690977141,3.21680544238987,-17.1360255308719));
#7141=CARTESIAN_POINT('Ctrl Pts',(9.64601650655398,3.19587073704671,-17.1360255308719));
#7142=CARTESIAN_POINT('Ctrl Pts',(9.7776959847735,3.17493605178334,-17.1360255308719));
#7143=CARTESIAN_POINT('Ctrl Pts',(9.90937558155607,3.15400134644018,-17.1360255308719));
#7144=CARTESIAN_POINT('Ctrl Pts',(9.5150991588566,3.22153179621085,-17.1911418028938));
#7145=CARTESIAN_POINT('Ctrl Pts',(9.64678409051314,3.20063026492787,-17.1911418028938));
#7146=CARTESIAN_POINT('Ctrl Pts',(9.77846894633389,3.17972873372984,-17.1911418028938));
#7147=CARTESIAN_POINT('Ctrl Pts',(9.91015387799043,3.15882720244687,-17.1911418028938));
#7148=CARTESIAN_POINT('Ctrl Pts',(9.52179668094654,3.26403005192914,-17.2872311639555));
#7149=CARTESIAN_POINT('Ctrl Pts',(9.65352862556019,3.24342674571791,-17.2872311639555));
#7150=CARTESIAN_POINT('Ctrl Pts',(9.78526045593176,3.22282346449677,-17.2872311639555));
#7151=CARTESIAN_POINT('Ctrl Pts',(9.91699240054541,3.20222015828554,-17.2872311639555));
#7152=CARTESIAN_POINT('Ctrl Pts',(9.52738731695566,3.29976694064247,-17.3288636940791));
#7153=CARTESIAN_POINT('Ctrl Pts',(9.65915852419033,3.27941442066118,-17.3288636940791));
#7154=CARTESIAN_POINT('Ctrl Pts',(9.79092952692007,3.25906192253202,-17.3288636940791));
#7155=CARTESIAN_POINT('Ctrl Pts',(9.92270073415473,3.23870940255073,-17.3288636940791));
#7156=CARTESIAN_POINT('Ctrl Pts',(9.54188574348057,3.39505558489053,-17.3854816642665));
#7157=CARTESIAN_POINT('Ctrl Pts',(9.67375861010999,3.37537176327387,-17.3854816642665));
#7158=CARTESIAN_POINT('Ctrl Pts',(9.80563152408233,3.35568794513645,-17.3854816642665));
#7159=CARTESIAN_POINT('Ctrl Pts',(9.93750439071174,3.3360041235198,-17.3854816642665));
#7160=CARTESIAN_POINT('Ctrl Pts',(9.55125404511454,3.45828568864042,-17.3915657232304));
#7161=CARTESIAN_POINT('Ctrl Pts',(9.68319284213576,3.43904556607117,-17.3915657232304));
#7162=CARTESIAN_POINT('Ctrl Pts',(9.8151311227273,3.41980550991789,-17.3915657232304));
#7163=CARTESIAN_POINT('Ctrl Pts',(9.94706991974853,3.40056538734864,-17.3915657232304));
#7164=CARTESIAN_POINT('Ctrl Pts',(9.65199021298496,4.16664114911877,-17.4501977167677));
#7165=CARTESIAN_POINT('Ctrl Pts',(9.78463474508475,4.15237210427413,-17.4501977167677));
#7166=CARTESIAN_POINT('Ctrl Pts',(9.91728231694801,4.13810263920802,-17.4501977167677));
#7167=CARTESIAN_POINT('Ctrl Pts',(10.0499268490478,4.12383359436338,-17.4501977167677));
#7168=CARTESIAN_POINT('Ctrl Pts',(9.70786166212705,4.7889345561928,-17.4129550792249));
#7169=CARTESIAN_POINT('Ctrl Pts',(9.84089902412361,4.77903233313677,-17.4129550792249));
#7170=CARTESIAN_POINT('Ctrl Pts',(9.97393717722789,4.76913013832658,-17.4129550792249));
#7171=CARTESIAN_POINT('Ctrl Pts',(10.1069745392245,4.75922791527055,-17.4129550792249));
#7172=CARTESIAN_POINT('Ctrl Pts',(9.75986835671327,6.04659834183473,-17.3655796751645));
#7173=CARTESIAN_POINT('Ctrl Pts',(9.8932713317644,6.04552182961659,-17.3655796751645));
#7174=CARTESIAN_POINT('Ctrl Pts',(10.0266731365403,6.04444534545993,-17.3655796751645));
#7175=CARTESIAN_POINT('Ctrl Pts',(10.1600761115914,6.04336883324178,-17.3655796751645));
#7176=CARTESIAN_POINT('Ctrl Pts',(9.75443762510747,6.68524970422172,-17.3553807640007));
#7177=CARTESIAN_POINT('Ctrl Pts',(9.8878021395038,6.68865498429867,-17.3553807640007));
#7178=CARTESIAN_POINT('Ctrl Pts',(10.0211665343976,6.69206020739155,-17.3553807640007));
#7179=CARTESIAN_POINT('Ctrl Pts',(10.1545310487939,6.6954654874685,-17.3553807640007));
#7180=CARTESIAN_POINT('Ctrl Pts',(9.67954219886175,7.95405084583778,-17.4100050193266));
#7181=CARTESIAN_POINT('Ctrl Pts',(9.81238099815715,7.96635995685087,-17.4100050193266));
#7182=CARTESIAN_POINT('Ctrl Pts',(9.94522007743712,7.97866912105285,-17.4100050193266));
#7183=CARTESIAN_POINT('Ctrl Pts',(10.0780588767325,7.99097823206594,-17.4100050193266));
#7184=CARTESIAN_POINT('Ctrl Pts',(9.61046838520437,8.58460837740198,-17.4751344229601));
#7185=CARTESIAN_POINT('Ctrl Pts',(9.74282252240774,8.60134246787588,-17.4751344229601));
#7186=CARTESIAN_POINT('Ctrl Pts',(9.8751767403211,8.6180765685576,-17.4751344229601));
#7187=CARTESIAN_POINT('Ctrl Pts',(10.0075308775245,8.63481065903149,-17.4751344229601));
#7188=CARTESIAN_POINT('Ctrl Pts',(9.50102613226323,9.2662650679623,-17.3704465310441));
#7189=CARTESIAN_POINT('Ctrl Pts',(9.6326122993554,9.287782719835,-17.3704465310441));
#7190=CARTESIAN_POINT('Ctrl Pts',(9.76419841006081,9.30930036488881,-17.3704465310441));
#7191=CARTESIAN_POINT('Ctrl Pts',(9.89578457715299,9.33081801676151,-17.3704465310441));
#7192=CARTESIAN_POINT('Ctrl Pts',(9.49216939685806,9.31982865982839,-17.3610383447296));
#7193=CARTESIAN_POINT('Ctrl Pts',(9.62369341908096,9.34172219885139,-17.3610383447296));
#7194=CARTESIAN_POINT('Ctrl Pts',(9.75521736193743,9.3636157241702,-17.3610383447296));
#7195=CARTESIAN_POINT('Ctrl Pts',(9.88674138416034,9.3855092631932,-17.3610383447296));
#7196=CARTESIAN_POINT('Ctrl Pts',(9.47650977701655,9.41246075573851,-17.3095450329535));
#7197=CARTESIAN_POINT('Ctrl Pts',(9.60792388126677,9.43500433877385,-17.3095450329535));
#7198=CARTESIAN_POINT('Ctrl Pts',(9.73933798386142,9.45754792545555,-17.3095450329535));
#7199=CARTESIAN_POINT('Ctrl Pts',(9.87075208811164,9.4800915084909,-17.3095450329535));
#7200=CARTESIAN_POINT('Ctrl Pts',(9.46966264346827,9.45189484353707,-17.2683889322094));
#7201=CARTESIAN_POINT('Ctrl Pts',(9.60102874076992,9.47471516755072,-17.2683889322094));
#7202=CARTESIAN_POINT('Ctrl Pts',(9.73239470708174,9.4975354635979,-17.2683889322094));
#7203=CARTESIAN_POINT('Ctrl Pts',(9.8637608043834,9.52035578761154,-17.2683889322094));
#7204=CARTESIAN_POINT('Ctrl Pts',(9.46105753870249,9.50102909168837,-17.1719609448157));
#7205=CARTESIAN_POINT('Ctrl Pts',(9.59236318304085,9.52419420025365,-17.1719609448157));
#7206=CARTESIAN_POINT('Ctrl Pts',(9.72366889517893,9.54735933242178,-17.1719609448157));
#7207=CARTESIAN_POINT('Ctrl Pts',(9.85497453951728,9.57052444098707,-17.1719609448157));
#7208=CARTESIAN_POINT('Ctrl Pts',(9.45947411841476,9.50991644451426,-17.1163402036329));
#7209=CARTESIAN_POINT('Ctrl Pts',(9.59076871948854,9.53314393342113,-17.1163402036329));
#7210=CARTESIAN_POINT('Ctrl Pts',(9.72206318299181,9.55637140707086,-17.1163402036329));
#7211=CARTESIAN_POINT('Ctrl Pts',(9.8533577840656,9.57959889597772,-17.1163402036329));
#7212=CARTESIAN_POINT('Ctrl Pts',(9.45066297882741,9.55956901463287,-16.7430762384022));
#7213=CARTESIAN_POINT('Ctrl Pts',(9.58189552289078,9.58314491530492,-16.7430762384022));
#7214=CARTESIAN_POINT('Ctrl Pts',(9.71312860273935,9.60672088268993,-16.7430762384022));
#7215=CARTESIAN_POINT('Ctrl Pts',(9.84436114680273,9.63029678336198,-16.7430762384022));
#7216=CARTESIAN_POINT('Ctrl Pts',(9.45219245728673,9.55102937134856,-16.4360639955392));
#7217=CARTESIAN_POINT('Ctrl Pts',(9.58343581191298,9.57454533839419,-16.4360639955392));
#7218=CARTESIAN_POINT('Ctrl Pts',(9.7146794701823,9.59806139106816,-16.4360639955392));
#7219=CARTESIAN_POINT('Ctrl Pts',(9.84592282480855,9.6215773581138,-16.4360639955392));
#7220=CARTESIAN_POINT('Ctrl Pts',(9.46104785478599,9.50099201862199,-16.0049415172113));
#7221=CARTESIAN_POINT('Ctrl Pts',(9.5923535088235,9.52415688733337,-16.0049415172113));
#7222=CARTESIAN_POINT('Ctrl Pts',(9.72365899769134,9.54732171872371,-16.0049415172113));
#7223=CARTESIAN_POINT('Ctrl Pts',(9.85496465172885,9.57048658743508,-16.0049415172113));
#7224=CARTESIAN_POINT('Ctrl Pts',(9.46378872854737,9.48576141379245,-15.8978329331873));
#7225=CARTESIAN_POINT('Ctrl Pts',(9.59511348825297,9.5088193623176,-15.8978329331873));
#7226=CARTESIAN_POINT('Ctrl Pts',(9.72643846839013,9.53187738976819,-15.8978329331873));
#7227=CARTESIAN_POINT('Ctrl Pts',(9.85776322809573,9.55493533829334,-15.8978329331873));
#7228=CARTESIAN_POINT('Ctrl Pts',(9.48048920058803,9.3892169277906,-15.7420182675889));
#7229=CARTESIAN_POINT('Ctrl Pts',(9.61193132799756,9.41159742675627,-15.7420182675889));
#7230=CARTESIAN_POINT('Ctrl Pts',(9.74337316161193,9.43397783783105,-15.7420182675889));
#7231=CARTESIAN_POINT('Ctrl Pts',(9.87481528902146,9.45635833679672,-15.7420182675889));
#7232=CARTESIAN_POINT('Ctrl Pts',(9.49278739454765,9.31663464932814,-15.6875579843393));
#7233=CARTESIAN_POINT('Ctrl Pts',(9.62431582645088,9.33850578808962,-15.6875579843393));
#7234=CARTESIAN_POINT('Ctrl Pts',(9.75584396042436,9.36037687160515,-15.6875579843393));
#7235=CARTESIAN_POINT('Ctrl Pts',(9.8873723923276,9.38224801036663,-15.6875579843393));
#7236=CARTESIAN_POINT('Ctrl Pts',(9.50465705840124,9.24349118969657,-15.6351435184479));
#7237=CARTESIAN_POINT('Ctrl Pts',(9.63626868688125,9.26484902260672,-15.6351435184479));
#7238=CARTESIAN_POINT('Ctrl Pts',(9.76788031536126,9.28620685551687,-15.6351435184479));
#7239=CARTESIAN_POINT('Ctrl Pts',(9.89949194384127,9.30756468842702,-15.6351435184479));
#7240=CARTESIAN_POINT('',(9.89949194384127,9.30756468842702,-15.6351435184479));
#7241=CARTESIAN_POINT('Origin',(-9.25,6.2,22.));
#7242=CARTESIAN_POINT('',(9.67280005431366,4.48896577928229,8.49135279655457));
#7243=CARTESIAN_POINT('Ctrl Pts',(9.67280005431365,4.48896577928229,8.49135279655457));
#7244=CARTESIAN_POINT('Ctrl Pts',(9.6591261366732,4.33774214720273,8.94550542276351));
#7245=CARTESIAN_POINT('Ctrl Pts',(9.64777917455534,4.23086244427203,9.41414997918104));
#7246=CARTESIAN_POINT('Ctrl Pts',(9.63572727124307,4.11920724503346,10.3691156222214));
#7247=CARTESIAN_POINT('Ctrl Pts',(9.63548427550509,4.11436117282272,10.8554255802038));
#7248=CARTESIAN_POINT('Ctrl Pts',(9.66060167440776,4.35552402647815,11.8442525790063));
#7249=CARTESIAN_POINT('Ctrl Pts',(9.68899676442489,4.62853039271135,12.3430686584022));
#7250=CARTESIAN_POINT('Ctrl Pts',(9.73981961489889,5.44340581124038,12.9789432469401));
#7251=CARTESIAN_POINT('Ctrl Pts',(9.7563928028139,5.98333830313222,13.116267315843));
#7252=CARTESIAN_POINT('Ctrl Pts',(9.73906192532636,7.03969033868036,13.0322073383766));
#7253=CARTESIAN_POINT('Ctrl Pts',(9.70500911394018,7.55969970053459,12.8108972926138));
#7254=CARTESIAN_POINT('Ctrl Pts',(9.64153893521945,8.25313702579007,12.0503241483118));
#7255=CARTESIAN_POINT('Ctrl Pts',(9.61921186111008,8.42464244889635,11.5107795820009));
#7256=CARTESIAN_POINT('Ctrl Pts',(9.60874989504008,8.51283314200808,10.7094374855342));
#7257=CARTESIAN_POINT('Ctrl Pts',(9.60850945332448,8.51431846613916,10.4443061114786));
#7258=CARTESIAN_POINT('Ctrl Pts',(9.61362741379503,8.47240738552146,9.92071239702179));
#7259=CARTESIAN_POINT('Ctrl Pts',(9.61887068270778,8.42900496695381,9.66225260154755));
#7260=CARTESIAN_POINT('Ctrl Pts',(9.63040919626186,8.32871604253824,9.1396487947879));
#7261=CARTESIAN_POINT('Ctrl Pts',(9.63702427932553,8.27187460441816,8.87550512327219));
#7262=CARTESIAN_POINT('Ctrl Pts',(9.65551611117831,8.0935501163811,8.52548575981658));
#7263=CARTESIAN_POINT('Ctrl Pts',(9.66281999998565,8.01856373471564,8.41651235796446));
#7264=CARTESIAN_POINT('Ctrl Pts',(9.67023555627403,7.93934800807065,8.16266043448616));
#7265=CARTESIAN_POINT('Ctrl Pts',(9.6706252149566,7.93514821210884,8.01778218892544));
#7266=CARTESIAN_POINT('Ctrl Pts',(9.65795591961965,8.07066456813762,7.74627722628517));
#7267=CARTESIAN_POINT('Ctrl Pts',(9.63603470580248,8.28876631553135,7.67125009691218));
#7268=CARTESIAN_POINT('Ctrl Pts',(9.59893139144802,8.5931977852884,7.5571547816574));
#7269=CARTESIAN_POINT('Ctrl Pts',(9.58622315612291,8.69092429422264,7.51886328373161));
#7270=CARTESIAN_POINT('Ctrl Pts',(9.56219956644199,8.8661600452339,7.56062285671264));
#7271=CARTESIAN_POINT('Ctrl Pts',(9.55098004424833,8.94368725682464,7.64067291124777));
#7272=CARTESIAN_POINT('Ctrl Pts',(9.50750226532626,9.23350855133327,8.02139463443338));
#7273=CARTESIAN_POINT('Ctrl Pts',(9.49566904105291,9.29828485568871,8.37284198679184));
#7274=CARTESIAN_POINT('Ctrl Pts',(9.47237067021811,9.43728725043341,9.07055281618051));
#7275=CARTESIAN_POINT('Ctrl Pts',(9.45935129568719,9.51110953612913,9.41681738304029));
#7276=CARTESIAN_POINT('Ctrl Pts',(9.43296637466625,9.65674580556765,10.471941567873));
#7277=CARTESIAN_POINT('Ctrl Pts',(9.43423641440072,9.65312262852347,11.1970875643304));
#7278=CARTESIAN_POINT('Ctrl Pts',(9.49463446678956,9.30845677850681,12.6237635631616));
#7279=CARTESIAN_POINT('Ctrl Pts',(9.55804660135245,8.94684955857533,13.3218164010686));
#7280=CARTESIAN_POINT('Ctrl Pts',(9.68864722773393,7.83567245244973,14.2619899048514));
#7281=CARTESIAN_POINT('Ctrl Pts',(9.74427672620194,7.0917598398037,14.5048782534482));
#7282=CARTESIAN_POINT('Ctrl Pts',(9.75408023771095,5.76752999935456,14.5313701704372));
#7283=CARTESIAN_POINT('Ctrl Pts',(9.72945597295831,5.18262271790622,14.4051413323631));
#7284=CARTESIAN_POINT('Ctrl Pts',(9.65155288063678,4.21012290646267,13.8112638424722));
#7285=CARTESIAN_POINT('Ctrl Pts',(9.60297866606981,3.82550960490247,13.3432504346177));
#7286=CARTESIAN_POINT('Ctrl Pts',(9.50395848594226,3.12585959402477,11.9316087986321));
#7287=CARTESIAN_POINT('Ctrl Pts',(9.48794772738613,3.05954869153918,10.8898894171145));
#7288=CARTESIAN_POINT('Ctrl Pts',(9.50715120079618,3.17101036518629,9.36720214965197));
#7289=CARTESIAN_POINT('Ctrl Pts',(9.51899801730227,3.24382803689719,8.86630676176647));
#7290=CARTESIAN_POINT('Ctrl Pts',(9.54819443359544,3.43746510230315,8.14740204392255));
#7291=CARTESIAN_POINT('Ctrl Pts',(9.55981428726471,3.51609288847564,7.91317363888369));
#7292=CARTESIAN_POINT('Ctrl Pts',(9.58307186851242,3.68641333448323,7.56526209493698));
#7293=CARTESIAN_POINT('Ctrl Pts',(9.59184698024066,3.75190633497329,7.44986378892092));
#7294=CARTESIAN_POINT('Ctrl Pts',(9.61595859852164,3.9448635773808,7.30703102384993));
#7295=CARTESIAN_POINT('Ctrl Pts',(9.63093624872933,4.07240141699122,7.27959891835386));
#7296=CARTESIAN_POINT('Ctrl Pts',(9.66832626154381,4.42567475974967,7.23850196925963));
#7297=CARTESIAN_POINT('Ctrl Pts',(9.68766235432555,4.64612179390481,7.25449025132288));
#7298=CARTESIAN_POINT('Ctrl Pts',(9.7190920476205,5.09358559022836,7.2724847529232));
#7299=CARTESIAN_POINT('Ctrl Pts',(9.73095667707748,5.3207887993664,7.27448733070436));
#7300=CARTESIAN_POINT('Ctrl Pts',(9.74623849528551,5.76345003342447,7.26112750307486));
#7301=CARTESIAN_POINT('Ctrl Pts',(9.75011825200982,5.97825916189954,7.24575691815143));
#7302=CARTESIAN_POINT('Ctrl Pts',(9.74993177165288,6.33243496094706,7.25807441544693));
#7303=CARTESIAN_POINT('Ctrl Pts',(9.74847952491458,6.45604464401891,7.26807789565039));
#7304=CARTESIAN_POINT('Ctrl Pts',(9.74546128163169,6.62236245892481,7.39597007621616));
#7305=CARTESIAN_POINT('Ctrl Pts',(9.74431269075007,6.66496256278631,7.51386783547051));
#7306=CARTESIAN_POINT('Ctrl Pts',(9.74249376733832,6.73625192591258,7.87340914314372));
#7307=CARTESIAN_POINT('Ctrl Pts',(9.74345551529326,6.69876342412088,8.10928069740728));
#7308=CARTESIAN_POINT('Ctrl Pts',(9.74407553868207,6.67491914173142,8.58772713192618));
#7309=CARTESIAN_POINT('Ctrl Pts',(9.74372724738787,6.68856500537815,8.83030118411575));
#7310=CARTESIAN_POINT('Ctrl Pts',(9.74376497504185,6.68687259111929,9.30414426301971));
#7311=CARTESIAN_POINT('Ctrl Pts',(9.74419693884788,6.6715301076236,9.53541356126958));
#7312=CARTESIAN_POINT('Ctrl Pts',(9.74298831385654,6.71517041671438,10.0345720450558));
#7313=CARTESIAN_POINT('Ctrl Pts',(9.74172438080524,6.7741162484777,10.3024654978452));
#7314=CARTESIAN_POINT('Ctrl Pts',(9.74564295052494,6.60792642652058,10.54287568196));
#7315=CARTESIAN_POINT('Ctrl Pts',(9.74652758712937,6.56578770528006,10.5844808276146));
#7316=CARTESIAN_POINT('Ctrl Pts',(9.74815927751893,6.46832723239012,10.6355567838873));
#7317=CARTESIAN_POINT('Ctrl Pts',(9.74887727238495,6.4130180831561,10.6450284016723));
#7318=CARTESIAN_POINT('Ctrl Pts',(9.75025269438895,6.2472720997895,10.6653523134564));
#7319=CARTESIAN_POINT('Ctrl Pts',(9.75019789758776,6.13698297028833,10.6681141712713));
#7320=CARTESIAN_POINT('Ctrl Pts',(9.748729201865,5.97395685394867,10.6319008246114));
#7321=CARTESIAN_POINT('Ctrl Pts',(9.74798421060742,5.92000267332512,10.6131038383145));
#7322=CARTESIAN_POINT('Ctrl Pts',(9.74648550976317,5.83230381579489,10.5466974672521));
#7323=CARTESIAN_POINT('Ctrl Pts',(9.74576426149438,5.79857606596333,10.4990865460773));
#7324=CARTESIAN_POINT('Ctrl Pts',(9.7448883603824,5.75911291319953,10.3936642990749));
#7325=CARTESIAN_POINT('Ctrl Pts',(9.74474500870055,5.75337410525328,10.3358529465495));
#7326=CARTESIAN_POINT('Ctrl Pts',(9.74450586262624,5.7432452257485,10.2217937480542));
#7327=CARTESIAN_POINT('Ctrl Pts',(9.7443988613762,5.73885419333791,10.1655460208958));
#7328=CARTESIAN_POINT('Ctrl Pts',(9.74408311335897,5.72590223354776,9.88465595630888));
#7329=CARTESIAN_POINT('Ctrl Pts',(9.74454383053859,5.74435161346308,9.66105963496538));
#7330=CARTESIAN_POINT('Ctrl Pts',(9.74525817634147,5.77548236498598,9.21606289039983));
#7331=CARTESIAN_POINT('Ctrl Pts',(9.74556719439894,5.78816957524459,8.99466239856104));
#7332=CARTESIAN_POINT('Ctrl Pts',(9.74451989023607,5.74374316260603,8.70371977212989));
#7333=CARTESIAN_POINT('Ctrl Pts',(9.74423360838874,5.73094391073076,8.64170488742474));
#7334=CARTESIAN_POINT('Ctrl Pts',(9.7424197825578,5.66213537104253,8.549609005917));
#7335=CARTESIAN_POINT('Ctrl Pts',(9.74080648954314,5.60611785940663,8.51952887672402));
#7336=CARTESIAN_POINT('Ctrl Pts',(9.73682995268134,5.49038485596561,8.48566625352542));
#7337=CARTESIAN_POINT('Ctrl Pts',(9.73451080556386,5.43067316696989,8.48188344536249));
#7338=CARTESIAN_POINT('Ctrl Pts',(9.72933229883593,5.31207939742365,8.47340365176566));
#7339=CARTESIAN_POINT('Ctrl Pts',(9.72648528028547,5.25319775880768,8.46870650020914));
#7340=CARTESIAN_POINT('Ctrl Pts',(9.71088418276908,4.95884568443461,8.45479539343235));
#7341=CARTESIAN_POINT('Ctrl Pts',(9.69401098670875,4.72354333934398,8.47430513474759));
#7342=CARTESIAN_POINT('Ctrl Pts',(9.67280005431365,4.48896577928229,8.49135279655457));
#7343=CARTESIAN_POINT('Ctrl Pts',(9.67280005431365,4.48896577928229,8.49135279655457));
#7344=CARTESIAN_POINT('Ctrl Pts',(9.80559163364217,4.47695852159305,8.49135279655457));
#7345=CARTESIAN_POINT('Ctrl Pts',(9.93838321297069,4.4649512639038,8.49135279655457));
#7346=CARTESIAN_POINT('Ctrl Pts',(10.0711747922992,4.45294400621455,8.49135279655457));
#7347=CARTESIAN_POINT('Ctrl Pts',(9.6591261366732,4.33774214720273,8.94550542276351));
#7348=CARTESIAN_POINT('Ctrl Pts',(9.79182115012861,4.32467368449607,8.94550542276351));
#7349=CARTESIAN_POINT('Ctrl Pts',(9.92451798925303,4.31160518142945,8.94550542276351));
#7350=CARTESIAN_POINT('Ctrl Pts',(10.0572130027084,4.29853671872279,8.94550542276351));
#7351=CARTESIAN_POINT('Ctrl Pts',(9.64777917455534,4.23086244427203,9.41414997918104));
#7352=CARTESIAN_POINT('Ctrl Pts',(9.78039546678009,4.21704393136292,9.41414997918104));
#7353=CARTESIAN_POINT('Ctrl Pts',(9.91301086495282,4.20322542969213,9.41414997918104));
#7354=CARTESIAN_POINT('Ctrl Pts',(10.0456271571776,4.18940691678302,9.41414997918104));
#7355=CARTESIAN_POINT('Ctrl Pts',(9.63572727124307,4.11920724503346,10.3691156222214));
#7356=CARTESIAN_POINT('Ctrl Pts',(9.76825847914443,4.10460518324064,10.3691156222214));
#7357=CARTESIAN_POINT('Ctrl Pts',(9.90079032168367,4.09000314356383,10.3691156222214));
#7358=CARTESIAN_POINT('Ctrl Pts',(10.033321529585,4.07540108177101,10.3691156222214));
#7359=CARTESIAN_POINT('Ctrl Pts',(9.63548427550509,4.11436117282272,10.8554255802038));
#7360=CARTESIAN_POINT('Ctrl Pts',(9.76801358993018,4.0997252275553,10.8554255802038));
#7361=CARTESIAN_POINT('Ctrl Pts',(9.90054410372222,4.08508893225482,10.8554255802038));
#7362=CARTESIAN_POINT('Ctrl Pts',(10.0330734181473,4.0704529869874,10.8554255802038));
#7363=CARTESIAN_POINT('Ctrl Pts',(9.66060167440776,4.35552402647815,11.8442525790063));
#7364=CARTESIAN_POINT('Ctrl Pts',(9.79330844402046,4.34258021884824,11.8442525790063));
#7365=CARTESIAN_POINT('Ctrl Pts',(9.92601283478261,4.32963676098129,11.8442525790063));
#7366=CARTESIAN_POINT('Ctrl Pts',(10.0587196043953,4.31669295335137,11.8442525790063));
#7367=CARTESIAN_POINT('Ctrl Pts',(9.68899676442489,4.62853039271135,12.3430686584022));
#7368=CARTESIAN_POINT('Ctrl Pts',(9.82189927378109,4.61750237630514,12.3430686584022));
#7369=CARTESIAN_POINT('Ctrl Pts',(9.95480997642501,4.6064748384378,12.3430686584022));
#7370=CARTESIAN_POINT('Ctrl Pts',(10.0877124857812,4.59544682203159,12.3430686584022));
#7371=CARTESIAN_POINT('Ctrl Pts',(9.73981961489889,5.44340581124038,12.9789432469401));
#7372=CARTESIAN_POINT('Ctrl Pts',(9.8730841402874,5.43809655110519,12.9789432469401));
#7373=CARTESIAN_POINT('Ctrl Pts',(10.0063407656135,5.43278677266484,12.9789432469401));
#7374=CARTESIAN_POINT('Ctrl Pts',(10.139605291002,5.42747751252965,12.9789432469401));
#7375=CARTESIAN_POINT('Ctrl Pts',(9.7563928028139,5.98333830313222,13.116267315843));
#7376=CARTESIAN_POINT('Ctrl Pts',(9.88977074013162,5.98181773180622,13.116267315843));
#7377=CARTESIAN_POINT('Ctrl Pts',(10.0231494508186,5.9802975755768,13.116267315843));
#7378=CARTESIAN_POINT('Ctrl Pts',(10.1565273881363,5.9787770042508,13.116267315843));
#7379=CARTESIAN_POINT('Ctrl Pts',(9.73906192532636,7.03969033868036,13.0322073383766));
#7380=CARTESIAN_POINT('Ctrl Pts',(9.87231805940997,7.04558304209464,13.0322073383766));
#7381=CARTESIAN_POINT('Ctrl Pts',(10.0055755159865,7.05147532660671,13.0322073383766));
#7382=CARTESIAN_POINT('Ctrl Pts',(10.1388316500701,7.05736803002099,13.0322073383766));
#7383=CARTESIAN_POINT('Ctrl Pts',(9.70500911394018,7.55969970053459,12.8108972926138));
#7384=CARTESIAN_POINT('Ctrl Pts',(9.83802962602457,7.56924117983531,12.8108972926138));
#7385=CARTESIAN_POINT('Ctrl Pts',(9.97104142530716,7.57878347808722,12.8108972926138));
#7386=CARTESIAN_POINT('Ctrl Pts',(10.1040619373916,7.58832495738795,12.8108972926138));
#7387=CARTESIAN_POINT('Ctrl Pts',(9.64153893521945,8.25313702579007,12.0503241483118));
#7388=CARTESIAN_POINT('Ctrl Pts',(9.77410826518712,8.26754527676906,12.0503241483118));
#7389=CARTESIAN_POINT('Ctrl Pts',(9.90668621441431,8.28195271219614,12.0503241483118));
#7390=CARTESIAN_POINT('Ctrl Pts',(10.039255544382,8.29636096317512,12.0503241483118));
#7391=CARTESIAN_POINT('Ctrl Pts',(9.61921186111008,8.42464244889635,11.5107795820009));
#7392=CARTESIAN_POINT('Ctrl Pts',(9.75162717072426,8.4402539963825,11.5107795820009));
#7393=CARTESIAN_POINT('Ctrl Pts',(9.88404311699297,8.45586547928171,11.5107795820009));
#7394=CARTESIAN_POINT('Ctrl Pts',(10.0164584266071,8.47147702676786,11.5107795820009));
#7395=CARTESIAN_POINT('Ctrl Pts',(9.60874989504008,8.51283314200808,10.7094374855342));
#7396=CARTESIAN_POINT('Ctrl Pts',(9.74109232000368,8.5290635294035,10.7094374855342));
#7397=CARTESIAN_POINT('Ctrl Pts',(9.87343378365628,8.54529397865494,10.7094374855342));
#7398=CARTESIAN_POINT('Ctrl Pts',(10.0057762086199,8.56152436605035,10.7094374855342));
#7399=CARTESIAN_POINT('Ctrl Pts',(9.60850945332448,8.51431846613916,10.4443061114786));
#7400=CARTESIAN_POINT('Ctrl Pts',(9.74084976904231,8.53055930888151,10.4443061114786));
#7401=CARTESIAN_POINT('Ctrl Pts',(9.87319038925559,8.5468001174208,10.4443061114786));
#7402=CARTESIAN_POINT('Ctrl Pts',(10.0055307049734,8.56304096016315,10.4443061114786));
#7403=CARTESIAN_POINT('Ctrl Pts',(9.61362741379503,8.47240738552146,9.92071239702179));
#7404=CARTESIAN_POINT('Ctrl Pts',(9.74600392413191,8.48835409569541,9.92071239702179));
#7405=CARTESIAN_POINT('Ctrl Pts',(9.87837990164332,8.50430083083216,9.92071239702179));
#7406=CARTESIAN_POINT('Ctrl Pts',(10.0107564119802,8.52024754100612,9.92071239702179));
#7407=CARTESIAN_POINT('Ctrl Pts',(9.61887068270778,8.42900496695381,9.66225260154755));
#7408=CARTESIAN_POINT('Ctrl Pts',(9.75128383903703,8.44464712278474,9.66225260154755));
#7409=CARTESIAN_POINT('Ctrl Pts',(9.88369690917238,8.4602892314798,9.66225260154755));
#7410=CARTESIAN_POINT('Ctrl Pts',(10.0161100655016,8.47593138731073,9.66225260154755));
#7411=CARTESIAN_POINT('Ctrl Pts',(9.63040919626186,8.32871604253824,9.1396487947879));
#7412=CARTESIAN_POINT('Ctrl Pts',(9.76290333222656,8.34365439377162,9.1396487947879));
#7413=CARTESIAN_POINT('Ctrl Pts',(9.89539735916584,8.35859276588461,9.1396487947879));
#7414=CARTESIAN_POINT('Ctrl Pts',(10.0278914951305,8.37353111711799,9.1396487947879));
#7415=CARTESIAN_POINT('Ctrl Pts',(9.63702427932553,8.27187460441816,8.87550512327219));
#7416=CARTESIAN_POINT('Ctrl Pts',(9.76956447429858,8.28641404495528,8.87550512327219));
#7417=CARTESIAN_POINT('Ctrl Pts',(9.90210564812777,8.30095357660563,8.87550512327219));
#7418=CARTESIAN_POINT('Ctrl Pts',(10.0346458431008,8.31549301714275,8.87550512327219));
#7419=CARTESIAN_POINT('Ctrl Pts',(9.65551611117831,8.0935501163811,8.52548575981658));
#7420=CARTESIAN_POINT('Ctrl Pts',(9.78818664538318,8.10683821833873,8.52548575981658));
#7421=CARTESIAN_POINT('Ctrl Pts',(9.92085644247194,8.12012622739992,8.52548575981658));
#7422=CARTESIAN_POINT('Ctrl Pts',(10.0535269766768,8.13341432935755,8.52548575981658));
#7423=CARTESIAN_POINT('Ctrl Pts',(9.66281999998565,8.01856373471564,8.41651235796446));
#7424=CARTESIAN_POINT('Ctrl Pts',(9.79554156806924,8.03132559726557,8.41651235796446));
#7425=CARTESIAN_POINT('Ctrl Pts',(9.92826306348071,8.04408742447552,8.41651235796446));
#7426=CARTESIAN_POINT('Ctrl Pts',(10.0609846315643,8.05684928702545,8.41651235796446));
#7427=CARTESIAN_POINT('Ctrl Pts',(9.67023555627403,7.93934800807065,8.16266043448616));
#7428=CARTESIAN_POINT('Ctrl Pts',(9.80300926497153,7.95155397533768,8.16266043448616));
#7429=CARTESIAN_POINT('Ctrl Pts',(9.93578259612968,7.96375989360511,8.16266043448616));
#7430=CARTESIAN_POINT('Ctrl Pts',(10.0685563048272,7.97596586087214,8.16266043448616));
#7431=CARTESIAN_POINT('Ctrl Pts',(9.6706252149566,7.93514821210884,8.01778218892544));
#7432=CARTESIAN_POINT('Ctrl Pts',(9.80340127049332,7.94732468243672,8.01778218892544));
#7433=CARTESIAN_POINT('Ctrl Pts',(9.93617811131372,7.95950117782536,8.01778218892544));
#7434=CARTESIAN_POINT('Ctrl Pts',(10.0689541668504,7.97167764815324,8.01778218892544));
#7435=CARTESIAN_POINT('Ctrl Pts',(9.65795591961965,8.07066456813762,7.74627722628517));
#7436=CARTESIAN_POINT('Ctrl Pts',(9.79064393168876,8.0837920907995,7.74627722628517));
#7437=CARTESIAN_POINT('Ctrl Pts',(9.92333013743728,8.09691945743653,7.74627722628517));
#7438=CARTESIAN_POINT('Ctrl Pts',(10.0560181495064,8.11004698009841,7.74627722628517));
#7439=CARTESIAN_POINT('Ctrl Pts',(9.63603470580248,8.28876631553135,7.67125009691218));
#7440=CARTESIAN_POINT('Ctrl Pts',(9.76856934434858,8.30342446434692,7.67125009691218));
#7441=CARTESIAN_POINT('Ctrl Pts',(9.90110079790487,8.31808219441118,7.67125009691218));
#7442=CARTESIAN_POINT('Ctrl Pts',(10.033635436451,8.33274034322675,7.67125009691218));
#7443=CARTESIAN_POINT('Ctrl Pts',(9.59893139144802,8.5931977852884,7.5571547816574));
#7444=CARTESIAN_POINT('Ctrl Pts',(9.73120413168702,8.60999210353548,7.5571547816574));
#7445=CARTESIAN_POINT('Ctrl Pts',(9.86347825945004,8.62678657831055,7.5571547816574));
#7446=CARTESIAN_POINT('Ctrl Pts',(9.99575099968904,8.64358089655763,7.5571547816574));
#7447=CARTESIAN_POINT('Ctrl Pts',(9.58622315612291,8.69092429422264,7.51886328373161));
#7448=CARTESIAN_POINT('Ctrl Pts',(9.71840765234259,8.708404553633,7.51886328373161));
#7449=CARTESIAN_POINT('Ctrl Pts',(9.85059072634793,8.72588454626959,7.51886328373161));
#7450=CARTESIAN_POINT('Ctrl Pts',(9.98277522256761,8.74336480567995,7.51886328373161));
#7451=CARTESIAN_POINT('Ctrl Pts',(9.56219956644199,8.8661600452339,7.56062285671264));
#7452=CARTESIAN_POINT('Ctrl Pts',(9.6942145842042,8.8848698660403,7.56062285671264));
#7453=CARTESIAN_POINT('Ctrl Pts',(9.82623085534173,8.90357990959031,7.56062285671264));
#7454=CARTESIAN_POINT('Ctrl Pts',(9.95824587310394,8.92228973039671,7.56062285671264));
#7455=CARTESIAN_POINT('Ctrl Pts',(9.55098004424833,8.94368725682464,7.64067291124777));
#7456=CARTESIAN_POINT('Ctrl Pts',(9.68291742350112,8.9629413621851,7.64067291124777));
#7457=CARTESIAN_POINT('Ctrl Pts',(9.81485277119025,8.98219498844997,7.64067291124777));
#7458=CARTESIAN_POINT('Ctrl Pts',(9.94679015044304,9.00144909381042,7.64067291124777));
#7459=CARTESIAN_POINT('Ctrl Pts',(9.50750226532626,9.23350855133327,8.02139463443338));
#7460=CARTESIAN_POINT('Ctrl Pts',(9.63913169401828,9.25479584314199,8.02139463443338));
#7461=CARTESIAN_POINT('Ctrl Pts',(9.77076762116744,9.27608459744736,8.02139463443338));
#7462=CARTESIAN_POINT('Ctrl Pts',(9.90239704985945,9.29737188925608,8.02139463443338));
#7463=CARTESIAN_POINT('Ctrl Pts',(9.49566904105291,9.29828485568871,8.37284198679184));
#7464=CARTESIAN_POINT('Ctrl Pts',(9.62721767146731,9.32002718301066,8.37284198679184));
#7465=CARTESIAN_POINT('Ctrl Pts',(9.75876607466069,9.34176957796021,8.37284198679184));
#7466=CARTESIAN_POINT('Ctrl Pts',(9.89031470507509,9.36351190528216,8.37284198679184));
#7467=CARTESIAN_POINT('Ctrl Pts',(9.47237067021811,9.43728725043341,9.07055281618051));
#7468=CARTESIAN_POINT('Ctrl Pts',(9.60375558642521,9.46000508656492,9.07055281618051));
#7469=CARTESIAN_POINT('Ctrl Pts',(9.7351409260156,9.48272283010051,9.07055281618051));
#7470=CARTESIAN_POINT('Ctrl Pts',(9.86652584222271,9.50544066623201,9.07055281618051));
#7471=CARTESIAN_POINT('Ctrl Pts',(9.45935129568719,9.51110953612913,9.41681738304029));
#7472=CARTESIAN_POINT('Ctrl Pts',(9.59064568543624,9.53434544453934,9.41681738304029));
#7473=CARTESIAN_POINT('Ctrl Pts',(9.72193798584736,9.55758119690059,9.41681738304029));
#7474=CARTESIAN_POINT('Ctrl Pts',(9.8532323755964,9.5808171053108,9.41681738304029));
#7475=CARTESIAN_POINT('Ctrl Pts',(9.43296637466625,9.65674580556765,10.471941567873));
#7476=CARTESIAN_POINT('Ctrl Pts',(9.56407366895304,9.6810036391394,10.471941567873));
#7477=CARTESIAN_POINT('Ctrl Pts',(9.69518468826717,9.70526156790257,10.471941567873));
#7478=CARTESIAN_POINT('Ctrl Pts',(9.82629198255396,9.72951940147433,10.471941567873));
#7479=CARTESIAN_POINT('Ctrl Pts',(9.43423641440072,9.65312262852347,11.1970875643304));
#7480=CARTESIAN_POINT('Ctrl Pts',(9.56535382529638,9.67735456098327,11.1970875643304));
#7481=CARTESIAN_POINT('Ctrl Pts',(9.69647134907138,9.70158801455889,11.1970875643304));
#7482=CARTESIAN_POINT('Ctrl Pts',(9.82758875996705,9.72581994701869,11.1970875643304));
#7483=CARTESIAN_POINT('Ctrl Pts',(9.49463446678956,9.30845677850681,12.6237635631616));
#7484=CARTESIAN_POINT('Ctrl Pts',(9.62617665578204,9.330270986731,12.6237635631616));
#7485=CARTESIAN_POINT('Ctrl Pts',(9.75771616130845,9.35208376561961,12.6237635631616));
#7486=CARTESIAN_POINT('Ctrl Pts',(9.88925835030093,9.37389797384379,12.6237635631616));
#7487=CARTESIAN_POINT('Ctrl Pts',(9.55804660135245,8.94684955857533,13.3218164010686));
#7488=CARTESIAN_POINT('Ctrl Pts',(9.69002903133604,8.96612607527161,13.3218164010686));
#7489=CARTESIAN_POINT('Ctrl Pts',(9.82202304718682,8.98540145363853,13.3218164010686));
#7490=CARTESIAN_POINT('Ctrl Pts',(9.9540054771704,9.00467797033481,13.3218164010686));
#7491=CARTESIAN_POINT('Ctrl Pts',(9.68864722773393,7.83567245244973,14.2619899048514));
#7492=CARTESIAN_POINT('Ctrl Pts',(9.82155350632687,7.84715036659217,14.2619899048514));
#7493=CARTESIAN_POINT('Ctrl Pts',(9.95444931183015,7.85862974783255,14.2619899048514));
#7494=CARTESIAN_POINT('Ctrl Pts',(10.0873555904231,7.87010766197499,14.2619899048514));
#7495=CARTESIAN_POINT('Ctrl Pts',(9.74427672620194,7.0917598398037,14.5048782534482));
#7496=CARTESIAN_POINT('Ctrl Pts',(9.87757136486379,7.09801810552619,14.5048782534482));
#7497=CARTESIAN_POINT('Ctrl Pts',(10.0108615975654,7.10427546544549,14.5048782534482));
#7498=CARTESIAN_POINT('Ctrl Pts',(10.1441562362273,7.11053373116798,14.5048782534482));
#7499=CARTESIAN_POINT('Ctrl Pts',(9.75408023771095,5.76752999935456,14.5313701704372));
#7500=CARTESIAN_POINT('Ctrl Pts',(9.88743996851243,5.76449492532982,14.5313701704372));
#7501=CARTESIAN_POINT('Ctrl Pts',(10.0208064066508,5.76146044178677,14.5313701704372));
#7502=CARTESIAN_POINT('Ctrl Pts',(10.1541661374522,5.75842536776203,14.5313701704372));
#7503=CARTESIAN_POINT('Ctrl Pts',(9.72945597295831,5.18262271790622,14.4051413323631));
#7504=CARTESIAN_POINT('Ctrl Pts',(9.86264875794383,5.17548327064786,14.4051413323631));
#7505=CARTESIAN_POINT('Ctrl Pts',(9.99583068214035,5.16834369606787,14.4051413323631));
#7506=CARTESIAN_POINT('Ctrl Pts',(10.1290234671259,5.16120424880951,14.4051413323631));
#7507=CARTESIAN_POINT('Ctrl Pts',(9.65155288063678,4.21012290646267,13.8112638424722));
#7508=CARTESIAN_POINT('Ctrl Pts',(9.78419157512808,4.19615890928795,13.8112638424722));
#7509=CARTESIAN_POINT('Ctrl Pts',(9.91684161521152,4.18219475429975,13.8112638424722));
#7510=CARTESIAN_POINT('Ctrl Pts',(10.0494803097028,4.16823075712504,13.8112638424722));
#7511=CARTESIAN_POINT('Ctrl Pts',(9.60297866606981,3.82550960490247,13.3432504346177));
#7512=CARTESIAN_POINT('Ctrl Pts',(9.73528398792375,3.808845712511,13.3432504346177));
#7513=CARTESIAN_POINT('Ctrl Pts',(9.8675781582384,3.7921842258182,13.3432504346177));
#7514=CARTESIAN_POINT('Ctrl Pts',(9.99988348009234,3.77552033342673,13.3432504346177));
#7515=CARTESIAN_POINT('Ctrl Pts',(9.50395848594226,3.12585959402477,11.9316087986321));
#7516=CARTESIAN_POINT('Ctrl Pts',(9.63556090780133,3.10428771316699,11.9316087986321));
#7517=CARTESIAN_POINT('Ctrl Pts',(9.76717624273461,3.0827127294936,11.9316087986321));
#7518=CARTESIAN_POINT('Ctrl Pts',(9.89877866459369,3.06114084863582,11.9316087986321));
#7519=CARTESIAN_POINT('Ctrl Pts',(9.48794772738613,3.05954869153918,10.8898894171145));
#7520=CARTESIAN_POINT('Ctrl Pts',(9.61943971827224,3.03751116782322,10.8898894171145));
#7521=CARTESIAN_POINT('Ctrl Pts',(9.75093884655026,3.01547145086648,10.8898894171145));
#7522=CARTESIAN_POINT('Ctrl Pts',(9.88243083743637,2.99343392715053,10.8898894171145));
#7523=CARTESIAN_POINT('Ctrl Pts',(9.50715120079618,3.17101036518629,9.36720214965197));
#7524=CARTESIAN_POINT('Ctrl Pts',(9.63878247880662,3.14975367038323,9.36720214965197));
#7525=CARTESIAN_POINT('Ctrl Pts',(9.77040731648671,3.12849885715117,9.36720214965197));
#7526=CARTESIAN_POINT('Ctrl Pts',(9.90203859449716,3.10724216234811,9.36720214965197));
#7527=CARTESIAN_POINT('Ctrl Pts',(9.51899801730227,3.24382803689719,8.86630676176647));
#7528=CARTESIAN_POINT('Ctrl Pts',(9.65070851709571,3.22308346596804,8.86630676176647));
#7529=CARTESIAN_POINT('Ctrl Pts',(9.7824243178731,3.20233740860313,8.86630676176647));
#7530=CARTESIAN_POINT('Ctrl Pts',(9.91413481766654,3.18159283767398,8.86630676176647));
#7531=CARTESIAN_POINT('Ctrl Pts',(9.54819443359544,3.43746510230315,8.14740204392255));
#7532=CARTESIAN_POINT('Ctrl Pts',(9.68011251281894,3.41807863181972,8.14740204392255));
#7533=CARTESIAN_POINT('Ctrl Pts',(9.81202781613185,3.39869294336139,8.14740204392255));
#7534=CARTESIAN_POINT('Ctrl Pts',(9.94394589535535,3.37930647287796,8.14740204392255));
#7535=CARTESIAN_POINT('Ctrl Pts',(9.55981428726471,3.51609288847564,7.91317363888369));
#7536=CARTESIAN_POINT('Ctrl Pts',(9.6918122998844,3.49725862640856,7.91317363888369));
#7537=CARTESIAN_POINT('Ctrl Pts',(9.82381236490322,3.47842384293167,7.91317363888369));
#7538=CARTESIAN_POINT('Ctrl Pts',(9.95581037752292,3.4595895808646,7.91317363888369));
#7539=CARTESIAN_POINT('Ctrl Pts',(9.58307186851242,3.68641333448323,7.56526209493698));
#7540=CARTESIAN_POINT('Ctrl Pts',(9.71523414580105,3.66877403682727,7.56526209493698));
#7541=CARTESIAN_POINT('Ctrl Pts',(9.84739531477141,3.65113501812832,7.56526209493698));
#7542=CARTESIAN_POINT('Ctrl Pts',(9.97955759206005,3.63349572047235,7.56526209493698));
#7543=CARTESIAN_POINT('Ctrl Pts',(9.59184698024066,3.75190633497329,7.44986378892092));
#7544=CARTESIAN_POINT('Ctrl Pts',(9.72407022050251,3.73472677933539,7.44986378892092));
#7545=CARTESIAN_POINT('Ctrl Pts',(9.85629420272073,3.71754707661062,7.44986378892092));
#7546=CARTESIAN_POINT('Ctrl Pts',(9.98851744298258,3.70036752097272,7.44986378892092));
#7547=CARTESIAN_POINT('Ctrl Pts',(9.61595859852164,3.9448635773808,7.30703102384993));
#7548=CARTESIAN_POINT('Ctrl Pts',(9.74835158895542,3.92903799867735,7.30703102384993));
#7549=CARTESIAN_POINT('Ctrl Pts',(9.88074368384623,3.91321259981859,7.30703102384993));
#7550=CARTESIAN_POINT('Ctrl Pts',(10.01313667428,3.89738702111513,7.30703102384993));
#7551=CARTESIAN_POINT('Ctrl Pts',(9.63093624872933,4.07240141699122,7.27959891835386));
#7552=CARTESIAN_POINT('Ctrl Pts',(9.76343412433088,4.05747089213263,7.27959891835386));
#7553=CARTESIAN_POINT('Ctrl Pts',(9.89593176783788,4.04254039273384,7.27959891835386));
#7554=CARTESIAN_POINT('Ctrl Pts',(10.0284296434394,4.02760986787525,7.27959891835386));
#7555=CARTESIAN_POINT('Ctrl Pts',(9.66832626154381,4.42567475974967,7.23850196925963));
#7556=CARTESIAN_POINT('Ctrl Pts',(9.80108640827686,4.41322334575529,7.23850196925963));
#7557=CARTESIAN_POINT('Ctrl Pts',(9.93384666768537,4.40077195815983,7.23850196925963));
#7558=CARTESIAN_POINT('Ctrl Pts',(10.0666068144184,4.38832054416545,7.23850196925963));
#7559=CARTESIAN_POINT('Ctrl Pts',(9.68766235432555,4.64612179390481,7.25449025132288));
#7560=CARTESIAN_POINT('Ctrl Pts',(9.82055822555616,4.63521738250752,7.25449025132288));
#7561=CARTESIAN_POINT('Ctrl Pts',(9.95345411160707,4.62431297991062,7.25449025132288));
#7562=CARTESIAN_POINT('Ctrl Pts',(10.0863499828377,4.61340856851333,7.25449025132288));
#7563=CARTESIAN_POINT('Ctrl Pts',(9.7190920476205,5.09358559022836,7.2724847529232));
#7564=CARTESIAN_POINT('Ctrl Pts',(9.85220854341328,5.08582126840287,7.2724847529232));
#7565=CARTESIAN_POINT('Ctrl Pts',(9.98532485809342,5.07805697711128,7.2724847529232));
#7566=CARTESIAN_POINT('Ctrl Pts',(10.1184413538862,5.0702926552858,7.2724847529232));
#7567=CARTESIAN_POINT('Ctrl Pts',(9.73095667707748,5.3207887993664,7.27448733070436));
#7568=CARTESIAN_POINT('Ctrl Pts',(9.86415651698025,5.31461888437801,7.27448733070436));
#7569=CARTESIAN_POINT('Ctrl Pts',(9.99735592511319,5.30844900486776,7.27448733070436));
#7570=CARTESIAN_POINT('Ctrl Pts',(10.130555765016,5.30227908987937,7.27448733070436));
#7571=CARTESIAN_POINT('Ctrl Pts',(9.74623849528551,5.76345003342447,7.26112750307486));
#7572=CARTESIAN_POINT('Ctrl Pts',(9.87954533693174,5.76038652773056,7.26112750307486));
#7573=CARTESIAN_POINT('Ctrl Pts',(10.0128524640663,5.75732301350627,7.26112750307486));
#7574=CARTESIAN_POINT('Ctrl Pts',(10.1461593057126,5.75425950781236,7.26112750307486));
#7575=CARTESIAN_POINT('Ctrl Pts',(9.75011825200982,5.97825916189954,7.24575691815143));
#7576=CARTESIAN_POINT('Ctrl Pts',(9.88345216606632,5.97670307895147,7.24575691815143));
#7577=CARTESIAN_POINT('Ctrl Pts',(10.0167868274693,5.97514701667707,7.24575691815143));
#7578=CARTESIAN_POINT('Ctrl Pts',(10.1501207415258,5.973590933729,7.24575691815143));
#7579=CARTESIAN_POINT('Ctrl Pts',(9.74993177165288,6.33243496094706,7.25807441544693));
#7580=CARTESIAN_POINT('Ctrl Pts',(9.88326478695573,6.33336432775756,7.25807441544693));
#7581=CARTESIAN_POINT('Ctrl Pts',(10.0165973199638,6.33429369857754,7.25807441544693));
#7582=CARTESIAN_POINT('Ctrl Pts',(10.1499303352666,6.33522306538804,7.25807441544693));
#7583=CARTESIAN_POINT('Ctrl Pts',(9.74847952491458,6.45604464401891,7.26807789565039));
#7584=CARTESIAN_POINT('Ctrl Pts',(9.88180238267495,6.4578414339475,7.26807789565039));
#7585=CARTESIAN_POINT('Ctrl Pts',(10.0151246571524,6.45963826764861,7.26807789565039));
#7586=CARTESIAN_POINT('Ctrl Pts',(10.1484475149128,6.4614350575772,7.26807789565039));
#7587=CARTESIAN_POINT('Ctrl Pts',(9.74546128163169,6.62236245892481,7.39597007621616));
#7588=CARTESIAN_POINT('Ctrl Pts',(9.87876260212119,6.62532642057128,7.39597007621616));
#7589=CARTESIAN_POINT('Ctrl Pts',(10.0120644091766,6.62829033851886,7.39597007621616));
#7590=CARTESIAN_POINT('Ctrl Pts',(10.1453657296661,6.63125430016533,7.39597007621616));
#7591=CARTESIAN_POINT('Ctrl Pts',(9.74431269075007,6.66496256278631,7.51386783547051));
#7592=CARTESIAN_POINT('Ctrl Pts',(9.87760620092962,6.66822545342566,7.51386783547051));
#7593=CARTESIAN_POINT('Ctrl Pts',(10.0108994477442,6.6714883576793,7.51386783547051));
#7594=CARTESIAN_POINT('Ctrl Pts',(10.1441929579238,6.67475124831865,7.51386783547051));
#7595=CARTESIAN_POINT('Ctrl Pts',(9.74249376733832,6.73625192591258,7.87340914314372));
#7596=CARTESIAN_POINT('Ctrl Pts',(9.87577425838248,6.74001510963079,7.87340914314372));
#7597=CARTESIAN_POINT('Ctrl Pts',(10.0090552503434,6.74377825642411,7.87340914314372));
#7598=CARTESIAN_POINT('Ctrl Pts',(10.1423357413875,6.74754144014232,7.87340914314372));
#7599=CARTESIAN_POINT('Ctrl Pts',(9.74345551529326,6.69876342412088,8.10928069740728));
#7600=CARTESIAN_POINT('Ctrl Pts',(9.87674291876657,6.70226352079598,8.10928069740728));
#7601=CARTESIAN_POINT('Ctrl Pts',(10.0100303331945,6.70576361005886,8.10928069740728));
#7602=CARTESIAN_POINT('Ctrl Pts',(10.1433177366679,6.70926370673395,8.10928069740728));
#7603=CARTESIAN_POINT('Ctrl Pts',(9.74407553868207,6.67491914173142,8.58772713192618));
#7604=CARTESIAN_POINT('Ctrl Pts',(9.87736722307007,6.67825191263274,8.58772713192618));
#7605=CARTESIAN_POINT('Ctrl Pts',(10.0106591287926,6.68158466855077,8.58772713192618));
#7606=CARTESIAN_POINT('Ctrl Pts',(10.1439508131806,6.68491743945208,8.58772713192618));
#7607=CARTESIAN_POINT('Ctrl Pts',(9.74372724738787,6.68856500537815,8.83030118411575));
#7608=CARTESIAN_POINT('Ctrl Pts',(9.87701654485828,6.69199353279196,8.83030118411575));
#7609=CARTESIAN_POINT('Ctrl Pts',(10.0103058919677,6.69542205702494,8.83030118411575));
#7610=CARTESIAN_POINT('Ctrl Pts',(10.1435951894381,6.69885058443874,8.83030118411575));
#7611=CARTESIAN_POINT('Ctrl Pts',(9.74376497504185,6.68687259111929,9.30414426301971));
#7612=CARTESIAN_POINT('Ctrl Pts',(9.87705443389925,6.69028925066369,9.30414426301971));
#7613=CARTESIAN_POINT('Ctrl Pts',(10.0103442525011,6.69370588086162,9.30414426301971));
#7614=CARTESIAN_POINT('Ctrl Pts',(10.1436337113585,6.69712254040601,9.30414426301971));
#7615=CARTESIAN_POINT('Ctrl Pts',(9.74419693884788,6.6715301076236,9.53541356126958));
#7616=CARTESIAN_POINT('Ctrl Pts',(9.87748944633486,6.67483909730037,9.53541356126958));
#7617=CARTESIAN_POINT('Ctrl Pts',(10.0107822616524,6.67814806758102,9.53541356126958));
#7618=CARTESIAN_POINT('Ctrl Pts',(10.1440747691394,6.68145705725778,9.53541356126958));
#7619=CARTESIAN_POINT('Ctrl Pts',(9.74298831385654,6.71517041671438,10.0345720450558));
#7620=CARTESIAN_POINT('Ctrl Pts',(9.87627241715618,6.718785648609,10.0345720450558));
#7621=CARTESIAN_POINT('Ctrl Pts',(10.0095565961118,6.72240087780322,10.0345720450558));
#7622=CARTESIAN_POINT('Ctrl Pts',(10.1428406994114,6.72601610969784,10.0345720450558));
#7623=CARTESIAN_POINT('Ctrl Pts',(9.74172438080524,6.7741162484777,10.3024654978452));
#7624=CARTESIAN_POINT('Ctrl Pts',(9.87499844020396,6.77814523705898,10.3024654978452));
#7625=CARTESIAN_POINT('Ctrl Pts',(10.0082760978445,6.78217391775911,10.3024654978452));
#7626=CARTESIAN_POINT('Ctrl Pts',(10.1415501572432,6.78620290634039,10.3024654978452));
#7627=CARTESIAN_POINT('Ctrl Pts',(9.74564295052494,6.60792642652058,10.54287568196));
#7628=CARTESIAN_POINT('Ctrl Pts',(9.87894605327288,6.61078903946001,10.54287568196));
#7629=CARTESIAN_POINT('Ctrl Pts',(10.0122481204196,6.61365173835,10.54287568196));
#7630=CARTESIAN_POINT('Ctrl Pts',(10.1455512231676,6.61651435128943,10.54287568196));
#7631=CARTESIAN_POINT('Ctrl Pts',(9.74652758712937,6.56578770528006,10.5844808276146));
#7632=CARTESIAN_POINT('Ctrl Pts',(9.87983648421795,6.56835464396756,10.5844808276146));
#7633=CARTESIAN_POINT('Ctrl Pts',(10.0131455866119,6.57092156038793,10.5844808276146));
#7634=CARTESIAN_POINT('Ctrl Pts',(10.1464544837005,6.57348849907543,10.5844808276146));
#7635=CARTESIAN_POINT('Ctrl Pts',(9.74815927751893,6.46832723239012,10.6355567838873));
#7636=CARTESIAN_POINT('Ctrl Pts',(9.88147986867565,6.47021021629183,10.6355567838873));
#7637=CARTESIAN_POINT('Ctrl Pts',(10.01479993431,6.47209324285452,10.6355567838873));
#7638=CARTESIAN_POINT('Ctrl Pts',(10.1481205254667,6.47397622675623,10.6355567838873));
#7639=CARTESIAN_POINT('Ctrl Pts',(9.74887727238495,6.4130180831561,10.6450284016723));
#7640=CARTESIAN_POINT('Ctrl Pts',(9.88220276597854,6.41451294435663,10.6450284016723));
#7641=CARTESIAN_POINT('Ctrl Pts',(10.0155281424205,6.41600781317991,10.6450284016723));
#7642=CARTESIAN_POINT('Ctrl Pts',(10.1488536360141,6.41750267438044,10.6450284016723));
#7643=CARTESIAN_POINT('Ctrl Pts',(9.75025269438895,6.2472720997895,10.6653523134564));
#7644=CARTESIAN_POINT('Ctrl Pts',(9.88358790628707,6.24760382588561,10.6653523134564));
#7645=CARTESIAN_POINT('Ctrl Pts',(10.0169228023727,6.24793557579423,10.6653523134564));
#7646=CARTESIAN_POINT('Ctrl Pts',(10.1502580142708,6.24826730189033,10.6653523134564));
#7647=CARTESIAN_POINT('Ctrl Pts',(9.75019789758776,6.13698297028833,10.6681141712713));
#7648=CARTESIAN_POINT('Ctrl Pts',(9.88353266407473,6.13654074387118,10.6681141712713));
#7649=CARTESIAN_POINT('Ctrl Pts',(10.0168672973658,6.13609852239576,10.6681141712713));
#7650=CARTESIAN_POINT('Ctrl Pts',(10.1502020638528,6.13565629597861,10.6681141712713));
#7651=CARTESIAN_POINT('Ctrl Pts',(9.748729201865,5.97395685394867,10.6319008246114));
#7652=CARTESIAN_POINT('Ctrl Pts',(9.88205366356082,5.97237058172858,10.6319008246114));
#7653=CARTESIAN_POINT('Ctrl Pts',(10.0153779865242,5.97078432309398,10.6319008246114));
#7654=CARTESIAN_POINT('Ctrl Pts',(10.1487024482201,5.9691980508739,10.6319008246114));
#7655=CARTESIAN_POINT('Ctrl Pts',(9.74798421060742,5.92000267332512,10.6131038383145));
#7656=CARTESIAN_POINT('Ctrl Pts',(9.88130345846677,5.91803777896839,10.6131038383145));
#7657=CARTESIAN_POINT('Ctrl Pts',(10.0146225250766,5.91607288712028,10.6131038383145));
#7658=CARTESIAN_POINT('Ctrl Pts',(10.147941772936,5.91410799276355,10.6131038383145));
#7659=CARTESIAN_POINT('Ctrl Pts',(9.74648550976317,5.83230381579489,10.5466974672521));
#7660=CARTESIAN_POINT('Ctrl Pts',(9.87979419955386,5.82972348536716,10.5466974672521));
#7661=CARTESIAN_POINT('Ctrl Pts',(10.0131028307043,5.82714317392357,10.5466974672521));
#7662=CARTESIAN_POINT('Ctrl Pts',(10.146411520495,5.82456284349584,10.5466974672521));
#7663=CARTESIAN_POINT('Ctrl Pts',(9.74576426149438,5.79857606596333,10.4990865460773));
#7664=CARTESIAN_POINT('Ctrl Pts',(9.87906791682695,5.79575905186283,10.4990865460773));
#7665=CARTESIAN_POINT('Ctrl Pts',(10.0123714327196,5.79294204987358,10.4990865460773));
#7666=CARTESIAN_POINT('Ctrl Pts',(10.1456750880522,5.79012503577308,10.4990865460773));
#7667=CARTESIAN_POINT('Ctrl Pts',(9.7448883603824,5.75911291319953,10.3936642990749));
#7668=CARTESIAN_POINT('Ctrl Pts',(9.87818584552438,5.75601896603325,10.3936642990749));
#7669=CARTESIAN_POINT('Ctrl Pts',(10.0114832617748,5.75292502695948,10.3936642990749));
#7670=CARTESIAN_POINT('Ctrl Pts',(10.1447807469168,5.7498310797932,10.3936642990749));
#7671=CARTESIAN_POINT('Ctrl Pts',(9.74474500870055,5.75337410525328,10.3358529465495));
#7672=CARTESIAN_POINT('Ctrl Pts',(9.87804149476393,5.75023988471785,10.3358529465495));
#7673=CARTESIAN_POINT('Ctrl Pts',(10.0113378912414,5.74710567537299,10.3358529465495));
#7674=CARTESIAN_POINT('Ctrl Pts',(10.1446343773048,5.74397145483756,10.3358529465495));
#7675=CARTESIAN_POINT('Ctrl Pts',(9.74450586262624,5.7432452257485,10.2217937480542));
#7676=CARTESIAN_POINT('Ctrl Pts',(9.87780067118215,5.74003992652913,10.2217937480542));
#7677=CARTESIAN_POINT('Ctrl Pts',(10.0110953880204,5.73683463498363,10.2217937480542));
#7678=CARTESIAN_POINT('Ctrl Pts',(10.1443901965763,5.73362933576426,10.2217937480542));
#7679=CARTESIAN_POINT('Ctrl Pts',(9.7443988613762,5.73885419333791,10.1655460208958));
#7680=CARTESIAN_POINT('Ctrl Pts',(9.87769292236007,5.73561807990284,10.1655460208958));
#7681=CARTESIAN_POINT('Ctrl Pts',(10.0109868816845,5.73238197400116,10.1655460208958));
#7682=CARTESIAN_POINT('Ctrl Pts',(10.1442809426683,5.72914586056608,10.1655460208958));
#7683=CARTESIAN_POINT('Ctrl Pts',(9.74408311335897,5.72590223354776,9.88465595630888));
#7684=CARTESIAN_POINT('Ctrl Pts',(9.87737492732204,5.72257522697177,9.88465595630888));
#7685=CARTESIAN_POINT('Ctrl Pts',(10.0106667333614,5.71924823451423,9.88465595630888));
#7686=CARTESIAN_POINT('Ctrl Pts',(10.1439585473244,5.71592122793824,9.88465595630888));
#7687=CARTESIAN_POINT('Ctrl Pts',(9.74454383053859,5.74435161346308,9.66105963496538));
#7688=CARTESIAN_POINT('Ctrl Pts',(9.87783889327671,5.74115407967385,9.66105963496538));
#7689=CARTESIAN_POINT('Ctrl Pts',(10.011133901075,5.73795654964101,9.66105963496538));
#7690=CARTESIAN_POINT('Ctrl Pts',(10.1444289638131,5.73475901585178,9.66105963496538));
#7691=CARTESIAN_POINT('Ctrl Pts',(9.74525817634147,5.77548236498598,9.21606289039983));
#7692=CARTESIAN_POINT('Ctrl Pts',(9.87855822779522,5.7725032907949,9.21606289039983));
#7693=CARTESIAN_POINT('Ctrl Pts',(10.0118582970212,5.76952422580834,9.21606289039983));
#7694=CARTESIAN_POINT('Ctrl Pts',(10.145158348475,5.76654515161726,9.21606289039983));
#7695=CARTESIAN_POINT('Ctrl Pts',(9.74556719439894,5.78816957524459,8.99466239856104));
#7696=CARTESIAN_POINT('Ctrl Pts',(9.87886931579827,5.78527952547239,8.99466239856104));
#7697=CARTESIAN_POINT('Ctrl Pts',(10.0121717507764,5.78238951081141,8.99466239856104));
#7698=CARTESIAN_POINT('Ctrl Pts',(10.1454738721758,5.77949946103921,8.99466239856104));
#7699=CARTESIAN_POINT('Ctrl Pts',(9.74451989023607,5.74374316260603,8.70371977212989));
#7700=CARTESIAN_POINT('Ctrl Pts',(9.87781480583307,5.740541362925,8.70371977212989));
#7701=CARTESIAN_POINT('Ctrl Pts',(10.0111096039072,5.73733955518403,8.70371977212989));
#7702=CARTESIAN_POINT('Ctrl Pts',(10.1444045195042,5.734137755503,8.70371977212989));
#7703=CARTESIAN_POINT('Ctrl Pts',(9.74423360838874,5.73094391073076,8.64170488742474));
#7704=CARTESIAN_POINT('Ctrl Pts',(9.8775264367165,5.72765228540174,8.64170488742474));
#7705=CARTESIAN_POINT('Ctrl Pts',(10.0108193823429,5.72436067102254,8.64170488742474));
#7706=CARTESIAN_POINT('Ctrl Pts',(10.1441122106706,5.72106904569351,8.64170488742474));
#7707=CARTESIAN_POINT('Ctrl Pts',(9.7424197825578,5.66213537104253,8.549609005917));
#7708=CARTESIAN_POINT('Ctrl Pts',(9.8756999815825,5.65836088573665,8.549609005917));
#7709=CARTESIAN_POINT('Ctrl Pts',(10.008980000008,5.65458639047562,8.549609005917));
#7710=CARTESIAN_POINT('Ctrl Pts',(10.1422601990327,5.65081190516974,8.549609005917));
#7711=CARTESIAN_POINT('Ctrl Pts',(9.74080648954314,5.60611785940663,8.51952887672402));
#7712=CARTESIAN_POINT('Ctrl Pts',(9.87407532538718,5.60195026439775,8.51952887672402));
#7713=CARTESIAN_POINT('Ctrl Pts',(10.0073441061105,5.59778267250829,8.51952887672402));
#7714=CARTESIAN_POINT('Ctrl Pts',(10.1406129419546,5.59361507749941,8.51952887672402));
#7715=CARTESIAN_POINT('Ctrl Pts',(9.73682995268134,5.49038485596561,8.48566625352542));
#7716=CARTESIAN_POINT('Ctrl Pts',(9.87007086891546,5.48540510236348,8.48566625352542));
#7717=CARTESIAN_POINT('Ctrl Pts',(10.0033117722931,5.48042534337754,8.48566625352542));
#7718=CARTESIAN_POINT('Ctrl Pts',(10.1365526885273,5.47544558977541,8.48566625352542));
#7719=CARTESIAN_POINT('Ctrl Pts',(9.73451080556386,5.43067316696989,8.48188344536249));
#7720=CARTESIAN_POINT('Ctrl Pts',(9.86773546223433,5.42527438220267,8.48188344536249));
#7721=CARTESIAN_POINT('Ctrl Pts',(10.0009600605895,5.41987559735752,8.48188344536249));
#7722=CARTESIAN_POINT('Ctrl Pts',(10.1341847172599,5.4144768125903,8.48188344536249));
#7723=CARTESIAN_POINT('Ctrl Pts',(9.72933229883593,5.31207939742365,8.47340365176566));
#7724=CARTESIAN_POINT('Ctrl Pts',(9.86252059713658,5.30584837677028,8.47340365176566));
#7725=CARTESIAN_POINT('Ctrl Pts',(9.9957088910371,5.29961735275962,8.47340365176566));
#7726=CARTESIAN_POINT('Ctrl Pts',(10.1288971893377,5.29338633210625,8.47340365176566));
#7727=CARTESIAN_POINT('Ctrl Pts',(9.72648528028547,5.25319775880768,8.46870650020914));
#7728=CARTESIAN_POINT('Ctrl Pts',(9.85965360708513,5.24655353316193,8.46870650020914));
#7729=CARTESIAN_POINT('Ctrl Pts',(9.99282190675499,5.23990930569148,8.46870650020914));
#7730=CARTESIAN_POINT('Ctrl Pts',(10.1259902335546,5.23326508004573,8.46870650020914));
#7731=CARTESIAN_POINT('Ctrl Pts',(9.71088418276908,4.95884568443461,8.45479539343235));
#7732=CARTESIAN_POINT('Ctrl Pts',(9.84394302712396,4.95013583006077,8.45479539343235));
#7733=CARTESIAN_POINT('Ctrl Pts',(9.97700184752514,4.94142597427023,8.45479539343235));
#7734=CARTESIAN_POINT('Ctrl Pts',(10.11006069188,4.93271611989639,8.45479539343235));
#7735=CARTESIAN_POINT('Ctrl Pts',(9.69401098670875,4.72354333934398,8.47430513474759));
#7736=CARTESIAN_POINT('Ctrl Pts',(9.82695142438449,4.71318223917225,8.47430513474759));
#7737=CARTESIAN_POINT('Ctrl Pts',(9.95989183296373,4.70282114139664,8.47430513474759));
#7738=CARTESIAN_POINT('Ctrl Pts',(10.0928322706395,4.69246004122491,8.47430513474759));
#7739=CARTESIAN_POINT('Ctrl Pts',(9.67280005431365,4.48896577928229,8.49135279655457));
#7740=CARTESIAN_POINT('Ctrl Pts',(9.80559163364217,4.47695852159305,8.49135279655457));
#7741=CARTESIAN_POINT('Ctrl Pts',(9.93838321297069,4.4649512639038,8.49135279655457));
#7742=CARTESIAN_POINT('Ctrl Pts',(10.0711747922992,4.45294400621455,8.49135279655457));
#7743=CARTESIAN_POINT('',(10.0711747922992,4.45294400621455,8.49135279655457));
#7744=CARTESIAN_POINT('Origin',(6.72998748435054,-4.8,-39.7514712240007));
#7745=CARTESIAN_POINT('',(0.956484792454294,-4.8,-39.7514712240007));
#7746=CARTESIAN_POINT('',(0.956484792454293,10.4,-39.7514712240007));
#7747=CARTESIAN_POINT('',(-10.9600062578247,-4.8,-39.7514712240007));
#7748=CARTESIAN_POINT('Origin',(4.2,4.2,-39.7514712240007));
#7749=CARTESIAN_POINT('',(7.50941034775655,4.4,-39.7514712240007));
#7750=CARTESIAN_POINT('Ctrl Pts',(9.92441636734499,3.25012593968954,-39.7514712240007));
#7751=CARTESIAN_POINT('Ctrl Pts',(9.93113869494802,3.29382160458331,-39.7514712240007));
#7752=CARTESIAN_POINT('Ctrl Pts',(9.93491328670363,3.33785325123152,-39.7514708822172));
#7753=CARTESIAN_POINT('Ctrl Pts',(9.93578972158235,3.38193092004728,-39.7514707145653));
#7754=CARTESIAN_POINT('Ctrl Pts',(9.93667104276282,3.42625433078392,-39.7514705459787));
#7755=CARTESIAN_POINT('Ctrl Pts',(9.93462178327414,3.47062541642143,-39.7514705767242));
#7756=CARTESIAN_POINT('Ctrl Pts',(9.92964055973207,3.51475140107589,-39.7514706288703));
#7757=CARTESIAN_POINT('Ctrl Pts',(9.92849090425825,3.52493558160243,-39.7514706409055));
#7758=CARTESIAN_POINT('Ctrl Pts',(9.92718485385812,3.53510667353981,-39.7514706502973));
#7759=CARTESIAN_POINT('Ctrl Pts',(9.92572200323768,3.54526099295498,-39.751470647528));
#7760=CARTESIAN_POINT('Ctrl Pts',(9.92188094186503,3.571923567743,-39.7514706402567));
#7761=CARTESIAN_POINT('Ctrl Pts',(9.91697074134497,3.59839122553982,-39.7514705799694));
#7762=CARTESIAN_POINT('Ctrl Pts',(9.91099839660933,3.62459973547751,-39.7514704989238));
#7763=CARTESIAN_POINT('Ctrl Pts',(9.90112585201851,3.66792353784864,-39.7514703649518));
#7764=CARTESIAN_POINT('Ctrl Pts',(9.88835358287758,3.71054025460381,-39.7514702290907));
#7765=CARTESIAN_POINT('Ctrl Pts',(9.87280570368244,3.7521737448413,-39.7514703826211));
#7766=CARTESIAN_POINT('Ctrl Pts',(9.86318781270274,3.77792814936058,-39.7514704775948));
#7767=CARTESIAN_POINT('Ctrl Pts',(9.8525067702709,3.80330610855314,-39.7514706657456));
#7768=CARTESIAN_POINT('Ctrl Pts',(9.84078285594882,3.82823813824432,-39.7514708097211));
#7769=CARTESIAN_POINT('Ctrl Pts',(9.82182918441941,3.86854494093382,-39.7514710424815));
#7770=CARTESIAN_POINT('Ctrl Pts',(9.80026026626704,3.907457654214,-39.7514713213054));
#7771=CARTESIAN_POINT('Ctrl Pts',(9.77621391271188,3.94470988133268,-39.7514710906552));
#7772=CARTESIAN_POINT('Ctrl Pts',(9.77109406548847,3.95264146693223,-39.7514710415461));
#7773=CARTESIAN_POINT('Ctrl Pts',(9.76586173148407,3.96049771372583,-39.7514709664436));
#7774=CARTESIAN_POINT('Ctrl Pts',(9.76051796161837,3.96827592919282,-39.7514708550443));
#7775=CARTESIAN_POINT('Ctrl Pts',(9.7353224259378,4.0049497213386,-39.7514703298035));
#7776=CARTESIAN_POINT('Ctrl Pts',(9.70765281519446,4.03989152153464,-39.7514690699594));
#7777=CARTESIAN_POINT('Ctrl Pts',(9.6777381671655,4.07290822405939,-39.7514682141747));
#7778=CARTESIAN_POINT('Ctrl Pts',(9.65669548349108,4.09613296755389,-39.7514676121951));
#7779=CARTESIAN_POINT('Ctrl Pts',(9.63454096908947,4.11840458183768,-39.751467192339));
#7780=CARTESIAN_POINT('Ctrl Pts',(9.61134430444742,4.13964410556217,-39.7514670629908));
#7781=CARTESIAN_POINT('Ctrl Pts',(9.57731710211934,4.17080037661569,-39.7514668732498));
#7782=CARTESIAN_POINT('Ctrl Pts',(9.54127719805564,4.19952903221696,-39.7514677476984));
#7783=CARTESIAN_POINT('Ctrl Pts',(9.50349478631103,4.22563815840467,-39.7514687993767));
#7784=CARTESIAN_POINT('Ctrl Pts',(9.46571237456642,4.25174728459237,-39.7514698510551));
#7785=CARTESIAN_POINT('Ctrl Pts',(9.4261864008538,4.2752377895835,-39.7514710886584));
#7786=CARTESIAN_POINT('Ctrl Pts',(9.38514955508165,4.29587167925117,-39.751470917773));
#7787=CARTESIAN_POINT('Ctrl Pts',(9.35139354670539,4.31284466387879,-39.7514707772064));
#7788=CARTESIAN_POINT('Ctrl Pts',(9.31661415378799,4.32788390602456,-39.7514696643254));
#7789=CARTESIAN_POINT('Ctrl Pts',(9.28098667300271,4.34093701733491,-39.7514688695459));
#7790=CARTESIAN_POINT('Ctrl Pts',(9.23927939531129,4.35621763011354,-39.7514679391379));
#7791=CARTESIAN_POINT('Ctrl Pts',(9.19667991594606,4.36867891017237,-39.75146764045));
#7792=CARTESIAN_POINT('Ctrl Pts',(9.15349193335975,4.37829913057555,-39.7514678748296));
#7793=CARTESIAN_POINT('Ctrl Pts',(9.11043073112353,4.38789111037018,-39.7514681085211));
#7794=CARTESIAN_POINT('Ctrl Pts',(9.06678334611894,4.3946589062224,-39.7514688736498));
#7795=CARTESIAN_POINT('Ctrl Pts',(9.02283502821793,4.39853257353309,-39.7514696420028));
#7796=CARTESIAN_POINT('Ctrl Pts',(8.9815988583255,4.40216718825692,-39.751470362939));
#7797=CARTESIAN_POINT('Ctrl Pts',(8.94009686632801,4.40325362291105,-39.7514710832155));
#7798=CARTESIAN_POINT('Ctrl Pts',(8.89856519190715,4.40169234398066,-39.7514710092813));
#7799=CARTESIAN_POINT('Origin',(6.72998748435054,-4.8,-39.7514712240007));
#7800=CARTESIAN_POINT('',(0.956484792454293,10.4,-39.7514712240007));
#7801=CARTESIAN_POINT('',(8.89856522897353,7.99830732240963,-39.7514712288532));
#7802=CARTESIAN_POINT('Ctrl Pts',(8.89856520300725,7.99830763275484,-39.7514710039711));
#7803=CARTESIAN_POINT('Ctrl Pts',(8.94255257349333,7.99665403227182,-39.7514710896147));
#7804=CARTESIAN_POINT('Ctrl Pts',(8.98654019580576,7.99796882590753,-39.7514700767192));
#7805=CARTESIAN_POINT('Ctrl Pts',(9.03024701225699,8.00214842151762,-39.7514691406432));
#7806=CARTESIAN_POINT('Ctrl Pts',(9.07444146894298,8.00637464918995,-39.7514681941233));
#7807=CARTESIAN_POINT('Ctrl Pts',(9.11834995521046,8.01353013267613,-39.7514673256471));
#7808=CARTESIAN_POINT('Ctrl Pts',(9.16167817872545,8.02356002287408,-39.751467297274));
#7809=CARTESIAN_POINT('Ctrl Pts',(9.17168066298363,8.02587546095756,-39.751467290724));
#7810=CARTESIAN_POINT('Ctrl Pts',(9.1816521660619,8.02834429753093,-39.7514673270877));
#7811=CARTESIAN_POINT('Ctrl Pts',(9.19158893881919,8.03096623294877,-39.7514674124453));
#7812=CARTESIAN_POINT('Ctrl Pts',(9.23468886002213,8.04233865865161,-39.7514677826772));
#7813=CARTESIAN_POINT('Ctrl Pts',(9.27692363223573,8.05653124894605,-39.7514690668819));
#7814=CARTESIAN_POINT('Ctrl Pts',(9.31800347663306,8.073466679664,-39.7514699662121));
#7815=CARTESIAN_POINT('Ctrl Pts',(9.34075709164673,8.0828470041589,-39.75147046434));
#7816=CARTESIAN_POINT('Ctrl Pts',(9.36315625530328,8.09306972514223,-39.7514708354563));
#7817=CARTESIAN_POINT('Ctrl Pts',(9.38514952458104,8.1041282389223,-39.7514707915184));
#7818=CARTESIAN_POINT('Ctrl Pts',(9.41154703378834,8.11740126421208,-39.7514707387819));
#7819=CARTESIAN_POINT('Ctrl Pts',(9.43736003689114,8.13187819353701,-39.7514700906284));
#7820=CARTESIAN_POINT('Ctrl Pts',(9.46252159069564,8.14750366640332,-39.751469475527));
#7821=CARTESIAN_POINT('Ctrl Pts',(9.50022239395257,8.17091608691226,-39.7514685538901));
#7822=CARTESIAN_POINT('Ctrl Pts',(9.5362475770131,8.19677173970797,-39.751467637236));
#7823=CARTESIAN_POINT('Ctrl Pts',(9.57040311364441,8.22483662000165,-39.7514673501283));
#7824=CARTESIAN_POINT('Ctrl Pts',(9.60462786274024,8.25295837071,-39.7514670624389));
#7825=CARTESIAN_POINT('Ctrl Pts',(9.63697624787558,8.28329907419298,-39.7514674003856));
#7826=CARTESIAN_POINT('Ctrl Pts',(9.66722453992836,8.31566628174488,-39.7514681672823));
#7827=CARTESIAN_POINT('Ctrl Pts',(9.69535912675512,8.34577171743756,-39.7514688805894));
#7828=CARTESIAN_POINT('Ctrl Pts',(9.72167715684529,8.37763123114004,-39.7514699521522));
#7829=CARTESIAN_POINT('Ctrl Pts',(9.7459664866849,8.41111464258479,-39.7514706637742));
#7830=CARTESIAN_POINT('Ctrl Pts',(9.75090751141999,8.41792596118667,-39.7514708085349));
#7831=CARTESIAN_POINT('Ctrl Pts',(9.75575844721475,8.42479624662359,-39.7514709225784));
#7832=CARTESIAN_POINT('Ctrl Pts',(9.76051796218572,8.43172404002766,-39.7514709998531));
#7833=CARTESIAN_POINT('Ctrl Pts',(9.78555358479707,8.46816506863072,-39.7514714063275));
#7834=CARTESIAN_POINT('Ctrl Pts',(9.80806294274108,8.50619443204975,-39.7514708916956));
#7835=CARTESIAN_POINT('Ctrl Pts',(9.82797138382719,8.54551594339217,-39.7514705771961));
#7836=CARTESIAN_POINT('Ctrl Pts',(9.84795706178715,8.58499000663948,-39.7514702614765));
#7837=CARTESIAN_POINT('Ctrl Pts',(9.86532207101174,8.62576731772289,-39.7514701321885));
#7838=CARTESIAN_POINT('Ctrl Pts',(9.8799463335734,8.6675745626421,-39.7514702562923));
#7839=CARTESIAN_POINT('Ctrl Pts',(9.89086849985775,8.69879840582549,-39.7514703489795));
#7840=CARTESIAN_POINT('Ctrl Pts',(9.90026103819803,8.73059736964558,-39.751470559587));
#7841=CARTESIAN_POINT('Ctrl Pts',(9.90805537494944,8.76286179100861,-39.7514706080342));
#7842=CARTESIAN_POINT('Ctrl Pts',(9.90906380751993,8.76703616714967,-39.7514706143023));
#7843=CARTESIAN_POINT('Ctrl Pts',(9.91004483791988,8.77121574423818,-39.7514706155887));
#7844=CARTESIAN_POINT('Ctrl Pts',(9.91099839776798,8.77540026175291,-39.7514706123582));
#7845=CARTESIAN_POINT('Ctrl Pts',(9.92084483145324,8.81860947855829,-39.7514705790009));
#7846=CARTESIAN_POINT('Ctrl Pts',(9.92776634325727,8.86234392474718,-39.7514701555696));
#7847=CARTESIAN_POINT('Ctrl Pts',(9.93179339765236,8.90630741671952,-39.7514700672655));
#7848=CARTESIAN_POINT('Ctrl Pts',(9.93582506122084,8.95032122719709,-39.7514699788603));
#7849=CARTESIAN_POINT('Ctrl Pts',(9.93695569491356,8.99456573683585,-39.751470204266));
#7850=CARTESIAN_POINT('Ctrl Pts',(9.93516514312353,9.03875241242558,-39.7514705589247));
#7851=CARTESIAN_POINT('Ctrl Pts',(9.93366016473151,9.07589179724986,-39.7514708570193));
#7852=CARTESIAN_POINT('Ctrl Pts',(9.93009064229968,9.11299082111513,-39.7514712240007));
#7853=CARTESIAN_POINT('Ctrl Pts',(9.92441636734499,9.14987406031047,-39.7514712240007));
#7854=CARTESIAN_POINT('',(8.80844845343321,8.00000011920929,-39.7514712240007));
#7855=CARTESIAN_POINT('Origin',(8.80844845343321,6.2,-39.7514712240007));
#7856=CARTESIAN_POINT('',(6.72998748435055,8.00000011920929,-39.7514712240007));
#7857=CARTESIAN_POINT('Origin',(-35.25,25.6,22.96));
#7858=CARTESIAN_POINT('',(-34.0952994616208,-13.2,20.96));
#7859=CARTESIAN_POINT('',(-31.7921539030917,-13.2,16.9708348754011));
#7860=CARTESIAN_POINT('',(-35.25,-11.2,22.96));
#7861=CARTESIAN_POINT('Origin',(-34.0952994616207,-11.2,20.96));
#7862=CARTESIAN_POINT('',(-35.25,-5.8,22.96));
#7863=CARTESIAN_POINT('',(-35.25,-13.2,22.96));
#7864=CARTESIAN_POINT('',(-34.6726497308104,-4.8,21.96));
#7865=CARTESIAN_POINT('Origin',(-34.6726497308104,-5.8,21.96));
#7866=CARTESIAN_POINT('',(-31.0503037057278,-4.8,15.6859126419618));
#7867=CARTESIAN_POINT('Ctrl Pts',(8.90186690673244,4.40140226661483,-39.7712036029615));
#7868=CARTESIAN_POINT('Ctrl Pts',(8.8110084636786,4.40901028921958,-39.2285721959762));
#7869=CARTESIAN_POINT('Ctrl Pts',(8.64063478619895,4.48494199566993,-38.1482315546209));
#7870=CARTESIAN_POINT('Ctrl Pts',(8.46511723337821,4.77622967640411,-36.8515568834325));
#7871=CARTESIAN_POINT('Ctrl Pts',(8.3711953334285,5.14044887976191,-36.0563781207869));
#7872=CARTESIAN_POINT('Ctrl Pts',(8.32884415696441,5.41067783357996,-35.6739072852114));
#7873=CARTESIAN_POINT('Ctrl Pts',(8.29569375994247,5.72249786723405,-35.3610910309255));
#7874=CARTESIAN_POINT('Ctrl Pts',(8.27620418204839,6.19941510534815,-35.1650699975291));
#7875=CARTESIAN_POINT('Ctrl Pts',(8.29560139117346,6.67732135644663,-35.3599381357482));
#7876=CARTESIAN_POINT('Ctrl Pts',(8.32877094855037,6.98905302833805,-35.6730341919503));
#7877=CARTESIAN_POINT('Ctrl Pts',(8.37108040702287,7.25938168209683,-36.0551690350606));
#7878=CARTESIAN_POINT('Ctrl Pts',(8.46507147740172,7.62357063021209,-36.8509756904114));
#7879=CARTESIAN_POINT('Ctrl Pts',(8.64033570083743,7.91487628978172,-38.1460711327922));
#7880=CARTESIAN_POINT('Ctrl Pts',(8.81097625888822,7.99098701438959,-39.2283798604551));
#7881=CARTESIAN_POINT('Ctrl Pts',(8.90186690791344,7.99859773348407,-39.7712036100148));
#7882=CARTESIAN_POINT('Ctrl Pts',(9.06915860027705,4.40711200507811,-39.7718278881607));
#7883=CARTESIAN_POINT('Ctrl Pts',(8.98646204311175,4.43050343954814,-39.2312465788068));
#7884=CARTESIAN_POINT('Ctrl Pts',(8.82816274634172,4.54320196727884,-38.160582466591));
#7885=CARTESIAN_POINT('Ctrl Pts',(8.6481961442365,4.88542196115166,-36.90206131595));
#7886=CARTESIAN_POINT('Ctrl Pts',(8.53514987569024,5.26754580640979,-36.1620717433285));
#7887=CARTESIAN_POINT('Ctrl Pts',(8.47779328790873,5.5285674735844,-35.8203429441547));
#7888=CARTESIAN_POINT('Ctrl Pts',(8.4285588197925,5.814488693032,-35.55144903743));
#7889=CARTESIAN_POINT('Ctrl Pts',(8.39426661505557,6.19996400374974,-35.3980610139721));
#7890=CARTESIAN_POINT('Ctrl Pts',(8.42834235251514,6.58506116543777,-35.5506848307619));
#7891=CARTESIAN_POINT('Ctrl Pts',(8.477653074309,6.87116859320623,-35.8197062804891));
#7892=CARTESIAN_POINT('Ctrl Pts',(8.53495096073368,7.1320838444637,-36.1611520353777));
#7893=CARTESIAN_POINT('Ctrl Pts',(8.64802035122446,7.51433924398423,-36.9017347817886));
#7894=CARTESIAN_POINT('Ctrl Pts',(8.82784316777138,7.85645784392353,-38.1585631568647));
#7895=CARTESIAN_POINT('Ctrl Pts',(8.9864327313189,7.96948826965705,-39.2310549699169));
#7896=CARTESIAN_POINT('Ctrl Pts',(9.06915860135127,7.99288799522549,-39.7718278951874));
#7897=CARTESIAN_POINT('Ctrl Pts',(9.40656410561683,4.33270932755109,-39.7713813167759));
#7898=CARTESIAN_POINT('Ctrl Pts',(9.34860657355996,4.37876345463659,-39.2300979986592));
#7899=CARTESIAN_POINT('Ctrl Pts',(9.23549231027086,4.54871297746885,-38.16603737232));
#7900=CARTESIAN_POINT('Ctrl Pts',(9.09168148024757,4.98709265188573,-36.9578536347307));
#7901=CARTESIAN_POINT('Ctrl Pts',(8.98057485602407,5.4221512249946,-36.3052572045111));
#7902=CARTESIAN_POINT('Ctrl Pts',(8.9163668407346,5.68492611183428,-36.0320088536032));
#7903=CARTESIAN_POINT('Ctrl Pts',(8.85605817668683,5.94662996488009,-35.8391581504373));
#7904=CARTESIAN_POINT('Ctrl Pts',(8.80771597734954,6.20093999411254,-35.7623858723638));
#7905=CARTESIAN_POINT('Ctrl Pts',(8.85566864677272,6.45243894742363,-35.8390912941304));
#7906=CARTESIAN_POINT('Ctrl Pts',(8.91611682883515,6.71483113068921,-36.0317878364096));
#7907=CARTESIAN_POINT('Ctrl Pts',(8.98025111059816,6.97713523922427,-36.3048414202208));
#7908=CARTESIAN_POINT('Ctrl Pts',(9.09143125625528,7.41255324095888,-36.9580005459738));
#7909=CARTESIAN_POINT('Ctrl Pts',(9.23518607372286,7.85068632939008,-38.1642458986944));
#7910=CARTESIAN_POINT('Ctrl Pts',(9.34858603052371,8.02122022183569,-39.2299061409056));
#7911=CARTESIAN_POINT('Ctrl Pts',(9.40656410637038,8.06729067304723,-39.7713813238117));
#7912=CARTESIAN_POINT('Ctrl Pts',(9.76382088404522,4.01984292331201,-39.7662613379635));
#7913=CARTESIAN_POINT('Ctrl Pts',(9.74235853763899,4.06777382386485,-39.2111414395017));
#7914=CARTESIAN_POINT('Ctrl Pts',(9.70644377105101,4.25391011398934,-38.1197015563375));
#7915=CARTESIAN_POINT('Ctrl Pts',(9.66926336790907,4.75487298967551,-36.8837359656645));
#7916=CARTESIAN_POINT('Ctrl Pts',(9.63164453432696,5.26469833997004,-36.2267105580536));
#7917=CARTESIAN_POINT('Ctrl Pts',(9.60464120721074,5.57668795786017,-35.958319427849));
#7918=CARTESIAN_POINT('Ctrl Pts',(9.57574956662386,5.89017436977619,-35.7750159394677));
#7919=CARTESIAN_POINT('Ctrl Pts',(9.54789845009869,6.20107976961174,-35.7126786924856));
#7920=CARTESIAN_POINT('Ctrl Pts',(9.57549814344794,6.50873133787368,-35.7751089204114));
#7921=CARTESIAN_POINT('Ctrl Pts',(9.60449365544567,6.82302262641571,-35.9581894556655));
#7922=CARTESIAN_POINT('Ctrl Pts',(9.63145480770261,7.13446917442791,-36.2264015163691));
#7923=CARTESIAN_POINT('Ctrl Pts',(9.6690801562933,7.64469093978015,-36.883982860506));
#7924=CARTESIAN_POINT('Ctrl Pts',(9.70631607120666,8.14541039385441,-38.1179129888013));
#7925=CARTESIAN_POINT('Ctrl Pts',(9.74235093028939,8.3322091874406,-39.210944677376));
#7926=CARTESIAN_POINT('Ctrl Pts',(9.76382088432421,8.38015707731081,-39.7662613451791));
#7927=CARTESIAN_POINT('Ctrl Pts',(9.93430805876936,3.6294558319529,-39.7590319781535));
#7928=CARTESIAN_POINT('Ctrl Pts',(9.93389478599527,3.66172767213459,-39.1839194790412));
#7929=CARTESIAN_POINT('Ctrl Pts',(9.94546641934028,3.82282751220036,-38.0457438340486));
#7930=CARTESIAN_POINT('Ctrl Pts',(9.98786734695652,4.32425396028979,-36.7198433839855));
#7931=CARTESIAN_POINT('Ctrl Pts',(10.0191085315858,4.88620923880561,-35.9655898764785));
#7932=CARTESIAN_POINT('Ctrl Pts',(10.0323482083753,5.26467724587274,-35.6312015118814));
#7933=CARTESIAN_POINT('Ctrl Pts',(10.0411588368792,5.67417108388467,-35.379444484063));
#7934=CARTESIAN_POINT('Ctrl Pts',(10.0429430591248,6.20022119655436,-35.2534007105398));
#7935=CARTESIAN_POINT('Ctrl Pts',(10.0411450384951,6.72504851849591,-35.3789821651998));
#7936=CARTESIAN_POINT('Ctrl Pts',(10.032355138462,7.13495792795833,-35.6307318443667));
#7937=CARTESIAN_POINT('Ctrl Pts',(10.0191140164053,7.51317771884404,-35.9648622242354));
#7938=CARTESIAN_POINT('Ctrl Pts',(9.98783819562197,8.07533435874496,-36.719722312084));
#7939=CARTESIAN_POINT('Ctrl Pts',(9.94549820815319,8.57664652018825,-38.043702347678));
#7940=CARTESIAN_POINT('Ctrl Pts',(9.93389463945768,8.73826088954964,-39.1837156305765));
#7941=CARTESIAN_POINT('Ctrl Pts',(9.93430805877472,8.77054416846666,-39.7590319856289));
#7942=CARTESIAN_POINT('Ctrl Pts',(9.94350195880495,3.3741838044622,-39.7539923392784));
#7943=CARTESIAN_POINT('Ctrl Pts',(9.94633777003907,3.39303791213898,-39.1648685746023));
#7944=CARTESIAN_POINT('Ctrl Pts',(9.96677440340409,3.52936487271185,-37.9924794956276));
#7945=CARTESIAN_POINT('Ctrl Pts',(10.0307758098288,4.01499210970207,-36.5942012260236));
#7946=CARTESIAN_POINT('Ctrl Pts',(10.086316614123,4.60110491124082,-35.7542274871459));
#7947=CARTESIAN_POINT('Ctrl Pts',(10.1155585629952,5.02328383417614,-35.3592917793358));
#7948=CARTESIAN_POINT('Ctrl Pts',(10.1404747166767,5.50143700940331,-35.0433242602874));
#7949=CARTESIAN_POINT('Ctrl Pts',(10.1563470032698,6.19944642030009,-34.8557466845948));
#7950=CARTESIAN_POINT('Ctrl Pts',(10.1405833401249,6.89810202124711,-35.0423057388806));
#7951=CARTESIAN_POINT('Ctrl Pts',(10.1156413576532,7.37630370431845,-35.3584790518061));
#7952=CARTESIAN_POINT('Ctrl Pts',(10.0864169271805,7.7985020083347,-35.7530793931492));
#7953=CARTESIAN_POINT('Ctrl Pts',(10.0308316948747,8.38465626951349,-36.5937360938005));
#7954=CARTESIAN_POINT('Ctrl Pts',(9.96686172262017,8.87026029185867,-37.9902038849089));
#7955=CARTESIAN_POINT('Ctrl Pts',(9.9463387751274,9.00695540546683,-39.1646597598774));
#7956=CARTESIAN_POINT('Ctrl Pts',(9.94350195876835,9.02581619578271,-39.7539923469361));
#7957=CARTESIAN_POINT('Ctrl Pts',(9.92441636734499,3.25012593968954,-39.7514712240007));
#7958=CARTESIAN_POINT('Ctrl Pts',(9.92633601953492,3.26260383183598,-39.155331488221));
#7959=CARTESIAN_POINT('Ctrl Pts',(9.94586977088094,3.3871391668113,-37.9659290724646));
#7960=CARTESIAN_POINT('Ctrl Pts',(10.0125905666895,3.8648791069526,-36.5313836579314));
#7961=CARTESIAN_POINT('Ctrl Pts',(10.0739897272208,4.46223379072062,-35.648357498065));
#7962=CARTESIAN_POINT('Ctrl Pts',(10.1077401215604,4.90543538405984,-35.2229538227423));
#7963=CARTESIAN_POINT('Ctrl Pts',(10.1375663909363,5.41685036679205,-34.8746656125742));
#7964=CARTESIAN_POINT('Ctrl Pts',(10.1581737209234,6.1990407162594,-34.6561078994186));
#7965=CARTESIAN_POINT('Ctrl Pts',(10.1377208399447,6.98285314257795,-34.873374813539));
#7966=CARTESIAN_POINT('Ctrl Pts',(10.107852221588,7.49412320348198,-35.2219770777357));
#7967=CARTESIAN_POINT('Ctrl Pts',(10.0741247347864,7.9374883143569,-35.6470081307619));
#7968=CARTESIAN_POINT('Ctrl Pts',(10.012669634705,8.53479337660389,-36.5307327508345));
#7969=CARTESIAN_POINT('Ctrl Pts',(9.94597100140555,9.01256280377246,-37.9635405408044));
#7970=CARTESIAN_POINT('Ctrl Pts',(9.92633669988692,9.13739174582253,-39.1551201867016));
#7971=CARTESIAN_POINT('Ctrl Pts',(9.92441636732004,9.14987406047266,-39.7514712317495));
#7972=CARTESIAN_POINT('Ctrl Pts',(8.39997146364737,7.36375044082119,-36.2971548779676));
#7973=CARTESIAN_POINT('Ctrl Pts',(8.41290771538736,7.41458682608195,-36.4059714522648));
#7974=CARTESIAN_POINT('Ctrl Pts',(8.48313298786012,7.65359056305273,-36.9844392086278));
#7975=CARTESIAN_POINT('Ctrl Pts',(8.63948618910025,7.91346432120046,-38.1397937605053));
#7976=CARTESIAN_POINT('Ctrl Pts',(8.80890962423329,7.99005897524116,-39.2152665882482));
#7977=CARTESIAN_POINT('Ctrl Pts',(8.89856523949358,7.99830763611173,-39.7514712221855));
#7978=CARTESIAN_POINT('Origin',(-9.25,6.2,22.));
#7979=CARTESIAN_POINT('Origin',(6.72998748435056,8.00000011920929,-39.7514712240007));
#7980=CARTESIAN_POINT('',(8.28883321116255,8.00000011920929,-38.8514712240007));
#7981=CARTESIAN_POINT('Origin',(8.28883321116255,6.2,-38.8514712240007));
#7982=CARTESIAN_POINT('Origin',(8.28883321116255,4.4,-38.8514712240007));
#7983=CARTESIAN_POINT('Origin',(-28.65,-4.8,22.));
#7984=CARTESIAN_POINT('',(-25.9179491924311,-4.8,21.96));
#7985=CARTESIAN_POINT('',(-12.225,-4.8,21.96));
#7986=CARTESIAN_POINT('',(-25.7839745962156,-4.8,21.46));
#7987=CARTESIAN_POINT('Origin',(-24.9179491924311,-4.8,21.96));
#7988=CARTESIAN_POINT('',(-20.3222410496817,-4.8,12.));
#7989=CARTESIAN_POINT('',(-25.1930602624204,-4.8,20.4365063509461));
#7990=CARTESIAN_POINT('',(-20.3222410496817,-4.8,17.));
#7991=CARTESIAN_POINT('Origin',(-12.225,-5.8,21.96));
#7992=CARTESIAN_POINT('',(-24.9179491924311,-5.8,22.96));
#7993=CARTESIAN_POINT('',(-12.225,-5.8,22.96));
#7994=CARTESIAN_POINT('Origin',(-24.9179491924311,-5.8,21.96));
#7995=CARTESIAN_POINT('Origin',(-12.225,18.2,21.96));
#7996=CARTESIAN_POINT('',(-35.25,18.2,22.96));
#7997=CARTESIAN_POINT('Origin',(-34.6726497308104,18.2,21.96));
#7998=CARTESIAN_POINT('',(-24.9179491924311,18.2,22.96));
#7999=CARTESIAN_POINT('Origin',(-24.9179491924311,18.2,21.96));
#8000=CARTESIAN_POINT('',(-12.225,18.2,22.96));
#8001=CARTESIAN_POINT('Origin',(-35.25,25.6,22.96));
#8002=CARTESIAN_POINT('',(-35.25,23.6,22.96));
#8003=CARTESIAN_POINT('',(-35.25,25.6,22.96));
#8004=CARTESIAN_POINT('',(-34.0952994616208,25.6,20.96));
#8005=CARTESIAN_POINT('Origin',(-34.0952994616208,23.6,20.96));
#8006=CARTESIAN_POINT('',(-30.0916807872613,25.6,14.0255290418778));
#8007=CARTESIAN_POINT('Origin',(4.2,6.2,22.96));
#8008=CARTESIAN_POINT('',(-9.25,-11.2,22.96));
#8009=CARTESIAN_POINT('',(-2.525,-11.2,22.96));
#8010=CARTESIAN_POINT('',(-9.25,23.6,22.96));
#8011=CARTESIAN_POINT('Origin',(-9.25,6.2,22.96));
#8012=CARTESIAN_POINT('',(-12.225,23.6,22.96));
#8013=CARTESIAN_POINT('',(-24.9179491924311,0.700000000000001,22.96));
#8014=CARTESIAN_POINT('',(1.66913879425713,9.30106382978724,22.96));
#8015=CARTESIAN_POINT('',(1.04201837425755,8.99744596020701,22.96));
#8016=CARTESIAN_POINT('Ctrl Pts',(1.66913879425713,9.30106382978724,22.96));
#8017=CARTESIAN_POINT('Ctrl Pts',(1.66798054525915,9.30013733149844,22.96));
#8018=CARTESIAN_POINT('Ctrl Pts',(1.66682381690142,9.2992138875812,22.96));
#8019=CARTESIAN_POINT('Ctrl Pts',(1.48319745162733,9.15448303745519,22.9600000000056));
#8020=CARTESIAN_POINT('Ctrl Pts',(1.25613205358992,9.08578453524014,22.96));
#8021=CARTESIAN_POINT('Ctrl Pts',(1.04201837425755,8.99744596020701,22.96));
#8022=CARTESIAN_POINT('',(6.96,8.2,22.96));
#8023=CARTESIAN_POINT('Origin',(4.2,8.2,22.96));
#8024=CARTESIAN_POINT('',(6.96,4.2,22.96));
#8025=CARTESIAN_POINT('',(6.96,6.7,22.96));
#8026=CARTESIAN_POINT('',(1.66913882423675,3.09893610130282,22.96));
#8027=CARTESIAN_POINT('Origin',(4.2,4.2,22.96));
#8028=CARTESIAN_POINT('',(1.04201839597031,3.4025539538079,22.96));
#8029=CARTESIAN_POINT('Ctrl Pts',(1.04201839597031,3.4025539538079,22.96));
#8030=CARTESIAN_POINT('Ctrl Pts',(1.25624438427466,3.31416904939925,22.96));
#8031=CARTESIAN_POINT('Ctrl Pts',(1.48651810428039,3.24398599820402,22.959999999966));
#8032=CARTESIAN_POINT('Ctrl Pts',(1.66832506233041,3.09958724750782,22.9599999999987));
#8033=CARTESIAN_POINT('Ctrl Pts',(1.66873194824023,3.09926156659112,22.96));
#8034=CARTESIAN_POINT('Ctrl Pts',(1.66913882001906,3.0989360994679,22.96));
#8035=CARTESIAN_POINT('',(0.752160137366001,3.45999990612269,22.96));
#8036=CARTESIAN_POINT('Origin',(0.752160137366001,2.69999990612268,22.96));
#8037=CARTESIAN_POINT('',(0.54336506737387,3.45999990612268,22.96));
#8038=CARTESIAN_POINT('',(2.1,3.45999990612268,22.96));
#8039=CARTESIAN_POINT('',(-0.172303918318838,2.95576914375218,22.96));
#8040=CARTESIAN_POINT('Origin',(0.54336506737387,2.69999990612268,22.96));
#8041=CARTESIAN_POINT('',(-0.172303887220263,9.44423076923077,22.96));
#8042=CARTESIAN_POINT('Origin',(-9.25,6.2,22.96));
#8043=CARTESIAN_POINT('',(0.543365100924197,8.94,22.96));
#8044=CARTESIAN_POINT('Origin',(0.543365100924197,9.7,22.96));
#8045=CARTESIAN_POINT('',(0.752160096524204,8.94,22.96));
#8046=CARTESIAN_POINT('',(2.1,8.94,22.96));
#8047=CARTESIAN_POINT('Origin',(0.752160096524204,9.7,22.96));
#8048=CARTESIAN_POINT('Origin',(-12.225,23.6,20.96));
#8049=CARTESIAN_POINT('Origin',(-9.25,23.6,20.96));
#8050=CARTESIAN_POINT('',(-12.225,25.6,20.96));
#8051=CARTESIAN_POINT('Origin',(-9.25,6.2,20.96));
#8052=CARTESIAN_POINT('Origin',(-9.25,-11.2,20.96));
#8053=CARTESIAN_POINT('Origin',(-2.525,-11.2,20.96));
#8054=CARTESIAN_POINT('',(-2.525,-13.2,20.96));
#8055=CARTESIAN_POINT('Origin',(-24.9179491924311,0.700000000000001,21.96));
#8056=CARTESIAN_POINT('',(-25.7839745962156,0.700000000000001,21.46));
#8057=CARTESIAN_POINT('Origin',(0.,4.2,0.));
#8058=CARTESIAN_POINT('',(0.,7.77522615170051,20.8));
#8059=CARTESIAN_POINT('Ctrl Pts',(0.,7.77522615170051,20.8));
#8060=CARTESIAN_POINT('Ctrl Pts',(-7.37017587751123E-18,7.90646894859129,
20.8));
#8061=CARTESIAN_POINT('Ctrl Pts',(0.,8.06104263315916,20.8301745478597));
#8062=CARTESIAN_POINT('Ctrl Pts',(0.,8.18865400849718,20.8808484854));
#8063=CARTESIAN_POINT('Ctrl Pts',(-5.20024034039031E-19,8.19431590023944,
20.8831493494632));
#8064=CARTESIAN_POINT('Ctrl Pts',(-3.28319173567371E-19,8.19999999999968,
20.88551393793));
#8065=CARTESIAN_POINT('',(0.,4.62477376389346,20.8));
#8066=CARTESIAN_POINT('',(0.,6.45,20.8));
#8067=CARTESIAN_POINT('',(1.30883531009734E-16,4.20000000000048,20.8855139039327));
#8068=CARTESIAN_POINT('Ctrl Pts',(1.96059685683274E-19,4.20000000000059,
20.8855139039327));
#8069=CARTESIAN_POINT('Ctrl Pts',(-1.83034799389503E-19,4.20568407252447,
20.883149327299));
#8070=CARTESIAN_POINT('Ctrl Pts',(0.,4.21134593721453,20.8808484744643));
#8071=CARTESIAN_POINT('Ctrl Pts',(0.,4.33895728470912,20.83017454769));
#8072=CARTESIAN_POINT('Ctrl Pts',(0.,4.49353096804083,20.8));
#8073=CARTESIAN_POINT('Ctrl Pts',(0.,4.62477376389346,20.8));
#8074=CARTESIAN_POINT('',(0.,4.2,0.));
#8075=CARTESIAN_POINT('',(0.,7.8,15.));
#8076=CARTESIAN_POINT('Origin',(0.,6.2,15.));
#8077=CARTESIAN_POINT('Origin',(-9.25,-13.2,22.));
#8078=CARTESIAN_POINT('Origin',(-28.65,25.6,22.));
#8079=CARTESIAN_POINT('Origin',(4.2,4.2,0.));
#8080=CARTESIAN_POINT('',(0.0477410277507254,3.56853707363346,21.8));
#8081=CARTESIAN_POINT('Ctrl Pts',(0.0477410277507256,3.56853707363346,21.8));
#8082=CARTESIAN_POINT('Ctrl Pts',(0.0477410277507256,3.56853707363346,21.7017667805527));
#8083=CARTESIAN_POINT('Ctrl Pts',(0.0453281157241141,3.58386356287507,21.6042059386747));
#8084=CARTESIAN_POINT('Ctrl Pts',(0.0357300755523624,3.65197503535885,21.3916781726153));
#8085=CARTESIAN_POINT('Ctrl Pts',(0.0276082131381027,3.71267403631917,21.2817914292296));
#8086=CARTESIAN_POINT('Ctrl Pts',(0.0116443496408156,3.87619844441711,21.0835180332716));
#8087=CARTESIAN_POINT('Ctrl Pts',(0.00415659471395312,3.97977704704932,
20.9989002640732));
#8088=CARTESIAN_POINT('Ctrl Pts',(0.000447003749805689,4.13006307535129,
20.9167788670767));
#8089=CARTESIAN_POINT('Ctrl Pts',(-4.03487215004944E-15,4.16466466497634,
20.9002134186186));
#8090=CARTESIAN_POINT('Ctrl Pts',(7.98105368954071E-30,4.20000000000048,
20.8855139039327));
#8091=CARTESIAN_POINT('',(0.0477410277507254,3.56853707363346,22.));
#8092=CARTESIAN_POINT('',(0.0477410277507254,3.56853707363346,22.96));
#8093=CARTESIAN_POINT('Origin',(4.2,4.2,22.));
#8094=CARTESIAN_POINT('Origin',(-20.3222410496817,-4.8,12.));
#8095=CARTESIAN_POINT('',(-20.3222410496817,0.700000000000001,12.));
#8096=CARTESIAN_POINT('Origin',(-10.,6.2,15.));
#8097=CARTESIAN_POINT('',(-5.8,7.8,15.));
#8098=CARTESIAN_POINT('Origin',(-5.8,6.2,15.));
#8099=CARTESIAN_POINT('',(-4.2,7.8,15.));
#8100=CARTESIAN_POINT('',(-10.,7.8,15.));
#8101=CARTESIAN_POINT('Origin',(-4.2,6.2,15.));
#8102=CARTESIAN_POINT('Origin',(-5.8,6.2,15.));
#8103=CARTESIAN_POINT('',(-5.8,8.8,15.));
#8104=CARTESIAN_POINT('Origin',(-5.8,6.2,15.));
#8105=CARTESIAN_POINT('Origin',(-5.8,6.2,15.));
#8106=CARTESIAN_POINT('',(-22.0542918572506,8.8,15.));
#8107=CARTESIAN_POINT('',(-5.8,8.8,15.));
#8108=CARTESIAN_POINT('Origin',(-22.0542918572506,6.2,15.));
#8109=CARTESIAN_POINT('Origin',(-10.,6.2,15.));
#8110=CARTESIAN_POINT('',(-1.6,7.8,15.));
#8111=CARTESIAN_POINT('Origin',(-1.6,6.2,15.));
#8112=CARTESIAN_POINT('',(-10.,7.8,15.));
#8113=CARTESIAN_POINT('Origin',(-1.6,6.2,15.));
#8114=CARTESIAN_POINT('',(-1.6,9.,18.2331615074619));
#8115=CARTESIAN_POINT('',(-1.6,9.,13.383419246269));
#8116=CARTESIAN_POINT('',(-1.6,9.,14.1917096231345));
#8117=CARTESIAN_POINT('',(-1.6,6.2,11.7668384925381));
#8118=CARTESIAN_POINT('',(-1.6,6.9,12.1709836809708));
#8119=CARTESIAN_POINT('',(-1.6,3.4,13.383419246269));
#8120=CARTESIAN_POINT('',(-1.6,4.1,12.9792740578363));
#8121=CARTESIAN_POINT('',(-1.6,3.4,18.2331615074619));
#8122=CARTESIAN_POINT('',(-1.6,3.4,16.616580753731));
#8123=CARTESIAN_POINT('',(-1.6,7.6,18.2331615074619));
#8124=CARTESIAN_POINT('',(-1.6,4.16366342009316,16.616580753731));
#8125=CARTESIAN_POINT('',(-1.6,4.2,16.616580753731));
#8126=CARTESIAN_POINT('',(-1.6,5.2,16.616580753731));
#8127=CARTESIAN_POINT('',(-1.6,4.2,16.6613247725836));
#8128=CARTESIAN_POINT('',(-1.6,4.2,15.8306623862918));
#8129=CARTESIAN_POINT('Origin',(-1.6,6.2,15.));
#8130=CARTESIAN_POINT('',(-1.6,8.2,16.6613247725836));
#8131=CARTESIAN_POINT('',(-1.6,8.2,16.616580753731));
#8132=CARTESIAN_POINT('',(-1.6,8.2,15.8082903768655));
#8133=CARTESIAN_POINT('',(-1.6,8.23633657990683,16.616580753731));
#8134=CARTESIAN_POINT('',(-1.6,7.21816828995342,16.616580753731));
#8135=CARTESIAN_POINT('Origin',(-1.6,6.2,15.));
#8136=CARTESIAN_POINT('Origin',(-4.2,6.2,15.));
#8137=CARTESIAN_POINT('',(-4.2,9.,18.2331615074619));
#8138=CARTESIAN_POINT('',(-4.2,9.,13.383419246269));
#8139=CARTESIAN_POINT('',(-4.2,9.,14.1917096231345));
#8140=CARTESIAN_POINT('',(-4.2,3.4,18.2331615074619));
#8141=CARTESIAN_POINT('',(-4.2,7.6,18.2331615074619));
#8142=CARTESIAN_POINT('',(-4.2,3.4,13.383419246269));
#8143=CARTESIAN_POINT('',(-4.2,3.4,16.616580753731));
#8144=CARTESIAN_POINT('',(-4.2,6.2,11.7668384925381));
#8145=CARTESIAN_POINT('',(-4.2,4.1,12.9792740578363));
#8146=CARTESIAN_POINT('',(-4.2,6.9,12.1709836809708));
#8147=CARTESIAN_POINT('',(-4.2,4.16366342009316,16.616580753731));
#8148=CARTESIAN_POINT('',(-4.2,4.2,16.616580753731));
#8149=CARTESIAN_POINT('',(-4.2,5.2,16.616580753731));
#8150=CARTESIAN_POINT('',(-4.2,4.2,16.6613247725836));
#8151=CARTESIAN_POINT('Origin',(-4.2,6.2,15.));
#8152=CARTESIAN_POINT('',(-4.2,4.2,15.8306623862918));
#8153=CARTESIAN_POINT('',(-4.2,8.2,16.6613247725836));
#8154=CARTESIAN_POINT('',(-4.2,8.2,16.616580753731));
#8155=CARTESIAN_POINT('',(-4.2,8.2,15.8082903768655));
#8156=CARTESIAN_POINT('',(-4.2,8.23633657990683,16.616580753731));
#8157=CARTESIAN_POINT('Origin',(-4.2,6.2,15.));
#8158=CARTESIAN_POINT('',(-4.2,7.21816828995342,16.616580753731));
#8159=CARTESIAN_POINT('Origin',(-1.6,9.,18.2331615074619));
#8160=CARTESIAN_POINT('',(-1.6,9.,18.2331615074619));
#8161=CARTESIAN_POINT('',(-1.6,9.,13.383419246269));
#8162=CARTESIAN_POINT('Origin',(-1.6,9.,13.383419246269));
#8163=CARTESIAN_POINT('',(-1.6,6.2,11.7668384925381));
#8164=CARTESIAN_POINT('Origin',(-1.6,6.2,11.7668384925381));
#8165=CARTESIAN_POINT('',(-1.6,3.4,13.383419246269));
#8166=CARTESIAN_POINT('Origin',(-1.6,3.4,13.383419246269));
#8167=CARTESIAN_POINT('',(-1.6,3.4,18.2331615074619));
#8168=CARTESIAN_POINT('Origin',(-1.6,3.4,18.2331615074619));
#8169=CARTESIAN_POINT('Origin',(-1.6,4.16366342009316,16.616580753731));
#8170=CARTESIAN_POINT('',(-1.6,4.16366342009316,16.616580753731));
#8171=CARTESIAN_POINT('',(-1.6,4.2,16.616580753731));
#8172=CARTESIAN_POINT('Origin',(-1.6,4.2,16.616580753731));
#8173=CARTESIAN_POINT('',(-1.6,4.2,16.6613247725836));
#8174=CARTESIAN_POINT('Origin',(-1.6,6.2,15.));
#8175=CARTESIAN_POINT('Origin',(-1.6,8.2,16.6613247725836));
#8176=CARTESIAN_POINT('',(-1.6,8.2,16.6613247725836));
#8177=CARTESIAN_POINT('',(-1.6,8.2,16.616580753731));
#8178=CARTESIAN_POINT('Origin',(-1.6,8.2,16.616580753731));
#8179=CARTESIAN_POINT('',(-1.6,8.23633657990683,16.616580753731));
#8180=CARTESIAN_POINT('Origin',(-1.6,6.2,15.));
#8181=CARTESIAN_POINT('Origin',(7.65,7.2,22.5));
#8182=CARTESIAN_POINT('',(6.9,8.2,23.));
#8183=CARTESIAN_POINT('',(6.9,4.2,23.));
#8184=CARTESIAN_POINT('Origin',(4.2,8.2,22.5));
#8185=CARTESIAN_POINT('',(0.543365100924198,8.7,22.3395593181402));
#8186=CARTESIAN_POINT('Ctrl Pts',(0.543365100924198,8.7,22.3395593181402));
#8187=CARTESIAN_POINT('Ctrl Pts',(0.497771374851685,8.7,22.3094437356097));
#8188=CARTESIAN_POINT('Ctrl Pts',(0.453108775350293,8.70314420485092,22.2796518811674));
#8189=CARTESIAN_POINT('Ctrl Pts',(0.410276553594481,8.70889584877791,22.2508407673519));
#8190=CARTESIAN_POINT('Ctrl Pts',(0.288838223905558,8.72520296530902,22.1691552186036));
#8191=CARTESIAN_POINT('Ctrl Pts',(0.162850166447752,8.76577670121061,22.0824510105696));
#8192=CARTESIAN_POINT('Ctrl Pts',(0.0477410172932171,8.83146285760196,22.));
#8193=CARTESIAN_POINT('',(1.13355256722598,8.77558678974606,22.7199999994393));
#8194=CARTESIAN_POINT('Ctrl Pts',(1.66913879425713,9.30106382978724,22.96));
#8195=CARTESIAN_POINT('Ctrl Pts',(1.62855261044231,9.20777405372954,22.96));
#8196=CARTESIAN_POINT('Ctrl Pts',(1.57041441449782,9.11571535629277,22.9447766110191));
#8197=CARTESIAN_POINT('Ctrl Pts',(1.43188109832142,8.95911675194501,22.8875081177314));
#8198=CARTESIAN_POINT('Ctrl Pts',(1.35158022359972,8.89433042673581,22.8459100301712));
#8199=CARTESIAN_POINT('Ctrl Pts',(1.22917799322397,8.81958570164046,22.7769786076634));
#8200=CARTESIAN_POINT('Ctrl Pts',(1.1822537025782,8.79567980242103,22.749438930232));
#8201=CARTESIAN_POINT('Ctrl Pts',(1.1335525674467,8.77558678983712,22.719999999012));
#8202=CARTESIAN_POINT('',(0.752160096524205,8.7,22.4773960972889));
#8203=CARTESIAN_POINT('Ctrl Pts',(1.1335525674467,8.77558678983712,22.719999999012));
#8204=CARTESIAN_POINT('Ctrl Pts',(1.07370898300323,8.7508966487954,22.6838256642325));
#8205=CARTESIAN_POINT('Ctrl Pts',(1.01117266282369,8.73198266136523,22.6447868767749));
#8206=CARTESIAN_POINT('Ctrl Pts',(0.882614458421954,8.70630355833856,22.5628539172041));
#8207=CARTESIAN_POINT('Ctrl Pts',(0.816487142583727,8.7,22.519836845416));
#8208=CARTESIAN_POINT('Ctrl Pts',(0.752160096524204,8.7,22.4773960972889));
#8209=CARTESIAN_POINT('Ctrl Pts',(0.752160096524415,8.7,22.477396097289));
#8210=CARTESIAN_POINT('Ctrl Pts',(0.650771103995974,8.7,22.4105031656474));
#8211=CARTESIAN_POINT('Ctrl Pts',(0.543365100924196,8.7,22.3395593181402));
#8212=CARTESIAN_POINT('Origin',(4.2,4.2,22.5));
#8213=CARTESIAN_POINT('',(0.543365067373868,3.69999990612269,22.3395592875007));
#8214=CARTESIAN_POINT('Ctrl Pts',(0.0477410277507254,3.56853707363346,22.));
#8215=CARTESIAN_POINT('Ctrl Pts',(0.162850157959734,3.634223211482,22.0824509967501));
#8216=CARTESIAN_POINT('Ctrl Pts',(0.288838190342517,3.67479693794811,22.1691551878437));
#8217=CARTESIAN_POINT('Ctrl Pts',(0.45310872640279,3.69685570021428,22.2796518404028));
#8218=CARTESIAN_POINT('Ctrl Pts',(0.497771333408391,3.69999990612269,22.3094436998555));
#8219=CARTESIAN_POINT('Ctrl Pts',(0.543365067373868,3.69999990612269,22.3395592875007));
#8220=CARTESIAN_POINT('',(0.752160137366002,3.69999990612269,22.4773961152529));
#8221=CARTESIAN_POINT('Ctrl Pts',(0.543365067373869,3.69999990612268,22.3395592875007));
#8222=CARTESIAN_POINT('Ctrl Pts',(0.650771109766673,3.69999990612268,22.4105031607477));
#8223=CARTESIAN_POINT('Ctrl Pts',(0.752160137366215,3.69999990612268,22.477396115253));
#8224=CARTESIAN_POINT('',(1.13355258289799,3.62441312676112,22.7199999994393));
#8225=CARTESIAN_POINT('Ctrl Pts',(0.752160137366002,3.69999990612269,22.4773961152529));
#8226=CARTESIAN_POINT('Ctrl Pts',(0.81648717486014,3.69999990612269,22.5198368575544));
#8227=CARTESIAN_POINT('Ctrl Pts',(0.88261448143711,3.69369634949253,22.5628539230863));
#8228=CARTESIAN_POINT('Ctrl Pts',(1.01117267730844,3.66801725180982,22.6447868767749));
#8229=CARTESIAN_POINT('Ctrl Pts',(1.07370899800297,3.64910326608237,22.6838256642325));
#8230=CARTESIAN_POINT('Ctrl Pts',(1.1335525831187,3.62441312667006,22.719999999012));
#8231=CARTESIAN_POINT('Ctrl Pts',(1.1335525831187,3.62441312667006,22.719999999012));
#8232=CARTESIAN_POINT('Ctrl Pts',(1.18225371879729,3.60432011541218,22.749438930232));
#8233=CARTESIAN_POINT('Ctrl Pts',(1.22917801009397,3.5804142174704,22.7769786076634));
#8234=CARTESIAN_POINT('Ctrl Pts',(1.35158024250486,3.50566949570781,22.8459100301712));
#8235=CARTESIAN_POINT('Ctrl Pts',(1.43188111899055,3.44088317268503,22.8875081177314));
#8236=CARTESIAN_POINT('Ctrl Pts',(1.57041443943079,3.28428457210923,22.9447766110191));
#8237=CARTESIAN_POINT('Ctrl Pts',(1.62855263788184,3.19222587625545,22.96));
#8238=CARTESIAN_POINT('Ctrl Pts',(1.66913882423675,3.09893610130282,22.96));
#8239=CARTESIAN_POINT('Origin',(0.752160096524204,9.7,22.96));
#8240=CARTESIAN_POINT('',(0.752160096524204,8.7,22.72));
#8241=CARTESIAN_POINT('Origin',(0.752160096524204,9.7,22.72));
#8242=CARTESIAN_POINT('',(0.752160096524204,8.7,22.96));
#8243=CARTESIAN_POINT('Origin',(-9.325,6.2,20.8));
#8244=CARTESIAN_POINT('',(-1.33997434156122,9.02692307692308,20.8));
#8245=CARTESIAN_POINT('Origin',(0.543365100924197,9.7,20.8));
#8246=CARTESIAN_POINT('',(-1.33997436865957,3.37307684725294,20.8));
#8247=CARTESIAN_POINT('Origin',(-9.25,6.2,20.8));
#8248=CARTESIAN_POINT('Origin',(0.54336506737387,2.69999990612268,20.8));
#8249=CARTESIAN_POINT('Origin',(0.543365100924197,9.7,21.8));
#8250=CARTESIAN_POINT('',(-0.398304620318516,9.36346153846154,21.8));
#8251=CARTESIAN_POINT('Origin',(0.543365100924197,9.7,21.8));
#8252=CARTESIAN_POINT('Origin',(-1.33997434156122,9.02692307692308,21.8));
#8253=CARTESIAN_POINT('Origin',(-9.25,6.2,21.8));
#8254=CARTESIAN_POINT('',(-0.39830465064285,3.03653837668781,21.8));
#8255=CARTESIAN_POINT('Origin',(-9.25,6.2,21.8));
#8256=CARTESIAN_POINT('Origin',(-1.33997436865957,3.37307684725294,21.8));
#8257=CARTESIAN_POINT('Origin',(0.54336506737387,2.69999990612268,21.8));
#8258=CARTESIAN_POINT('Origin',(0.54336506737387,2.69999990612268,21.8));
#8259=CARTESIAN_POINT('Origin',(0.752160137366001,2.69999990612268,22.96));
#8260=CARTESIAN_POINT('',(0.752160137366001,3.69999990612268,22.72));
#8261=CARTESIAN_POINT('Origin',(0.752160137366001,2.69999990612268,22.72));
#8262=CARTESIAN_POINT('',(0.752160137366001,3.69999990612268,22.96));
#8263=CARTESIAN_POINT('Origin',(0.,3.69999990612268,20.8));
#8264=CARTESIAN_POINT('',(0.54336506737387,3.69999990612268,22.72));
#8265=CARTESIAN_POINT('',(2.1,3.69999990612268,22.72));
#8266=CARTESIAN_POINT('',(0.54336506737387,3.69999990612268,22.96));
#8267=CARTESIAN_POINT('Origin',(0.54336506737387,2.69999990612268,22.96));
#8268=CARTESIAN_POINT('',(-0.39830465064285,3.03653837668781,22.72));
#8269=CARTESIAN_POINT('Origin',(0.54336506737387,2.69999990612268,22.72));
#8270=CARTESIAN_POINT('',(-0.39830465064285,3.03653837668781,22.96));
#8271=CARTESIAN_POINT('Origin',(-9.25,6.2,22.));
#8272=CARTESIAN_POINT('',(-0.398304620318516,9.36346153846154,22.72));
#8273=CARTESIAN_POINT('Origin',(-9.25,6.2,22.72));
#8274=CARTESIAN_POINT('',(-0.398304620318516,9.36346153846154,22.96));
#8275=CARTESIAN_POINT('Origin',(0.543365100924197,9.7,22.96));
#8276=CARTESIAN_POINT('',(0.543365100924197,8.7,22.72));
#8277=CARTESIAN_POINT('Origin',(0.543365100924197,9.7,22.72));
#8278=CARTESIAN_POINT('',(0.543365100924197,8.7,22.96));
#8279=CARTESIAN_POINT('Origin',(0.,8.7,22.96));
#8280=CARTESIAN_POINT('',(2.1,8.7,22.72));
#8281=CARTESIAN_POINT('Ctrl Pts',(1.13355256776623,8.77558678996895,22.7199999992051));
#8282=CARTESIAN_POINT('Ctrl Pts',(1.33323947825795,8.85797319838534,22.8407070259903));
#8283=CARTESIAN_POINT('Ctrl Pts',(1.56039151803276,9.05161637403956,22.9596641730999));
#8284=CARTESIAN_POINT('Ctrl Pts',(1.6677992036759,9.29800792972567,22.9599922611085));
#8285=CARTESIAN_POINT('Ctrl Pts',(1.66846968448511,9.29952584087272,22.96));
#8286=CARTESIAN_POINT('Ctrl Pts',(1.66913879425713,9.30106382978724,22.96));
#8287=CARTESIAN_POINT('Ctrl Pts',(1.13355256784559,8.77558678977659,22.7828318524094));
#8288=CARTESIAN_POINT('Ctrl Pts',(1.32088673583958,8.88782811383005,22.883494343954));
#8289=CARTESIAN_POINT('Ctrl Pts',(1.54761907588261,9.06968891394667,22.9595684974598));
#8290=CARTESIAN_POINT('Ctrl Pts',(1.66763620807723,9.29820475927772,22.9599957682371));
#8291=CARTESIAN_POINT('Ctrl Pts',(1.66838816128078,9.299627755977,22.96));
#8292=CARTESIAN_POINT('Ctrl Pts',(1.66913879425713,9.30106382978724,22.96));
#8293=CARTESIAN_POINT('Ctrl Pts',(1.11368121020214,8.82375068076955,22.9078978763069));
#8294=CARTESIAN_POINT('Ctrl Pts',(1.29395643861712,8.9620955911732,22.9431930243615));
#8295=CARTESIAN_POINT('Ctrl Pts',(1.52216395684419,9.10402980578231,22.9597427636339));
#8296=CARTESIAN_POINT('Ctrl Pts',(1.66730984156021,9.29860648304749,22.9599996213032));
#8297=CARTESIAN_POINT('Ctrl Pts',(1.66822511487213,9.29983158618558,22.96));
#8298=CARTESIAN_POINT('Ctrl Pts',(1.66913879425713,9.30106382978724,22.96));
#8299=CARTESIAN_POINT('Ctrl Pts',(1.06598197013134,8.9393633651386,22.96));
#8300=CARTESIAN_POINT('Ctrl Pts',(1.26857156786321,9.04490362725334,22.9593431042068));
#8301=CARTESIAN_POINT('Ctrl Pts',(1.49619037627606,9.13766245848372,22.9599484895516));
#8302=CARTESIAN_POINT('Ctrl Pts',(1.66698580411059,9.2990114380912,22.9600002111085));
#8303=CARTESIAN_POINT('Ctrl Pts',(1.66806206846347,9.30003541639415,22.96));
#8304=CARTESIAN_POINT('Ctrl Pts',(1.66913879425713,9.30106382978724,22.96));
#8305=CARTESIAN_POINT('Ctrl Pts',(1.04201837425755,8.99744596020701,22.96));
#8306=CARTESIAN_POINT('Ctrl Pts',(1.25613205358992,9.08578453524014,22.96));
#8307=CARTESIAN_POINT('Ctrl Pts',(1.48319745162733,9.15448303745519,22.9600000000056));
#8308=CARTESIAN_POINT('Ctrl Pts',(1.66682381690142,9.2992138875812,22.96));
#8309=CARTESIAN_POINT('Ctrl Pts',(1.66798054525915,9.30013733149844,22.96));
#8310=CARTESIAN_POINT('Ctrl Pts',(1.66913879425713,9.30106382978724,22.96));
#8311=CARTESIAN_POINT('Origin',(1.04201837425755,8.99744596020701,22.72));
#8312=CARTESIAN_POINT('Ctrl Pts',(1.66913882771242,3.09893609331378,22.96));
#8313=CARTESIAN_POINT('Ctrl Pts',(1.66890377964974,3.0994763653334,22.96));
#8314=CARTESIAN_POINT('Ctrl Pts',(1.66866819162148,3.10000800778976,22.9599967472461));
#8315=CARTESIAN_POINT('Ctrl Pts',(1.56334036387645,3.34639125477995,22.9613440656214));
#8316=CARTESIAN_POINT('Ctrl Pts',(1.33334423563437,3.5419835103741,22.8407703390476));
#8317=CARTESIAN_POINT('Ctrl Pts',(1.13355258343823,3.62441312653823,22.7199999992051));
#8318=CARTESIAN_POINT('Ctrl Pts',(1.66913882771242,3.09893609331378,22.96));
#8319=CARTESIAN_POINT('Ctrl Pts',(1.66887638951736,3.09914152151539,22.9599388447938));
#8320=CARTESIAN_POINT('Ctrl Pts',(1.66852678007009,3.10011213303896,22.9600561606458));
#8321=CARTESIAN_POINT('Ctrl Pts',(1.53709261606871,3.30574383459459,22.9573158316908));
#8322=CARTESIAN_POINT('Ctrl Pts',(1.31182737189321,3.47587986155777,22.9259617287216));
#8323=CARTESIAN_POINT('Ctrl Pts',(1.13355258359696,3.62441312692296,22.8456637056137));
#8324=CARTESIAN_POINT('Ctrl Pts',(1.66913882771242,3.09893609331378,22.96));
#8325=CARTESIAN_POINT('Ctrl Pts',(1.66879967685449,3.09939251580053,22.96));
#8326=CARTESIAN_POINT('Ctrl Pts',(1.66842942389973,3.09967461901502,22.9599999999987));
#8327=CARTESIAN_POINT('Ctrl Pts',(1.51280583731534,3.27832552000274,22.959999999966));
#8328=CARTESIAN_POINT('Ctrl Pts',(1.28205134718678,3.39721926192375,22.96));
#8329=CARTESIAN_POINT('Ctrl Pts',(1.08994558455495,3.51871914524968,22.96));
#8330=CARTESIAN_POINT('Ctrl Pts',(1.66913882771242,3.09893609331378,22.96));
#8331=CARTESIAN_POINT('Ctrl Pts',(1.66873195336932,3.09926156248568,22.96));
#8332=CARTESIAN_POINT('Ctrl Pts',(1.66832506490099,3.09958724546615,22.9599999999987));
#8333=CARTESIAN_POINT('Ctrl Pts',(1.48651810428039,3.24398599820402,22.959999999966));
#8334=CARTESIAN_POINT('Ctrl Pts',(1.25624438427466,3.31416904939925,22.96));
#8335=CARTESIAN_POINT('Ctrl Pts',(1.04201839597031,3.4025539538079,22.96));
#8336=CARTESIAN_POINT('Origin',(1.04201839597031,3.4025539538079,22.72));
#8337=CARTESIAN_POINT('Origin',(0.752160096524204,9.7,22.72));
#8338=CARTESIAN_POINT('Origin',(0.752160096524204,8.94,22.72));
#8339=CARTESIAN_POINT('Origin',(2.1,8.94,22.72));
#8340=CARTESIAN_POINT('Origin',(0.543365100924197,8.94,22.72));
#8341=CARTESIAN_POINT('Origin',(0.543365100924197,9.7,22.72));
#8342=CARTESIAN_POINT('Origin',(-0.172303887220263,9.44423076923077,22.72));
#8343=CARTESIAN_POINT('Origin',(-9.25,6.2,22.72));
#8344=CARTESIAN_POINT('Origin',(-0.172303918318838,2.95576914375218,22.72));
#8345=CARTESIAN_POINT('Origin',(0.54336506737387,2.69999990612268,22.72));
#8346=CARTESIAN_POINT('Origin',(0.54336506737387,3.45999990612268,22.72));
#8347=CARTESIAN_POINT('Origin',(2.1,3.45999990612268,22.72));
#8348=CARTESIAN_POINT('Origin',(0.752160137366001,3.45999990612269,22.72));
#8349=CARTESIAN_POINT('Origin',(0.752160137366001,2.69999990612268,22.72));
#8350=CARTESIAN_POINT('Origin',(-26.65,-4.8,22.96));
#8351=UNCERTAINTY_MEASURE_WITH_UNIT(LENGTH_MEASURE(0.01),#8355,
'DISTANCE_ACCURACY_VALUE',
'Maximum model space distance between geometric entities at asserted c
onnectivities');
#8352=UNCERTAINTY_MEASURE_WITH_UNIT(LENGTH_MEASURE(0.01),#8355,
'DISTANCE_ACCURACY_VALUE',
'Maximum model space distance between geometric entities at asserted c
onnectivities');
#8353=(
GEOMETRIC_REPRESENTATION_CONTEXT(3)
GLOBAL_UNCERTAINTY_ASSIGNED_CONTEXT((#8351))
GLOBAL_UNIT_ASSIGNED_CONTEXT((#8355,#8357,#8358))
REPRESENTATION_CONTEXT('','3D')
);
#8354=(
GEOMETRIC_REPRESENTATION_CONTEXT(3)
GLOBAL_UNCERTAINTY_ASSIGNED_CONTEXT((#8352))
GLOBAL_UNIT_ASSIGNED_CONTEXT((#8355,#8357,#8358))
REPRESENTATION_CONTEXT('','3D')
);
#8355=(
LENGTH_UNIT()
NAMED_UNIT(*)
SI_UNIT(.MILLI.,.METRE.)
);
#8356=(
LENGTH_UNIT()
NAMED_UNIT(*)
SI_UNIT($,.METRE.)
);
#8357=(
NAMED_UNIT(*)
PLANE_ANGLE_UNIT()
SI_UNIT($,.RADIAN.)
);
#8358=(
NAMED_UNIT(*)
SI_UNIT($,.STERADIAN.)
SOLID_ANGLE_UNIT()
);
#8359=SHAPE_DEFINITION_REPRESENTATION(#8360,#8361);
#8360=PRODUCT_DEFINITION_SHAPE('',$,#8363);
#8361=SHAPE_REPRESENTATION('',(#2606),#8353);
#8362=PRODUCT_DEFINITION_CONTEXT('part definition',#8367,'design');
#8363=PRODUCT_DEFINITION('Forerunner170ChargingStation',
'Forerunner170ChargingStation v8',#8364,#8362);
#8364=PRODUCT_DEFINITION_FORMATION('',$,#8369);
#8365=PRODUCT_RELATED_PRODUCT_CATEGORY(
'Forerunner170ChargingStation v8','Forerunner170ChargingStation v8',(#8369));
#8366=APPLICATION_PROTOCOL_DEFINITION('international standard',
'automotive_design',2009,#8367);
#8367=APPLICATION_CONTEXT(
'Core Data for Automotive Mechanical Design Process');
#8368=PRODUCT_CONTEXT('part definition',#8367,'mechanical');
#8369=PRODUCT('Forerunner170ChargingStation',
'Forerunner170ChargingStation v8',$,(#8368));
#8370=PRESENTATION_STYLE_ASSIGNMENT((#8371));
#8371=SURFACE_STYLE_USAGE(.BOTH.,#8372);
#8372=SURFACE_SIDE_STYLE('',(#8373));
#8373=SURFACE_STYLE_FILL_AREA(#8374);
#8374=FILL_AREA_STYLE('Steel - Satin',(#8375));
#8375=FILL_AREA_STYLE_COLOUR('Steel - Satin',#8376);
#8376=COLOUR_RGB('Steel - Satin',0.627450980392157,0.627450980392157,0.627450980392157);
ENDSEC;
END-ISO-10303-21;
